message,label
congratulations ur awarded either â£500 of cd gift vouchers & free entry 2 our â£100 weekly draw txt music to 87066 tncs www.ldew.com 1 win150ppmx3age16,1
"hot live fantasies call now 08707509020 just 20p per min ntt ltd, po box 1327 croydon cr9 5wb 0870..k",1
"you 07801543489 are guaranteed the latests nokia phone, a 40gb ipod mp3 player or a â£500 prize! txt word:collect to no:83355! tc-llc ny-usa 150p/mt msgrcvd18+",1
"freemsg why haven't you replied to my text? i'm randy, sexy, female and live local. luv to hear from u. netcollex ltd 08700621170150p per msg reply stop to end",1
private! your 2003 account statement for shows 800 un-redeemed s.i.m. points. call 08718738001 identifier code: 49557 expires 26/11/04,1
"urgent ur awarded a complimentary trip to eurodisinc trav, aco&entry41 or â£1000. to claim txt dis to 87121 18+6*â£1.50(morefrmmob. shracomorsglsuplt)10, ls1 3aj",1
"congrats 2 mobile 3g videophones r yours. call 09063458130 now! videochat wid ur mates, play java games, dload polyph music, noline rentl. bx420. ip4. 5we. 150p",1
great new offer - double mins & double txt on best orange tariffs and get latest camera phones 4 free! call mobileupd8 free on 08000839402 now! or 2stoptxt t&cs,1
"09066362231 urgent! your mobile no 07xxxxxxxxx won a â£2,000 bonus caller prize on 02/06/03! this is the 2nd attempt to reach you! call 09066362231 asap!",1
refused a loan? secured or unsecured? can't get credit? call free now 0800 195 6669 or text back 'help' & we will!,1
hard live 121 chat just 60p/min. choose your girl and connect live. call 09094646899 now! cheap chat uk's biggest live service. vu bcm1896wc1n3xx,1
"urgent! you have won a 1 week free membership in our â£100,000 prize jackpot! txt the word: claim to no: 81010 t&c www.dbuk.net lccltd pobox 4403ldnw1a7rw18",1
call from 08702490080 - tells u 2 call 09066358152 to claim â£5000 prize. u have 2 enter all ur mobile & personal details @ the prompts. careful!,1
uâve bin awarded â£50 to play 4 instant cash. call 08715203028 to claim. every 9th player wins min â£50-â£500. optout 08718727870,1
from www.applausestore.com monthlysubscription@50p/msg max6/month t&csc web age16 2stop txt stop,1
get a brand new mobile phone by being an agent of the mob! plus loads more goodies! for more info just text mat to 87021.,1
1000's of girls many local 2 u who r virgins 2 this & r ready 2 4fil ur every sexual need. can u 4fil theirs? text cute to 69911(â£1.50p. m),1
cds 4u: congratulations ur awarded â£500 of cd gift vouchers or â£125 gift guaranteed & freeentry 2 â£100 wkly draw xt music to 87066 tncs www.ldew.com1win150ppmx3age16,1
sorry i missed your call let's talk when you have the time. i'm on 07090201529,1
22 days to kick off! for euro2004 u will be kept up to date with the latest news and results daily. to be removed send get txt stop to 83222,1
free msg: single? find a partner in your area! 1000s of real people are waiting to chat now!send chat to 62220cncl send stopcs 08717890890â£1.50 per msg,1
we tried to call you re your reply to our sms for a video mobile 750 mins unlimited text + free camcorder reply of call 08000930705 now,1
u have a secret admirer who is looking 2 make contact with u-find out who they r*reveal who thinks ur so special-call on 09058094565,1
message important information for o2 user. today is your lucky day! 2 find out why log onto http://www.urawinner.com there is a fantastic surprise awaiting you,1
"our dating service has been asked 2 contact u by someone shy! call 09058091870 now all will be revealed. pobox84, m26 3uz 150p",1
we tried to contact you re your reply to our offer of a video phone 750 anytime any network mins half price line rental camcorder reply or call 08000930705,1
"urgent! call 09066350750 from your landline. your complimentary 4* ibiza holiday or 10,000 cash await collection sae t&cs po box 434 sk3 8wp 150 ppm 18+",1
please call 08712402972 immediately as there is an urgent message waiting for you,1
hi 07734396839 ibh customer loyalty offer: the new nokia6600 mobile from only â£10 at txtauction!txt word:start to no:81151 & get yours now!4t&,1
"free2day sexy st george's day pic of jordan!txt pic to 89080 dont miss out, then every wk a saucy celeb!4 more pics c pocketbabe.co.uk 0870241182716 â£3/wk",1
u have a secret admirer who is looking 2 make contact with u-find out who they r*reveal who thinks ur so special-call on 09058094599,1
"fantasy football is back on your tv. go to sky gamestar on sky active and play â£250k dream team. scoring starts on saturday, so register now!sky opt out to 88088",1
you have 1 new message. please call 08718738034.,1
would you like to see my xxx pics they are so hot they were nearly banned in the uk!,1
85233 free>ringtone!reply real,1
18 days to euro2004 kickoff! u will be kept informed of all the latest news and results daily. unsubscribe send get euro stop to 83222.,1
dear 0776xxxxxxx u've been invited to xchat. this is our final attempt to contact u! txt chat to 86688 150p/msgrcvdhg/suite342/2lands/row/w1j6hl ldn 18yrs,1
xmas iscoming & ur awarded either â£500 cd gift vouchers & free entry 2 r â£100 weekly draw txt music to 87066 tnc www.ldew.com1win150ppmx3age16subscription,1
"double mins & 1000 txts on orange tariffs. latest motorola, sonyericsson & nokia with bluetooth free! call mobileupd8 on 08000839402 or call2optout/hf8",1
wow! the boys r back. take that 2007 uk tour. win vip tickets & pre-book with vip club. txt club to 81303. trackmarque ltd info@vipclub4u.,1
please call our customer service representative on freephone 0808 145 4742 between 9am-11pm as you have won a guaranteed â£1000 cash or â£5000 prize!,1
you are chosen to receive a â£350 award! pls call claim number 09066364311 to collect your award which you are selected to receive as a valued mobile customer.,1
"hi, this is mandy sullivan calling from hotmix fm...you are chosen to receive â£5000.00 in our easter prize draw.....please telephone 09041940223 to claim before 29/03/05 or your prize will be transferred to someone else....",1
"customer service announcement. we recently tried to make a delivery to you but were unable to do so, please call 07090298926 to re-schedule. ref:9307622",1
you have 1 new voicemail. please call 08719181513.,1
someone u know has asked our dating service 2 contact you! cant guess who? call 09058091854 now all will be revealed. po box385 m6 6wu,1
back 2 work 2morro half term over! can u c me 2nite 4 some sexy passion b4 i have 2 go back? chat now 09099726481 luv dena calls â£1/minmobsmorelkpobox177hp51fl,1
"free message activate your 500 free text messages by replying to this message with the word free for terms & conditions, visit www.07781482378.com",1
ever thought about living a good life with a perfect partner? just txt back name and age to join the mobile community. (100p/sms),1
yes! the only place in town to meet exciting adult singles is now in the uk. txt chat to 86688 now! 150p/msg.,1
call 09095350301 and send our girls into erotic ecstacy. just 60p/min. to stop texts call 08712460324 (nat rate),1
sunshine quiz wkly q! win a top sony dvd player if u know which country liverpool played in mid week? txt ansr to 82277. â£1.50 sp:tyrone,1
panasonic & bluetoothhdset free. nokia free. motorola free & doublemins & doubletxt on orange contract. call mobileupd8 on 08000839402 or call 2optout,1
a link to your picture has been sent. you can also use http://alto18.co.uk/wave/wave.asp?o=44345,1
ur cash-balance is currently 500 pounds - to maximize ur cash-in now send go to 86688 only 150p/meg. cc: 08718720201 hg/suite342/2lands row/w1j6hl,1
"free msg: get gnarls barkleys ""crazy"" ringtone totally free just reply go to this message right now!",1
freemsg:feelin kinda lnly hope u like 2 keep me company! jst got a cam moby wanna c my pic?txt or reply date to 82242 msg150p 2rcv hlp 08712317606 stop to 82242,1
gsoh? good with spam the ladies?u could b a male gigolo? 2 join the uk's fastest growing mens club reply oncall. mjzgroup. 08714342399.2stop reply stop. msg@â£1.50rcvd,1
want 2 get laid tonight? want real dogging locations sent direct 2 ur mob? join the uk's largest dogging network bt txting gravel to 69888! nt. ec2a. 31p.msg@150p,1
free>ringtone! reply real or poly eg real1 1. pushbutton 2. dontcha 3. babygoodbye 4. golddigger 5. webeburnin 1st tone free and 6 more when u join for â£3/wk,1
"sms. ac sun0819 posts hello:""you seem cool, wanted to say hi. hi!!!"" stop? send stop to 62468",1
"urgent!: your mobile no. was awarded a â£2,000 bonus caller prize on 02/09/03! this is our 2nd attempt to contact you! call 0871-872-9755 box95qu",1
+123 congratulations - in this week's competition draw u have won the â£1450 prize to claim just call 09050002311 b4280703. t&cs/stop sms 08718727868. over 18 only 150ppm,1
please call amanda with regard to renewing or upgrading your current t-mobile handset free of charge. offer ends today. tel 0845 021 3680 subject to t's and c's,1
big brother alert! the computer has selected u for 10k cash or #150 voucher. call 09064018838. ntt po box cro1327 18+ bt landline cost 150ppm mobiles vary,1
private! your 2003 account statement for 07815296484 shows 800 un-redeemed s.i.m. points. call 08718738001 identifier code 41782 expires 18/11/04,1
"thanks for your ringtone order, reference t91. you will be charged gbp 4 per week. you can unsubscribe at anytime by calling customer services on 09057039994",1
how come it takes so little time for a child who is afraid of the dark to become a teenager who wants to stay out all night?,1
camera - you are awarded a sipix digital camera! call 09061221066 fromm landline. delivery within 28 days.,1
"last chance! claim ur â£150 worth of discount vouchers today! text shop to 85023 now! savamob, offers mobile! t cs savamob pobox84, m263uz. â£3.00 sub. 16",1
you are a winner you have been specially selected to receive â£1000 cash or a â£2000 award. speak to a live operator to claim call 087147123779am-7pm. cost 10p,1
great news! call freefone 08006344447 to claim your guaranteed â£1000 cash or â£2000 gift. speak to a live operator now!,1
bloomberg -message center +447797706009 why wait? apply for your future http://careers. bloomberg.com,1
"your chance to be on a reality fantasy show call now = 08707509020 just 20p per min ntt ltd, po box 1327 croydon cr9 5wb 0870 is a national = rate call.",1
private! your 2003 account statement for 07808 xxxxxx shows 800 un-redeemed s. i. m. points. call 08719899217 identifier code: 41685 expires 07/11/04,1
todays voda numbers ending 7548 are selected to receive a $350 award. if you have a match please call 08712300220 quoting claim code 4041 standard rates app,1
"500 new mobiles from 2004, must go! txt: nokia to no: 89545 & collect yours today!from only â£1 www.4-tc.biz 2optout 087187262701.50gbp/mtmsg18 txtauction",1
"get 3 lions england tone, reply lionm 4 mono or lionp 4 poly. 4 more go 2 www.ringtones.co.uk, the original n best. tones 3gbp network operator rates apply.",1
dear subscriber ur draw 4 â£100 gift voucher will b entered on receipt of a correct ans. when was elvis presleys birthday? txt answer to 80062,1
ur going 2 bahamas! callfreefone 08081560665 and speak to a live operator to claim either bahamas cruise ofâ£2000 cash 18+only. to opt out txt x to 07786200117,1
do you want 750 anytime any network mins 150 text and a new video phone for only five pounds per week call 08000776320 now or reply for delivery tomorrow,1
8007 25p 4 alfie moon's children in need song on ur mob. tell ur m8s. txt tone charity to 8007 for nokias or poly charity for polys :zed 08701417012 profit 2 charity,1
8007 free for 1st week! no1 nokia tone 4 ur mob every week just txt nokia to 8007 get txting and tell ur mates www.getzed.co.uk pobox 36504 w4 5wq norm 150p/tone 16+,1
"you are guaranteed the latest nokia phone, a 40gb ipod mp3 player or a â£500 prize! txt word: collect to no: 83355! ibhltd ldnw15h 150p/mtmsgrcvd18+",1
"ou are guaranteed the latest nokia phone, a 40gb ipod mp3 player or a â£500 prize! txt word: collect to no: 83355! ibhltd ldnw15h 150p/mtmsgrcvd18",1
"your free ringtone is waiting to be collected. simply text the password ""mix"" to 85069 to verify. get usher and britney. fml, po box 5249, mk17 92h. 450ppw 16",1
"congrats! 1 year special cinema pass for 2 is yours. call 09061209465 now! c suprman v, matrix3, starwars3, etc all 4 free! bx420-ip4-5we. 150pm. dont miss out!",1
"welcome to uk-mobile-date this msg is free giving you free calling to 08719839835. future mgs billed at 150p daily. to cancel send ""go stop"" to 89123",1
"for ur chance to win â£250 cash every wk txt: play to 83370. t's&c's www.music-trivia.net custcare 08715705022, 1x150p/wk.",1
"spook up your mob with a halloween collection of a logo & pic message plus a free eerie tone, txt card spook to 8007 zed 08701417012150p per logo/pic",1
"as a valued customer, i am pleased to advise you that following recent review of your mob no. you are awarded with a â£1500 bonus prize, call 09066368470",1
"got what it takes 2 take part in the wrc rally in oz? u can with lucozade energy! text rally le to 61200 (25p), see packs or lucozade.co.uk/wrc & itcould be u!",1
urgent! your mobile number has been awarded with a â£2000 prize guaranteed. call 09061790121 from land line. claim 3030. valid 12hrs only 150ppm,1
i don't know u and u don't know me. send chat to 86688 now and let's find each other! only 150p/msg rcvd. hg/suite342/2lands/row/w1j6hl ldn. 18 years or over.,1
"auction round 4. the highest bid is now â£54. next maximum bid is â£71. to bid, send bids e. g. 10 (to bid â£10) to 83383. good luck.",1
promotion number: 8714714 - ur awarded a city break and could win a â£200 summer shopping spree every wk. txt store to 88039 . skilgme. tscs087147403231winawk!age16 â£1.50perwksub,1
am new 2 club & dont fink we met yet will b gr8 2 c u please leave msg 2day wiv ur area 09099726553 reply promised carlie x callsâ£1/minmobsmore lkpobox177hp51fl,1
"this weeks savamob member offers are now accessible. just call 08709501522 for details! savamob, pobox 139, la3 2wu. only â£1.50/week. savamob - offers mobile!",1
rct' thnq adrian for u text. rgds vatian,1
"win the newest âharry potter and the order of the phoenix (book 5) reply harry, answer 5 questions - chance to be the first among readers!",1
free top ringtone -sub to weekly ringtone-get 1st week free-send subpoly to 81618-?3 per week-stop sms-08718727870,1
"u were outbid by simonwatson5120 on the shinco dvd plyr. 2 bid again, visit sms. ac/smsrewards 2 end bid notifications, reply end out",1
congrats! nokia 3650 video camera phone is your call 09066382422 calls cost 150ppm ave call 3mins vary from mobiles 16+ close 300603 post bcm4284 ldn wc1n3xx,1
"well done! your 4* costa del sol holiday or â£5000 await collection. call 09050090044 now toclaim. sae, tcs, pobox334, stockport, sk38xh, costâ£1.50/pm, max10mins",1
ur cash-balance is currently 500 pounds - to maximize ur cash-in now send go to 86688 only 150p/msg. cc: 08718720201 po box 114/14 tcr/w1,1
"welcome to select, an o2 service with added benefits. you can now call our specially trained advisors free from your mobile by dialling 402.",1
ringtone club: get the uk singles chart on your mobile each week and choose any top quality ringtone! this message is free of charge.,1
you have won! as a valued vodafone customer our computer has picked you to win a â£150 prize. to collect is easy. just call 09061743386,1
"urgent! your mobile no 07808726822 was awarded a â£2,000 bonus caller prize on 02/09/03! this is our 2nd attempt to contact you! call 0871-872-9758 box95qu",1
free video camera phones with half price line rental for 12 mths and 500 cross ntwk mins 100 txts. call mobileupd8 08001950382 or call2optout/674&,1
claire here am havin borin time & am now alone u wanna cum over 2nite? chat now 09099725823 hope 2 c u luv claire xx callsâ£1/minmoremobsemspobox45po139wa,1
you are a winner u have been specially selected 2 receive â£1000 or a 4* holiday (flights inc) speak to a live operator 2 claim 0871277810910p/min (18+),1
"urgent! your mobile number *************** won a â£2000 bonus caller prize on 10/06/03! this is the 2nd attempt to reach you! call 09066368753 asap! box 97n7qp, 150ppm",1
burger king - wanna play footy at a top stadium? get 2 burger king before 1st sept and go large or super with coca-cola and walk out a winner,1
gr8 new service - live sex video chat on your mob - see the sexiest dirtiest girls live on ur phone - 4 details text horny to 89070 to cancel send stop to 89070,1
december only! had your mobile 11mths+? you are entitled to update to the latest colour camera mobile for free! call the mobile update vco free on 08002986906,1
bored housewives! chat n date now! 0871750.77.11! bt-national rate 10p/min only from landlines!,1
"themob>hit the link to get a premium pink panther game, the new no. 1 from sugababes, a crazy zebra animation or a badass hoody wallpaper-all 4 free!",1
"hello darling how are you today? i would love to have a chat, why dont you tell me what you look like and what you are in to sexy?",1
text banneduk to 89555 to see! cost 150p textoperator g696ga 18+ xxx,1
someonone you know is trying to contact you via our dating service! to find out who it could be call from your mobile or landline 09064015307 box334sk38ch,1
u have a secret admirer who is looking 2 make contact with u-find out who they r*reveal who thinks ur so special-call on 09065171142-stopsms-08718727870150ppm,1
urgent! we are trying to contact u. todays draw shows that you have won a â£800 prize guaranteed. call 09050003091 from land line. claim c52. valid 12hrs only,1
urgent! this is the 2nd attempt to contact u!u have won â£1000call 09071512432 b4 300603t&csbcm4235wc1n3xx.callcost150ppmmobilesvary. maxâ£7. 50,1
"as a valued customer, i am pleased to advise you that following recent review of your mob no. you are awarded with a â£1500 bonus prize, call 09066364589",1
urgent please call 09066612661 from landline. â£5000 cash or a luxury 4* canary islands holiday await collection. t&cs sae award. 20m12aq. 150ppm. 16+ â,1
* free* polyphonic ringtone text super to 87131 to get your free poly tone of the week now! 16 sn pobox202 nr31 7zs subscription 450pw,1
"hi babe its jordan, how r u? im home from abroad and lonely, text me back if u wanna chat xxsp visionsms.com text stop to stopcost 150p 08712400603",1
you have 1 new message. please call 08715205273,1
"if you don't, your prize will go to another customer. t&c at www.t-c.biz 18+ 150p/min polo ltd suite 373 london w1j 6hl please call back if busy",1
sms. ac sptv: the new jersey devils and the detroit red wings play ice hockey. correct or incorrect? end? reply end sptv,1
here is your discount code rp176781. to stop further messages reply stop. www.regalportfolio.co.uk. customer services 08717205546,1
"freemsg hey there darling it's been 3 week's now and no word back! i'd like some fun you up for it still? tb ok! xxx std chgs to send, â£1.50 to rcv",1
"500 new mobiles from 2004, must go! txt: nokia to no: 89545 & collect yours today!from only â£1 www.4-tc.biz 2optout 087187262701.50gbp/mtmsg18",1
monthly password for wap. mobsi.com is 391784. use your wap phone not pc.,1
"win the newest âharry potter and the order of the phoenix (book 5) reply harry, answer 5 questions - chance to be the first among readers!",1
"you are being contacted by our dating service by someone you know! to find out who it is, call from a land line 09050000878. pobox45w2tg150p",1
urgent! your mobile number has been awarded with a â£2000 prize guaranteed. call 09058094455 from land line. claim 3030. valid 12hrs only,1
"double mins and txts 4 6months free bluetooth on orange. available on sony, nokia motorola phones. call mobileupd8 on 08000839402 or call2optout/n9dx",1
collect your valentine's weekend to paris inc flight & hotel + â£200 prize guaranteed! text: paris to no: 69101. www.rtf.sphosting.com,1
no 1 polyphonic tone 4 ur mob every week! just txt pt2 to 87575. 1st tone free ! so get txtin now and tell ur friends. 150p/tone. 16 reply hl 4info,1
"thanks for your ringtone order, ref number r836. your mobile will be charged â£4.50. should your tone not arrive please call customer services on 09065069154",1
hope you enjoyed your new content. text stop to 61610 to unsubscribe. help:08712400602450p provided by tones2you.co.uk,1
last chance 2 claim ur â£150 worth of discount vouchers-text yes to 85023 now!savamob-member offers mobile t cs 08717898035. â£3.00 sub. 16 . remove txt x or stop,1
dating:i have had two of these. only started after i sent a text to talk sport radio last week. any connection do you think or coincidence?,1
hmv bonus special 500 pounds of genuine hmv vouchers to be won. just answer 4 easy questions. play now! send hmv to 86688 more info:www.100percent-real.com,1
you are awarded a sipix digital camera! call 09061221061 from landline. delivery within 28days. t cs box177. m221bp. 2yr warranty. 150ppm. 16 . p pâ£3.99,1
private! your 2004 account statement for 07742676969 shows 786 unredeemed bonus points. to claim call 08719180248 identifier code: 45239 expires,1
"hottest pics straight to your phone!! see me getting wet and wanting, just for you xx text pics to 89555 now! txt costs 150p textoperator g696ga 18 xxx",1
free entry into our â£250 weekly comp just send the word enter to 84128 now. 18 t&c www.textcomp.com cust care 08712405020.,1
guess what! somebody you know secretly fancies you! wanna find out who it is? give us a call on 09065394514 from landline datebox1282essexcm61xn 150p/min 18,1
call 09090900040 & listen to extreme dirty live chat going on in the office right now total privacy no one knows your [sic] listening 60p min 24/7mp 0870753331018+,1
"5 free top polyphonic tones call 087018728737, national rate. get a toppoly tune sent every week, just text subpoly to 81618, â£3 per pole. unsub 08718727870.",1
"latest nokia mobile or ipod mp3 player +â£400 proze guaranteed! reply with: win to 83355 now! norcorp ltd.â£1,50/mtmsgrcvd18+",1
eastenders tv quiz. what flower does dot compare herself to? d= violet e= tulip f= lily txt d e or f to 84025 now 4 chance 2 win â£100 cash wkent/150p16+,1
ur hmv quiz cash-balance is currently â£500 - to maximize ur cash-in now send hmv1 to 86688 only 150p/msg,1
"you are a â£1000 winner or guaranteed caller prize, this is our final attempt to contact you! to claim call 09071517866 now! 150ppmpobox10183bhamb64xe",1
private! your 2003 account statement for shows 800 un-redeemed s. i. m. points. call 08718738002 identifier code: 48922 expires 21/11/04,1
25p 4 alfie moon's children in need song on ur mob. tell ur m8s. txt tone charity to 8007 for nokias or poly charity for polys: zed 08701417012 profit 2 charity.,1
marvel mobile play the official ultimate spider-man game (â£4.50) on ur mobile right now. text spider to 83338 for the game & we ll send u a free 8ball wallpaper,1
free 1st week entry 2 textpod 4 a chance 2 win 40gb ipod or â£250 cash every wk. txt vpod to 81303 ts&cs www.textpod.net custcare 08712405020.,1
adult 18 content your video will be with you shortly,1
"thanks for your ringtone order, reference number x49. your mobile will be charged 4.50. should your tone not arrive please call customer services 09065989182. from: [colour=red]text[/colour]txtstar",1
december only! had your mobile 11mths+? you are entitled to update to the latest colour camera mobile for free! call the mobile update co free on 08002986906,1
natalja (25/f) is inviting you to be her friend. reply yes-440 or no-440 see her: www.sms.ac/u/nat27081980 stop? send stop frnd to 62468,1
your unique user id is 1172. for removal send stop to 87239 customer services 08708034412,1
block breaker now comes in deluxe format with new features and great graphics from t-mobile. buy for just â£5 by replying get bbdeluxe and take the challenge,1
kit strip - you have been billed 150p. netcollex ltd. po box 1013 ig11 oja,1
"oh my god! i've found your number again! i'm so glad, text me back xafter this msgs cst std ntwk chg â£1.50",1
"44 7732584351, do you want a new nokia 3510i colour phone deliveredtomorrow? with 300 free minutes to any mobile + 100 free texts + free camcorder reply or call 08000930705.",1
"latest news! police station toilet stolen, cops have nothing to go on!",1
private! your 2004 account statement for 078498****7 shows 786 unredeemed bonus points. to claim call 08719180219 identifier code: 45239 expires 06.05.05,1
do you want a new nokia 3510i colour phone deliveredtomorrow? with 300 free minutes to any mobile + 100 free texts + free camcorder reply or call 08000930705.,1
had your mobile 11 months or more? u r entitled to update to the latest colour mobiles with camera for free! call the mobile update co free on 08002986030,1
freemsg: txt: call to no: 86888 & claim your reward of 3 hours talk time to use from your phone now! subscribe6gbp/mnth inc 3hrs 16 stop?txtstop,1
**free message**thanks for using the auction subscription service. 18 . 150p/msgrcvd 2 skip an auction txt out. 2 unsubscribe txt stop customercare 08718726270,1
from 88066 lost â£12 help,1
winner!! as a valued network customer you have been selected to receivea â£900 prize reward! to claim call 09061701461. claim code kl341. valid 12 hours only.,1
get a free mobile video player free movie. to collect text go to 89105. its free! extra films can be ordered t's and c's apply. 18 yrs only,1
free entry into our â£250 weekly comp just send the word win to 80086 now. 18 t&c www.txttowin.co.uk,1
"hungry gay guys feeling hungry and up 4 it, now. call 08718730555 just 10p/min. to stop texts call 08712460324 (10p/min)",1
had your mobile 11mths ? update for free to oranges latest colour camera mobiles & unlimited weekend calls. call mobile upd8 on freefone 08000839402 or 2stoptx,1
you won't believe it but it's true. it's incredible txts! reply g now to learn truly amazing things that will blow your mind. from o2fwd only 18p/txt,1
"shop till u drop, is it you, either 10k, 5k, â£500 cash or â£100 travel voucher, call now, 09064011000. ntt po box cr01327bt fixedline cost 150ppm mobile vary",1
4mths half price orange line rental & latest camera phones 4 free. had your phone 11mths ? call mobilesdirect free on 08000938767 to update now! or2stoptxt,1
important information 4 orange user 0796xxxxxx. today is ur lucky day!2 find out why log onto http://www.urawinner.com there's a fantastic prizeawaiting you!,1
"final chance! claim ur â£150 worth of discount vouchers today! text yes to 85023 now! savamob, member offers mobile! t cs savamob pobox84, m263uz. â£3.00 subs 16",1
congratulations u can claim 2 vip row a tickets 2 c blu in concert in november or blu gift guaranteed call 09061104276 to claim ts&cs www.smsco.net costâ£3.75max,1
save money on wedding lingerie at www.bridal.petticoatdreams.co.uk choose from a superb selection with national delivery. brought to you by weddingfriend,1
"your account has been credited with 500 free text messages. to activate, just txt the word: credit to no: 80488 t&cs www.80488.biz",1
update_now - 12mths half price orange line rental: 400mins...call mobileupd8 on 08000839402 or call2optout=j5q,1
"urgent. important information for 02 user. today is your lucky day! 2 find out why , log onto http://www.urawinner.com there is a fantastic surprise awaiting you !",1
"urgent! your mobile was awarded a â£1,500 bonus caller prize on 27/6/03. our final attempt 2 contact u! call 08714714011",1
urgent! your mobile number has been awarded with a â£2000 prize guaranteed. call 09058094454 from land line. claim 3030. valid 12hrs only,1
"eerie nokia tones 4u, rply tone title to 8007 eg tone dracula to 8007 titles: ghost, addamsfa, munsters, exorcist, twilight www.getzed.co.uk pobox36504w45wq 150p",1
this message is free. welcome to the new & improved sex & dogging club! to unsubscribe from this service reply stop. msgs@150p 18+only,1
romcapspam everyone around should be responding well to your presence since you are so warm and outgoing. you are bringing in a real breath of sunshine.,1
guess what! somebody you know secretly fancies you! wanna find out who it is? give us a call on 09065394973 from landline datebox1282essexcm61xn 150p/min 18,1
"free ring tone just text ""polys"" to 87131. then every week get a new tone. 0870737910216yrs only â£1.50/wk.",1
sexy sexy cum and text me im wet and warm and ready for some porn! u up for some fun? this msg is free recd msgs 150p inc vat 2 cancel text stop,1
tone club: your subs has now expired 2 re-sub reply monoc 4 monos or polyc 4 polys 1 weekly @ 150p per week txt stop 2 stop this msg free stream 0871212025016,1
wamma get laid?want real doggin locations sent direct to your mobile? join the uks largest dogging network. txt dogs to 69696 now!nyt. ec2a. 3lp â£1.50/msg.,1
this message is free. welcome to the new & improved sex & dogging club! to unsubscribe from this service reply stop. msgs@150p 18 only,1
"cmon babe, make me horny, *turn* me on! txt me your fantasy now babe -) im hot, sticky and need you now. all replies cost â£1.50. 2 cancel send stop",1
urgent! we are trying to contact u. todays draw shows that you have won a â£2000 prize guaranteed. call 09066358361 from land line. claim y87. valid 12hrs only,1
"449050000301 you have won a â£2,000 price! to claim, call 09050000301.",1
"pdate_now - double mins and 1000 txts on orange tariffs. latest motorola, sonyericsson & nokia & bluetooth free! call mobileupd8 on 08000839402 or call2optout/!yhl",1
"had your mobile 10 mths? update to the latest camera/video phones for free. keep ur same number, get extra free mins/texts. text yes for a call",1
"you ve won! your 4* costa del sol holiday or â£5000 await collection. call 09050090044 now toclaim. sae, tc s, pobox334, stockport, sk38xh, costâ£1.50/pm, max10mins",1
"u've been selected to stay in 1 of 250 top british hotels - for nothing! holiday valued at â£350! dial 08712300220 to claim - national rate call. bx526, sw73ss",1
not heard from u4 a while. call me now am here all night with just my knickers on. make me beg for it like u did last time 01223585236 xx luv nikiyu4.net,1
"loan for any purpose â£500 - â£75,000. homeowners + tenants welcome. have you been previously refused? we can still help. call free 0800 1956669 or text back 'help'",1
1st wk free! gr8 tones str8 2 u each wk. txt nokia on to 8007 for classic nokia tones or hit on to 8007 for polys. nokia/150p poly/200p 16+,1
"u can win â£100 of music gift vouchers every week starting now txt the word draw to 87066 tscs www.ldew.com skillgame,1winaweek, age16.150ppermesssubscription",1
i am hot n horny and willing i live local to you - text a reply to hear strt back from me 150p per msg netcollex ltdhelpdesk: 02085076972 reply stop to end,1
we tried to contact you re your response to our offer of a new nokia fone and camcorder hit reply or call 08000930705 for delivery,1
"hi, the sexychat girls are waiting for you to text them. text now for a great night chatting. send stop to stop this service",1
"urgent!! your 4* costa del sol holiday or â£5000 await collection. call 09050090044 now toclaim. sae, tc s, pobox334, stockport, sk38xh, costâ£1.50/pm, max10mins",1
"sms. ac jsco: energy is high, but u may not know where 2channel it. 2day ur leadership skills r strong. psychic? reply ans w/question. end? reply end jsco",1
dear u've been invited to xchat. this is our final attempt to contact u! txt chat to 86688 150p/msgrcvdhg/suite342/2lands/row/w1j6hl ldn 18 yrs,1
you are a winner you have been specially selected to receive â£1000 cash or a â£2000 award. speak to a live operator to claim call 087123002209am-7pm. cost 10p,1
"you are being contacted by our dating service by someone you know! to find out who it is, call from your mobile or landline 09064017305 pobox75ldns7",1
"download as many ringtones as u like no restrictions, 1000s 2 choose. u can even send 2 yr buddys. txt sir to 80082 â£3",1
reply with your name and address and you will receive by post a weeks completely free accommodation at various global locations www.phb1.com ph:08700435505150p,1
todays vodafone numbers ending with 4882 are selected to a receive a â£350 award. if your number matches call 09064019014 to receive your â£350 award.,1
more people are dogging in your area now. call 09090204448 and join like minded guys. why not arrange 1 yourself. there's 1 this evening. aâ£1.50 minapn ls278bb,1
"urgent urgent! we have 800 free flights to europe to give away, call b4 10th sept & take a friend 4 free. call now to claim on 09050000555. ba128nnfwfly150ppm",1
call germany for only 1 pence per minute! call from a fixed line via access number 0844 861 85 85. no prepayment. direct access!,1
"1000's flirting now! txt girl or bloke & ur name & age, eg girl zoe 18 to 8007 to join and get chatting!",1
sports fans - get the latest sports news str* 2 ur mobile 1 wk free plus a free tone txt sport on to 8007 www.getzed.co.uk 0870141701216+ norm 4txt/120p,1
txt: call to no: 86888 & claim your reward of 3 hours talk time to use from your phone now! subscribe6gbp/mnth inc 3hrs 16 stop?txtstop www.gamb.tv,1
as a registered optin subscriber ur draw 4 â£100 gift voucher will be entered on receipt of a correct ans to 80062 whats no1 in the bbc charts,1
important message. this is a final contact attempt. you have important messages waiting out our customer claims dept. expires 13/4/04. call 08717507382 now!,1
you have won a guaranteed 32000 award or maybe even â£1000 cash to claim ur award call free on 0800 ..... (18+). its a legitimat efreefone number wat do u think???,1
"this is the 2nd time we have tried to contact u. u have won the â£400 prize. 2 claim is easy, just call 087104711148 now! only 10p per minute. bt-national-rate",1
get the official england poly ringtone or colour flag on yer mobile for tonights game! text tone or flag to 84199. optout txt eng stop box39822 w111wx â£1.50,1
"gr8 poly tones 4 all mobs direct 2u rply with poly title to 8007 eg poly breathe1 titles: crazyin, sleepingwith, finest, ymca :getzed.co.uk pobox365o4w45wq 300p",1
mobile club: choose any of the top quality items for your mobile. 7cfca1a,1
sexy singles are waiting for you! text your age followed by your gender as wither m or f e.g.23f. for gay men text your age followed by a g. e.g.23g.,1
"new mobiles from 2004, must go! txt: nokia to no: 89545 & collect yours today! from only â£1. www.4-tc.biz 2optout 087187262701.50gbp/mtmsg18 txtauction.",1
congratulations ur awarded either a yrs supply of cds from virgin records or a mystery gift guaranteed call 09061104283 ts&cs www.smsco.net â£1.50pm approx 3mins,1
<forwarded from 88877>free entry into our â£250 weekly comp just send the word enter to 88877 now. 18 t&c www.textcomp.com,1
"hi there, 2nights ur lucky night! uve been invited 2 xchat, the uks wildest chat! txt chat to 86688 now! 150p/msgrcvdhg/suite342/2lands/row/w1j6hl ldn 18yrs",1
free video camera phones with half price line rental for 12 mths and 500 cross ntwk mins 100 txts. call mobileupd8 08001950382 or call2optout/674,1
please call 08712402578 immediately as there is an urgent message waiting for you,1
someone has contacted our dating service and entered your phone because they fancy you! to find out who it is call from a landline 09111032124 . pobox12n146tf150p,1
valentines day special! win over â£1000 in our quiz and take your partner on the trip of a lifetime! send go to 83600 now. 150p/msg rcvd. custcare:08718720201,1
"to review and keep the fantastic nokia n-gage game deck with club nokia, go 2 www.cnupdates.com/newsletter. unsubscribe from alerts reply with the word out",1
4mths half price orange line rental & latest camera phones 4 free. had your phone 11mths+? call mobilesdirect free on 08000938767 to update now! or2stoptxt t&cs,1
you have won a guaranteed â£1000 cash or a â£2000 prize. to claim yr prize call our customer service representative on 08714712394 between 10am-7pm,1
you have won a guaranteed â£200 award or even â£1000 cashto claim ur award call free on 08000407165 (18+) 2 stop getstop on 88222 php. rg21 4jx,1
dear voucher holder 2 claim your 1st class airport lounge passes when using your holiday voucher call 08704439680. when booking quote 1st class x 2,1
freemsg: hey - i'm buffy. 25 and love to satisfy men. home alone feeling randy. reply 2 c my pix! qlynnbv help08700621170150p a msg send stop to stop txts,1
filthy stories and girls waiting for your,1
warner village 83118 c colin farrell in swat this wkend @warner village & get 1 free med. popcorn!just show msg+ticket@kiosk.valid 4-7/12. c t&c @kiosk. reply sony 4 mre film offers,1
private! your 2003 account statement for 07973788240 shows 800 un-redeemed s. i. m. points. call 08715203649 identifier code: 40533 expires 31/10/04,1
todays voda numbers ending 1225 are selected to receive a â£50award. if you have a match please call 08712300220 quoting claim code 3100 standard rates app,1
urgent! your mobile number has been awarded with a â£2000 prize guaranteed. call 09061790126 from land line. claim 3030. valid 12hrs only 150ppm,1
welcome! please reply with your age and gender to begin. e.g 24m,1
congratulations ur awarded 500 of cd vouchers or 125gift guaranteed & free entry 2 100 wkly draw txt music to 87066 tncs www.ldew.com1win150ppmx3age16,1
do you want a new nokia 3510i colour phone delivered tomorrow? with 200 free minutes to any mobile + 100 free text + free camcorder reply or call 8000930705,1
"complimentary 4 star ibiza holiday or â£10,000 cash needs your urgent collection. 09066364349 now from landline not to lose out! box434sk38wp150ppm18+",1
"urgent -call 09066649731from landline. your complimentary 4* ibiza holiday or â£10,000 cash await collection sae t&cs po box 434 sk3 8wp 150ppm 18+",1
"you are being contacted by our dating service by someone you know! to find out who it is, call from a land line 09050000928. pobox45w2tg150p",1
win a year supply of cds 4 a store of ur choice worth â£500 & enter our â£100 weekly draw txt music to 87066 ts&cs www.ldew.com.subs16+1win150ppmx3,1
someone has conacted our dating service and entered your phone because they fancy you!to find out who it is call from landline 09111030116. pobox12n146tf15,1
important information 4 orange user 0789xxxxxxx. today is your lucky day!2find out why log onto http://www.urawinner.com there's a fantastic surprise awaiting you!,1
urgent! please call 09061743811 from landline. your abta complimentary 4* tenerife holiday or â£5000 cash await collection sae t&cs box 326 cw25wx 150ppm,1
good luck! draw takes place 28th feb 06. good luck! for removal send stop to 87239 customer services 08708034412,1
you have an important customer service announcement from premier. call freephone 0800 542 0578 now!,1
ur tonexs subscription has been renewed and you have been charged â£4.50. you can choose 10 more polys this month. www.clubzed.co.uk *billing msg*,1
you are a winner u have been specially selected 2 receive â£1000 cash or a 4* holiday (flights inc) speak to a live operator 2 claim 0871277810810,1
"tddnewsletter@emc1.co.uk (more games from thedailydraw) dear helen, dozens of free games - with great prizeswith..",1
you have won a guaranteed â£200 award or even â£1000 cashto claim ur award call free on 08000407165 (18+) 2 stop getstop on 88222 php,1
free entry in 2 a wkly comp to win fa cup final tkts 21st may 2005. text fa to 87121 to receive entry question(std txt rate)t&c's apply 08452810075over18's,1
"sms services. for your inclusive text credits, pls goto www.comuk.net login= 3qxj9 unsubscribe with stop, no extra charge. help 08702840625.comuk. 220-cm2 9ae",1
2/2 146tf150p,1
"bears pic nick, and tom, pete and ... dick. in fact, all types try gay chat with photo upload call 08718730666 (10p/min). 2 stop texts call 08712460324",1
free unlimited hardcore porn direct 2 your mobile txt porn to 69200 & get free access for 24 hrs then chrgd@50p per day txt stop 2exit. this msg is free,1
"mila, age23, blonde, new in uk. i look sex with uk guys. if u like fun with me. text mtalk to 69866.18 . 30pp/txt 1st 5free. â£1.50 increments. help08718728876",1
okmail: dear dave this is your final notice to collect your 4* tenerife holiday or #5000 cash award! call 09061743806 from landline. tcs sae box326 cw25wx 150ppm,1
had your mobile 11mths ? update for free to oranges latest colour camera mobiles & unlimited weekend calls. call mobile upd8 on freefone 08000839402 or 2stoptxt,1
can u get 2 phone now? i wanna chat 2 set up meet call me now on 09096102316 u can cum here 2moro luv jane xx callsâ£1/minmoremobsemspobox45po139wa,1
urgent! we are trying to contact u. todays draw shows that you have won a â£800 prize guaranteed. call 09050001808 from land line. claim m95. valid12hrs only,1
"january male sale! hot gay chat now cheaper, call 08709222922. national rate from 1.5p/min cheap to 7.8p/min peak! to stop texts call 08712460324 (10p/min)",1
ur cash-balance is currently 500 pounds - to maximize ur cash-in now send cash to 86688 only 150p/msg. cc: 08718720201 po box 114/14 tcr/w1,1
"we know someone who you know that fancies you. call 09058097218 to find out who. pobox 6, ls15hb 150p",1
fancy a shag? i do.interested? sextextuk.com txt xxuk suzy to 69876. txts cost 1.50 per msg. tncs on website. x,1
"dear voucher holder, to claim this weeks offer, at you pc please go to http://www.e-tlp.co.uk/reward. ts&cs apply.",1
not heard from u4 a while. call 4 rude chat private line 01223585334 to cum. wan 2c pics of me gettin shagged then text pix to 8552. 2end send stop 8552 sam xxx,1
"u can win â£100 of music gift vouchers every week starting now txt the word draw to 87066 tscs www.idew.com skillgame, 1winaweek, age16. 150ppermesssubscription",1
thesmszone.com lets you send free anonymous and masked messages..im sending this message from there..do you see the potential for abuse???,1
"you have been specially selected to receive a ""3000 award! call 08712402050 before the lines close. cost 10ppm. 16+. t&cs apply. ag promo",1
how about getting in touch with folks waiting for company? just txt back your name and age to opt in! enjoy the community (150p/sms),1
"win: we have a winner! mr. t. foley won an ipod! more exciting prizes soon, so keep an eye on ur mobile or visit www.win-82050.co.uk",1
check out choose your babe videos @ sms.shsex.netun fgkslpopw fgkslpo,1
camera - you are awarded a sipix digital camera! call 09061221066 fromm landline. delivery within 28 days,1
hi. customer loyalty offer:the new nokia6650 mobile from only â£10 at txtauction! txt word: start to no: 81151 & get yours now! 4t&ctxt tc 150p/mtmsg,1
private! your 2003 account statement for 07753741225 shows 800 un-redeemed s. i. m. points. call 08715203677 identifier code: 42478 expires 24/10/04,1
"urgent! please call 0906346330. your abta complimentary 4* spanish holiday or â£10,000 cash await collection sae t&cs box 47 po19 2ez 150ppm 18+",1
urgent! we are trying to contact u. todays draw shows that you have won a â£800 prize guaranteed. call 09050003091 from land line. claim c52. valid12hrs only,1
private! your 2003 account statement for shows 800 un-redeemed s.i.m. points. call 08715203685 identifier code:4xx26 expires 13/10/04,1
"freemsg you have been awarded a free mini digital camera, just reply snap to collect your prize! (quizclub opt out? stop 80122300p/wk sp:rwm ph:08704050406)",1
private! your 2003 account statement for shows 800 un-redeemed s. i. m. points. call 08715203652 identifier code: 42810 expires 29/10/0,1
ringtone club: gr8 new polys direct to your mobile every week !,1
your credits have been topped up for http://www.bubbletext.com your renewal pin is tgxxrz,1
08714712388 between 10am-7pm cost 10p,1
you have 1 new message. please call 08712400200.,1
we tried to contact you re our offer of new video phone 750 anytime any network mins half price rental camcorder call 08000930705 or reply for delivery wed,1
reminder: you have not downloaded the content you have already paid for. goto http://doit. mymoby. tv/ to collect your content.,1
"bangbabes ur order is on the way. u should receive a service msg 2 download ur content. if u do not, goto wap. bangb. tv on ur mobile internet/service menu",1
"goal! arsenal 4 (henry, 7 v liverpool 2 henry scores with a simple shot from 6 yards from a pass by bergkamp to give arsenal a 2 goal margin after 78 mins.",1
"0a$networks allow companies to bill for sms, so they are responsible for their ""suppliers"", just as a shop has to give a guarantee on what they sell. b. g.",1
-pls stop bootydelious (32/f) is inviting you to be her friend. reply yes-434 or no-434 see her: www.sms.ac/u/bootydelious stop? send stop frnd to 62468,1
dorothy@kiefer.com (bank of granite issues strong-buy) explosive pick for our members *****up over 300% *********** nasdaq symbol cdgt that is a $5.00 per..,1
ur balance is now â£500. ur next question is: who sang 'uptown girl' in the 80's ? 2 answer txt ur answer to 83600. good luck!,1
free for 1st week! no1 nokia tone 4 ur mobile every week just txt nokia to 8077 get txting and tell ur mates. www.getzed.co.uk pobox 36504 w45wq 16+ norm150p/tone,1
"wan2 win a meet+greet with westlife 4 u or a m8? they are currently on what tour? 1)unbreakable, 2)untamed, 3)unkempt. text 1,2 or 3 to 83049. cost 50p +std text",1
reply to win â£100 weekly! what professional sport does tiger woods play? send stop to 87239 to end service,1
urgent ur â£500 guaranteed award is still unclaimed! call 09066368327 now closingdate04/09/02 claimcode m39m51 â£1.50pmmorefrommobile2bremoved-mobypobox734ls27yf,1
thanks 4 your continued support your question this week will enter u in2 our draw 4 â£100 cash. name the new us president? txt ans to 80082,1
natalie (20/f) is inviting you to be her friend. reply yes-165 or no-165 see her: www.sms.ac/u/natalie2k9 stop? send stop frnd to 62468,1
"for your chance to win a free bluetooth headset then simply reply back with ""adp""",1
83039 62735=â£450 uk break accommodationvouchers terms & conditions apply. 2 claim you mustprovide your claim number which is 15541,1
"congratulations - thanks to a good friend u have won the â£2,000 xmas prize. 2 claim is easy, just call 08712103738 now! only 10p per minute. bt-national-rate",1
sorry! u can not unsubscribe yet. the mob offer package has a min term of 54 weeks> pls resubmit request after expiry. reply themob help 4 more info,1
ur cash-balance is currently 500 pounds - to maximize ur cash-in now send collect to 83600 only 150p/msg. cc: 08718720201 po box 114/14 tcr/w1,1
you have an important customer service announcement. call freephone 0800 542 0825 now!,1
married local women looking for discreet action now! 5 real matches instantly to your phone. text match to 69969 msg cost 150p 2 stop txt stop bcmsfwc1n3xx,1
"urgent! your mobile no 077xxx won a â£2,000 bonus caller prize on 02/06/03! this is the 2nd attempt to reach you! call 09066362206 asap! box97n7qp, 150ppm",1
u are subscribed to the best mobile content service in the uk for â£3 per ten days until you send stop to 83435. helpline 08706091795.,1
your next amazing xxx picsfree1 video will be sent to you enjoy! if one vid is not enough for 2day text back the keyword picsfree1 to get the next video.,1
your b4u voucher w/c 27/03 is marsms. log onto www.b4utele.com for discount credit. to opt out reply stop. customer care call 08717168528,1
want a new video phone? 750 anytime any network mins? half price line rental free text for 3 months? reply or call 08000930705 for free delivery,1
do you want a new video handset? 750 any time any network mins? unlimited text? camcorder? reply or call now 08000930705 for del sat am,1
todays voda numbers ending 5226 are selected to receive a ?350 award. if you hava a match please call 08712300220 quoting claim code 1131 standard rates app,1
it to 80488. your 500 free text messages are valid until 31 december 2005.,1
"free nokia or motorola with upto 12mths 1/2price linerental, 500 free x-net mins&100txt/mth free b'tooth*. call mobileupd8 on 08001950382 or call 2optout/d3wv",1
reply to win â£100 weekly! where will the 2006 fifa world cup be held? send stop to 87239 to end service,1
"congrats! 2 mobile 3g videophones r yours. call 09063458130 now! videochat wid your mates, play java games, dload polyph music, noline rentl.",1
"rock yr chik. get 100's of filthy films &xxx pics on yr phone now. rply filth to 69669. saristar ltd, e14 9yt 08701752560. 450p per 5 days. stop2 cancel",1
tells u 2 call 09066358152 to claim â£5000 prize. u have 2 enter all ur mobile & personal details @ the prompts. careful!,1
"sms services. for your inclusive text credits, pls goto www.comuk.net login= ***** unsubscribe with stop. no extra charge. help:08700469649. po box420. ip4 5we",1
missed call alert. these numbers called but left no message. 07008009200,1
your 2004 account for 07xxxxxxxxx shows 786 unredeemed points. to claim call 08719181259 identifier code: xxxxx expires 26.03.05,1
07732584351 - rodger burns - msg = we tried to call you re your reply to our sms for a free nokia mobile + free camcorder. please call now 08000930705 for delivery tomorrow,1
no. 1 nokia tone 4 ur mob every week! just txt nok to 87021. 1st tone free ! so get txtin now and tell ur friends. 150p/tone. 16 reply hl 4info,1
for taking part in our mobile survey yesterday! you can now have 500 texts 2 use however you wish. 2 get txts just send txt to 80160 t&c www.txt43.com 1.50p,1
88066 from 88066 lost 3pound help,1
you will recieve your tone within the next 24hrs. for terms and conditions please see channel u teletext pg 750,1
"customer service announcement. we recently tried to make a delivery to you but were unable to do so, please call 07099833605 to re-schedule. ref:9280114",1
lord of the rings:return of the king in store now!reply lotr by 2 june 4 chance 2 win lotr soundtrack cds stdtxtrate. reply stop to end txts,1
get ur 1st ringtone free now! reply to this msg with tone. gr8 top 20 tones to your phone every week just â£1.50 per wk 2 opt out send stop 08452810071 16,1
+449071512431 urgent! this is the 2nd attempt to contact u!u have won â£1250 call 09071512433 b4 050703 t&csbcm4235wc1n3xx. callcost 150ppm mobilesvary. maxâ£7. 50,1
please call our customer service representative on 0800 169 6031 between 10am-9pm as you have won a guaranteed â£1000 cash or â£5000 prize!,1
cashbin.co.uk (get lots of cash this weekend!) www.cashbin.co.uk dear welcome to the weekend we have got our biggest and best ever cash give away!! these..,1
you are being ripped off! get your mobile content from www.clubmoby.com call 08717509990 poly/true/pix/ringtones/games six downloads for only 3,1
private! your 2003 account statement for 078,1
"you've won tkts to the euro2004 cup final or â£800 cash, to collect call 09058099801 b4190604, pobox 7876150ppm",1
important information 4 orange user . today is your lucky day!2find out why log onto http://www.urawinner.com there's a fantastic surprise awaiting you!,1
what do u want for xmas? how about 100 free text messages & a new video phone with half price line rental? call free now on 0800 0721072 to find out more!,1
congratulations ur awarded either â£500 of cd gift vouchers & free entry 2 our â£100 weekly draw txt music to 87066 tncs www.ldew.com1win150ppmx3age16,1
do you want 750 anytime any network mins 150 text and a new video phone for only five pounds per week call 08002888812 or reply for delivery tomorrow,1
win a â£1000 cash prize or a prize worth â£5000,1
freemsg: fancy a flirt? reply date now & join the uks fastest growing mobile dating service. msgs rcvd just 25p to optout txt stop to 83021. reply date now!,1
do you want a new video phone? 600 anytime any network mins 400 inclusive video calls and downloads 5 per week free deltomorrow call 08002888812 or reply now,1
"today's offer! claim ur â£150 worth of discount vouchers! text yes to 85023 now! savamob, member offers mobile! t cs 08717898035. â£3.00 sub. 16 . unsub reply x",1
free for 1st week! no1 nokia tone 4 ur mob every week just txt nokia to 8007 get txting and tell ur mates www.getzed.co.uk pobox 36504 w45wq norm150p/tone 16+,1
ur cash-balance is currently 500 pounds - to maximize ur cash-in now send go to 86688 only 150p/msg. cc 08718720201 hg/suite342/2lands row/w1j6hl,1
freemsg hi baby wow just got a new cam moby. wanna c a hot pic? or fancy a chat?im w8in 4utxt / rply chat to 82242 hlp 08712317606 msg150p 2rcv,1
"urgent! call 09066612661 from landline. your complementary 4* tenerife holiday or â£10,000 cash await collection sae t&cs po box 3 wa14 2px 150ppm 18+ sender: hol offer",1
"free-message: jamster!get the crazy frog sound now! for poly text mad1, for real text mad2 to 88888. 6 crazy sounds for just 3 gbp/week! 16+only! t&c's apply",1
"free msg. sorry, a service you ordered from 81303 could not be delivered as you do not have sufficient credit. please top up to receive the service.",1
this is the 2nd time we have tried to contact u. u have won the â£1450 prize to claim just call 09053750005 b4 310303. t&cs/stop sms 08718725756. 140ppm,1
you have won a guaranteed â£1000 cash or a â£2000 prize. to claim yr prize call our customer service representative on 08714712379 between 10am-7pm cost 10p,1
do you want a new nokia 3510i colour phone deliveredtomorrow? with 300 free minutes to any mobile + 100 free texts + free camcorder reply or call 08000930705,1
email alertfrom: jeri stewartsize: 2kbsubject: low-cost prescripiton drvgsto listen to email call 123,1
dont forget you can place as many free requests with 1stchoice.co.uk as you wish. for more information call 08707808226.,1
customer service annoncement. you have a new years delivery waiting for you. please call 07046744435 now to arrange delivery,1
are you unique enough? find out from 30th august. www.areyouunique.co.uk,1
you have been specially selected to receive a 2000 pound award! call 08712402050 before the lines close. cost 10ppm. 16+. t&cs apply. ag promo,1
you have 1 new message. call 0207-083-6089,1
"your chance to be on a reality fantasy show call now = 08707509020 just 20p per min ntt ltd, po box 1327 croydon cr9 5wb 0870 is a national = rate call",1
urgent! please call 09061213237 from a landline. â£5000 cash or a 4* holiday await collection. t &cs sae po box 177 m227xy. 16+,1
"dear voucher holder, to claim this weeks offer, at your pc please go to http://www.wtlp.co.uk/text. ts&cs apply.",1
3. you have received your mobile content. enjoy,1
free tones hope you enjoyed your new content. text stop to 61610 to unsubscribe. help:08712400602450p provided by tones2you.co.uk,1
babe: u want me dont u baby! im nasty and have a thing 4 filthyguys. fancy a rude time with a sexy bitch. how about we go slo n hard! txt xxx slo(4msgs),1
"congratulations! thanks to a good friend u have won the â£2,000 xmas prize. 2 claim is easy, just call 08718726978 now! only 10p per minute. bt-national-rate",1
"this is the 2nd time we have tried 2 contact u. u have won the 750 pound prize. 2 claim is easy, call 08718726970 now! only 10p per min. bt-national-rate",1
jamster! to get your free wallpaper text heart to 88888 now! t&c apply. 16 only. need help? call 08701213186.,1
"hi this is amy, we will be sending you a free phone number in a couple of days, which will give you an access to all the adult parties...",1
congratulations ur awarded 500 of cd vouchers or 125gift guaranteed & free entry 2 100 wkly draw txt music to 87066,1
"3 free tarot texts! find out about your love life now! try 3 for free! text chance to 85555 16 only! after 3 free, msgs â£1.50 each",1
gent! we are trying to contact you. last weekends draw shows that you won a â£1000 prize guaranteed. call 09064012160. claim code k52. valid 12hrs only. 150ppm,1
lyricalladie(21/f) is inviting you to be her friend. reply yes-910 or no-910. see her: www.sms.ac/u/hmmross stop? send stop frnd to 62468,1
urgent! we are trying to contact u. todays draw shows that you have won a â£800 prize guaranteed. call 09050001295 from land line. claim a21. valid 12hrs only,1
"six chances to win cash! from 100 to 20,000 pounds txt> csh11 and send to 87575. cost 150p/day, 6days, 16+ tsandcs apply reply hl 4 info",1
do you want a new nokia 3510i colour phone delivered tomorrow? with 200 free minutes to any mobile + 100 free text + free camcorder reply or call 08000930705,1
u have a secret admirer. reveal who thinks u r so special. call 09065174042. to opt out reply reveal stop. 1.50 per msg recd. cust care 07821230901,1
hi i'm sue. i am 20 years old and work as a lapdancer. i love sex. text me live - i'm i my bedroom now. text sue to 89555. by textoperator g2 1da 150ppmsg 18+,1
double mins & double txt & 1/2 price linerental on latest orange bluetooth mobiles. call mobileupd8 for the very latest offers. 08000839402 or call2optout/lf56,1
new textbuddy chat 2 horny guys in ur area 4 just 25p free 2 receive search postcode or at gaytextbuddy.com. txt one name to 89693. 08715500022 rpl stop 2 cnl,1
"think ur smart ? win â£200 this week in our weekly quiz, text play to 85222 now!t&cs winnersclub po box 84, m26 3uz. 16+. gbp1.50/week",1
"had your contract mobile 11 mnths? latest motorola, nokia etc. all free! double mins & text on orange tariffs. text yes for callback, no to remove from records",1
customer loyalty offer:the new nokia6650 mobile from only â£10 at txtauction! txt word: start to no: 81151 & get yours now! 4t&ctxt tc 150p/mtmsg,1
life has never been this much fun and great until you came in. you made it truly special for me. i won't forget you! enjoy @ one gbp/sms,1
wanna get laid 2nite? want real dogging locations sent direct to ur mobile? join the uk's largest dogging network. txt park to 69696 now! nyt. ec2a. 3lp â£1.50/msg,1
urgent this is our 2nd attempt to contact u. your â£900 prize from yesterday is still awaiting collection. to claim call now 09061702893,1
you have an important customer service announcement from premier.,1
"congrats! 2 mobile 3g videophones r yours. call 09061744553 now! videochat wid ur mates, play java games, dload polyh music, noline rentl. bx420. ip4. 5we. 150pm",1
send a logo 2 ur lover - 2 names joined by a heart. txt love name1 name2 mobno eg love adam eve 07123456789 to 87077 yahoo! pobox36504w45wq txtno 4 no ads 150p.,1
"did you hear about the new ""divorce barbie""? it comes with all of ken's stuff!",1
rt-king pro video club>> need help? info@ringtoneking.co.uk or call 08701237397 you must be 16+ club credits redeemable at www.ringtoneking.co.uk! enjoy!,1
88800 and 89034 are premium phone services call 08718711108,1
goldviking (29/m) is inviting you to be his friend. reply yes-762 or no-762 see him: www.sms.ac/u/goldviking stop? send stop frnd to 62468,1
call germany for only 1 pence per minute! call from a fixed line via access number 0844 861 85 85. no prepayment. direct access! www.telediscount.co.uk,1
hi its lucy hubby at meetins all day fri & i will b alone at hotel u fancy cumin over? pls leave msg 2day 09099726395 lucy x callsâ£1/minmobsmorelkpobox177hp51fl,1
you have won a guaranteed â£1000 cash or a â£2000 prize. to claim yr prize call our customer service representative on 08714712412 between 10am-7pm cost 10p,1
sunshine quiz! win a super sony dvd recorder if you canname the capital of australia? text mquiz to 82277. b,1
"congratulations! thanks to a good friend u have won the â£2,000 xmas prize. 2 claim is easy, just call 08718726971 now! only 10p per minute. bt-national-rate.",1
free entry into our â£250 weekly competition just text the word win to 80086 now. 18 t&c www.txttowin.co.uk,1
"accordingly. i repeat, just text the word ok on your mobile phone and send",1
"thanks for your ringtone order, reference number x49.your mobile will be charged 4.50. should your tone not arrive please call customer services 09065989182",1
"reminder from o2: to get 2.50 pounds free call credit and details of great offers pls reply 2 this text with your valid name, house no and postcode",1
"dear voucher holder, 2 claim this weeks offer, at your pc go to http://www.e-tlp.co.uk/expressoffer ts&cs apply.2 stop texts txt stop to 80062.",1
you have won a nokia 7250i. this is what you get when you win our free auction. to take part send nokia to 86021 now. hg/suite342/2lands row/w1jhl 16+,1
send a logo 2 ur lover - 2 names joined by a heart. txt love name1 name2 mobno eg love adam eve 07123456789 to 87077 yahoo! pobox36504w45wq txtno 4 no ads 150p,1
themob>yo yo yo-here comes a new selection of hot downloads for our members to get for free! just click & open the next link sent to ur fone...,1
splashmobile: choose from 1000s of gr8 tones each wk! this is a subscrition service with weekly tones costing 300p. u have one credit - kick back and enjoy,1
do you want a new video handset? 750 anytime any network mins? half price line rental? camcorder? reply or call 08000930705 for delivery tomorrow,1
please call 08712402902 immediately as there is an urgent message waiting for you.,1
<forwarded from 21870000>hi - this is your mailbox messaging sms alert. you have 4 messages. you have 21 matches. please call back on 09056242159 to retrieve your messages and matches,1
as a registered subscriber yr draw 4 a â£100 gift voucher will b entered on receipt of a correct ans. when are the next olympics. txt ans to 80062,1
"themob> check out our newest selection of content, games, tones, gossip, babes and sport, keep your mobile fit and funky text wap to 82468",1
"hot live fantasies call now 08707509020 just 20p per min ntt ltd, po box 1327 croydon cr9 5wb 0870 is a national rate call",1
u 447801259231 have a secret admirer who is looking 2 make contact with u-find out who they r*reveal who thinks ur so special-call on 09058094597,1
"freemsg hey u, i just got 1 of these video/pic fones, reply wild to this txt & ill send u my pics, hurry up im so bored at work xxx (18 150p/rcvd stop2stop)",1
"our mobile number has won â£5000, to claim calls us back or ring the claims hot line on 09050005321.",1
we tried to contact you re your reply to our offer of a video handset? 750 anytime any networks mins? unlimited text? camcorder? reply or call 08000930705 now,1
500 free text msgs. just text ok to 80488 and we'll credit your account,1
sunshine quiz wkly q! win a top sony dvd player if u know which country the algarve is in? txt ansr to 82277. â£1.50 sp:tyrone,1
"hey boys. want hot xxx pics sent direct 2 ur phone? txt porn to 69855, 24hrs free and then just 50p per day. to stop text stopbcm sf wc1n3xx",1
enjoy the jamster videosound gold club with your credits for 2 new videosounds+2 logos+musicnews! get more fun from jamster.co.uk! 16+only help? call: 09701213186,1
"freemsg: claim ur 250 sms messages-text ok to 84025 now!use web2mobile 2 ur mates etc. join txt250.com for 1.50p/wk. t&c box139, la32wu. 16 . remove txtx or stop",1
i'd like to tell you my deepest darkest fantasies. call me 09094646631 just 60p/min. to stop texts call 08712460324 (nat rate),1
we tried to contact you re your reply to our offer of 750 mins 150 textand a new video phone call 08002988890 now or reply for free delivery tomorrow,1
"smsservices. for yourinclusive text credits, pls goto www.comuk.net login= 3qxj9 unsubscribe with stop, no extra charge. help 08702840625.comuk. 220-cm2 9ae",1
"thanks for your ringtone order, reference number x29. your mobile will be charged 4.50. should your tone not arrive please call customer services 09065989180",1
"orange customer, you may now claim your free camera phone upgrade for your loyalty. call now on 0207 153 9996. offer ends 14thmarch. t&c's apply. opt-out availa",1
"upgrdcentre orange customer, you may now claim your free camera phone upgrade for your loyalty. call now on 0207 153 9153. offer ends 26th july. t&c's apply. opt-out available",1
"urgent! your mobile no 07xxxxxxxxx won a â£2,000 bonus caller prize on 02/06/03! this is the 2nd attempt to reach you! call 09066362231 asap! box97n7qp, 150ppm",1
join the uk's horniest dogging service and u can have sex 2nite!. just sign up and follow the instructions. txt entry to 69888 now! nyt.ec2a.3lp.msg@150p,1
freemsg>fav xmas tones!reply real,1
"lookatme!: thanks for your purchase of a video clip from lookatme!, you've been charged 35p. think you can do better? why not send a video in a mmsto 32323.",1
5p 4 alfie moon's children in need song on ur mob. tell ur m8s. txt tone charity to 8007 for nokias or poly charity for polys: zed 08701417012 profit 2 charity.,1
"claim a 200 shopping spree, just call 08717895698 now! have you won! mobstorequiz10ppm",1
hi if ur lookin 4 saucy daytime fun wiv busty married woman am free all next week chat now 2 sort time 09099726429 janinexx callsâ£1/minmobsmorelkpobox177hp51fl,1
"i want some cock! my hubby's away, i need a real man 2 satisfy me. txt wife to 89938 for no strings action. (txt stop 2 end, txt rec â£1.50ea. otbox 731 la1 7ws. )",1
"you are guaranteed the latest nokia phone, a 40gb ipod mp3 player or a â£500 prize! txt word: collect to no: 83355! ibhltd ldnw15h 150p/mtmsgrcvd18",1
free entry in 2 a weekly comp for a chance to win an ipod. txt pod to 80182 to get entry (std txt rate) t&c's apply 08452810073 for details 18+,1
100 dating service cal;l 09064012103 box334sk38ch,1
"new tones this week include: 1)mcfly-all ab.., 2) sara jorge-shock.. 3) will smith-switch.. to order follow instructions on next message",1
freemsg: our records indicate you may be entitled to 3750 pounds for the accident you had. to claim for free reply with yes to this msg. to opt out text stop,1
u have a secret admirer who is looking 2 make contact with u-find out who they r*reveal who thinks ur so special-call on 09065171142-stopsms-08,1
"free entry to the gr8prizes wkly comp 4 a chance to win the latest nokia 8800, psp or â£250 cash every wk.txt great to 80878 http//www.gr8prizes.com 08715705022",1
get your garden ready for summer with a free selection of summer bulbs and seeds worth â£33:50 only with the scotsman this saturday. to stop go2 notxt.co.uk,1
text & meet someone sexy today. u can find a date or even flirt its up to u. join 4 just 10p. reply with name & age eg sam 25. 18 -msg recd@thirtyeight pence,1
you are now unsubscribed all services. get tons of sexy babes or hunks straight to your phone! go to http://gotbabes.co.uk. no subscriptions.,1
buy space invaders 4 a chance 2 win orig arcade game console. press 0 for games arcade (std wap charge) see o2.co.uk/games 4 terms + settings. no purchase,1
bought one ringtone and now getting texts costing 3 pound offering more tones etc,1
want explicit sex in 30 secs? ring 02073162414 now! costs 20p/min gsex pobox 2667 wc1n 3xx,1
you will be receiving this week's triple echo ringtone shortly. enjoy it!,1
urgent! please call 09061743810 from landline. your abta complimentary 4* tenerife holiday or #5000 cash await collection sae t&cs box 326 cw25wx 150 ppm,1
you have won a guaranteed â£1000 cash or a â£2000 prize.to claim yr prize call our customer service representative on,1
todays voda numbers ending with 7634 are selected to receive a â£350 reward. if you have a match please call 08712300220 quoting claim code 7684 standard rates apply.,1
ree entry in 2 a weekly comp for a chance to win an ipod. txt pod to 80182 to get entry (std txt rate) t&c's apply 08452810073 for details 18+,1
your weekly cool-mob tones are ready to download !this weeks new tones include: 1) crazy frog-axel f>>> 2) akon-lonely>>> 3) black eyed-dont p >>>more info in n,1
thanks for the vote. now sing along with the stars with karaoke on your mobile. for a free link just reply with sing now.,1
"text82228>> get more ringtones, logos and games from www.txt82228.com. questions: info@txt82228.co.uk",1
"sppok up ur mob with a halloween collection of nokia logo&pic message plus a free eerie tone, txt card spook to 8007",1
money!!! you r a lucky winner ! 2 claim your prize text money 2 88600 over â£1million to give away ! ppt150x3+normal text rate box403 w1t1jy,1
loans for any purpose even if you have bad credit! tenants welcome. call noworriesloans.com on 08717111821,1
"want to funk up ur fone with a weekly new tone reply tones2u 2 this text. www.ringtones.co.uk, the original n best. tones 3gbp network operator rates apply",1
<forwarded from 448712404000>please call 08712404000 immediately as there is an urgent message waiting for you.,1
ur cash-balance is currently 500 pounds - to maximize ur cash-in now send cash to 86688 only 150p/msg. cc: 08708800282 hg/suite342/2lands row/w1j6hl,1
"had your contract mobile 11 mnths? latest motorola, nokia etc. all free! double mins & text on orange tariffs. text yes for callback, no to remove from records.",1
guess who am i?this is the first time i created a web page www.asjesus.com read all i wrote. i'm waiting for your opinions. i want to be your friend 1/1,1
"ur balance is now â£600. next question: complete the landmark, big, a. bob, b. barry or c. ben ?. text a, b or c to 83738. good luck!",1
ur awarded a city break and could win a â£200 summer shopping spree every wk. txt store to 88039 . skilgme. tscs087147403231winawk!age16 â£1.50perwksub,1
private! your 2003 account statement for shows 800 un-redeemed s. i. m. points. call 08715203694 identifier code: 40533 expires 31/10/04,1
"xxxmobilemovieclub: to use your credit, click the wap link in the next txt message or click here>> http://wap. xxxmobilemovieclub.com?n=qjkgighjjgcbl",1
call freephone 0800 542 0578 now!,1
urgent this is our 2nd attempt to contact u. your â£900 prize from yesterday is still awaiting collection. to claim call now 09061702893. acl03530150pm,1
"sunshine hols. to claim ur med holiday send a stamped self address envelope to drinks on us uk, po box 113, bray, wicklow, eire. quiz starts saturday! unsub stop",1
xmas prize draws! we are trying to contact u. todays draw shows that you have won a â£2000 prize guaranteed. call 09058094565 from land line. valid 12hrs only,1
knock knock txt whose there to 80082 to enter r weekly draw 4 a â£250 gift voucher 4 a store of yr choice. t&cs www.tkls.com age16 to stoptxtstopâ£1.50/week,1
"free game. get rayman golf 4 free from the o2 games arcade. 1st get ur games settings. reply post, then save & activ8. press 0 key for arcade. termsapply",1
urgent! your mobile number has been awarded a <ukp>2000 prize guaranteed. call 09061790125 from landline. claim 3030. valid 12hrs only 150ppm,1
win a â£200 shopping spree every week starting now. 2 play text store to 88039. skilgme. tscs08714740323 1winawk! age16 â£1.50perweeksub.,1
u r a winner u ave been specially selected 2 receive â£1000 cash or a 4* holiday (flights inc) speak to a live operator 2 claim 0871277810710p/min (18 ),1
valentines day special! win over â£1000 in our quiz and take your partner on the trip of a lifetime! send go to 83600 now. 150p/msg rcvd. custcare:08718720201.,1
had your mobile 10 mths? update to latest orange camera/video phones for free. save â£s with free texts/weekend calls. text yes for a callback orno to opt out,1
moby pub quiz.win a â£100 high street prize if u know who the new duchess of cornwall will be? txt her first name to 82277.unsub stop â£1.50 008704050406 sp,1
urgent! we are trying to contact you. last weekends draw shows that you have won a â£900 prize guaranteed. call 09061701851. claim code k61. valid 12hours only,1
new textbuddy chat 2 horny guys in ur area 4 just 25p free 2 receive search postcode or at gaytextbuddy.com. txt one name to 89693,1
you can donate â£2.50 to unicef's asian tsunami disaster support fund by texting donate to 864233. â£2.50 will be added to your next bill,1
"hi babe its chloe, how r u? i was smashed on saturday night, it was great! how was your weekend? u been missing me? sp visionsms.com text stop to stop 150p/text",1
"for ur chance to win a â£250 cash every wk txt: action to 80608. t's&c's www.movietrivia.tv custcare 08712405022, 1x150p/wk",1
"bored of speed dating? try speedchat, txt speedchat to 80155, if you don't like em txt swap and get a new chatter! chat80155 pobox36504w45wq 150p/msg rcd 16",1
u have won a nokia 6230 plus a free digital camera. this is what u get when u win our free auction. to take part send nokia to 83383 now. pobox114/14tcr/w1 16,1
"for ur chance to win a â£250 cash every wk txt: action to 80608. t's&c's www.movietrivia.tv custcare 08712405022, 1x150p/wk.",1
winner! as a valued network customer you hvae been selected to receive a â£900 reward! to collect call 09061701444. valid 24 hours only. acl03530150pm,1
network operator. the service is free. for t & c's visit 80488.biz,1
"dear voucher holder, to claim this weeks offer, at you pc please go to http://www.e-tlp.co.uk/expressoffer ts&cs apply. to stop texts, txt stop to 80062",1
free 1st week entry 2 textpod 4 a chance 2 win 40gb ipod or â£250 cash every wk. txt pod to 84128 ts&cs www.textpod.net custcare 08712405020.,1
freemsg: 1-month unlimited free calls! activate smartcall txt: call to no: 68866. subscriptn3gbp/wk unlimited calls help: 08448714184 stop?txt stop landlineonly,1
"do you realize that in about 40 years, we'll have thousands of old ladies running around with tattoos?",1
double your mins & txts on orange or 1/2 price linerental - motorola and sonyericsson with b/tooth free-nokia free call mobileupd8 on 08000839402 or2optout/hv9d,1
urgent! your mobile number has been awarded with a â£2000 bonus caller prize. call 09058095201 from land line. valid 12hrs only,1
hello. we need some posh birds and chaps to user trial prods for champneys. can i put you down? i need your address and dob asap. ta r,1
freemsg today's the day if you are ready! i'm horny & live in your town. i love sex fun & games! netcollex ltd 08700621170150p per msg reply stop to end,1
"will u meet ur dream partner soon? is ur career off 2 a flyng start? 2 find out free, txt horo followed by ur star sign, e. g. horo aries",1
want explicit sex in 30 secs? ring 02073162414 now! costs 20p/min,1
"thank you, winner notified by sms. good luck! no future marketing reply stop to 84122 customer services 08450542832",1
"hello from orange. for 1 month's free access to games, news and sport, plus 10 free texts and 20 photo messages, reply yes. terms apply: www.orange.co.uk/ow",1
"spjanuary male sale! hot gay chat now cheaper, call 08709222922. national rate from 1.5p/min cheap to 7.8p/min peak! to stop texts call 08712460324 (10p/min)",1
todays vodafone numbers ending with 0089(my last four digits) are selected to received a â£350 award. if your number matches please call 09063442151 to claim your â£350 award,1
"this is the 2nd time we have tried 2 contact u. u have won the 750 pound prize. 2 claim is easy, call 08712101358 now! only 10p per min. bt-national-rate",1
74355 xmas iscoming & ur awarded either â£500 cd gift vouchers & free entry 2 r â£100 weekly draw txt music to 87066 tnc,1
urgent! we are trying to contact you. last weekends draw shows that you have won a â£900 prize guaranteed. call 09061701939. claim code s89. valid 12hrs only,1
do you want a new video phone750 anytime any network mins 150 text for only five pounds per week call 08000776320 now or reply for delivery tomorrow,1
sms auction - a brand new nokia 7250 is up 4 auction today! auction is free 2 join & take part! txt nokia to 86021 now!,1
"all the lastest from stereophonics, marley, dizzee racal, libertines and the strokes! win nookii games with flirt!! click themob wap bookmark or text wap to 82468",1
a â£400 xmas reward is waiting for you! our computer has randomly picked you from our loyal mobile customers to receive a â£400 reward. just call 09066380611,1
"Urgent! Limited time offer: Win a brand new iPhone X! Click link to claim now: text ""claim"" to 90011 (18+) msg & data rates apply. Ends tonight!",1
"Congrats! You've won a brand new iPhone X! Claim your prize by calling 0845-123-4567 or texting ""claim"" to 67890. Hurry, offer ends soon!",1
"urgent: claim your free smartphone now! click link to verify eligibility and unlock your prize. limited time offer, act fast! #winaphone #techupgrade #freebie  promo code: LUCKY123 - unlock a secret sale with exclusive discount",1
"Win a brand new iPhone X! Hurry, only 24 hours left! Text ""claim"" to 07825 932 321 to confirm your entry. Message and data rates may apply. Good luck! #iPhoneGiveaway #WinBig",1
"October surprise! Unclaimed lottery winnings of £10,000 await. Claim now, call 08445678910. UK local rate, 13p/min. Hurry, claim expires soon! To opt-out",1
"""Congratulations! Win $1000 now, claim your prize by calling 0800-123-4567. Limited time offer, don't miss out!""  ""Unlock 5 free games on your mobile! Text PLAY to",1
"Urgent! You've been selected for a special offer: £100 Amazon gift card. Reply ""claim"" to claim now! Only 10 spots left! 08718726970, just 10p/min. Don'",1
"Alert: You've won a brand new iPhone 13! Claim now by calling 0800-123-4567 or click the link to confirm your details. Hurry, offer ends soon! #winningsms #iphone13 #",1
urgent! you've been selected! claim your £5000 prize now! call 09031234567 from landline. valid for 24 hours only! don't miss out!,1
"Urgent! Unclaimed lottery prize worth £5000 awaits! Call 0844 567 8901 to claim, limited time offer! Don't miss out! 🎟️🏆 #luckylos",1
"Congratulations! Your £10,000 lottery prize is ready for collection. Call 09050123456 now to claim! Standard text rate, max 10 mins. SAE, PO Box 456, Liverpool,",1
"Win a life-changing â€‹£10,000 prize! Hurry, claim yours now at www.winbigprize.com. Reply ""claim"" to confirm your entry. 18+ only. Terms apply. Free call 0800",1
"**Congratulations!** Win £5000 now! Call 08001234567 (free from landline) to claim. 18+, 15p/min. To opt out, text ""STOP"" to 8",1
"🚨 Urgent! You've been chosen for a free Apple Watch! Claim now by calling 08445678901, only 15p/min. Winner announced in 2 hours. Hurry! #LuckyYou",1
"Urgent! ðŸ”¨ Win a brand new iPhone 13Pro. Call 08712223344 now to claim! Limited time offer. only 10p per minute. bt-national-rate. Hurry, claim your prize",1
"Attention! You've been selected for a special offer: win a brand new iPhone X! Reply ""claim"" to this text to redeem. Call 0908202020 to confirm, standard rate applies. Winner announced within 48 hours.",1
"Win an iPhone 13 Pro Max! Call 09032123456 now to claim, limited time offer! 18+, UK residents only. 150p/min call. Winner announcement in 3 days. Text HELP",1
"Attention! 🚨 You've been selected for a special offer: win a brand new iPhone X! Reply with ""Claim"" to receive instructions. 🔥 Offer expires in 2 hours! 💔 txt STOP to opt-out. help",1
"Urgent! Win a £500 Amazon voucher! Dial 09065551234 now to claim, but hurry, offer ends midnight! Don't miss out!  OR  Congratulations! You've won an",1
"""Congratulations! You've been selected for a £5000 lottery prize. Call 08457654321 now to claim before it's too late!""  ""Limited time offer: Upgrade your phone to the latest",1
alert! congratulations! you've won a brand new iphone 13. claim now by calling 08455678901. use code XYZ123. offer ends midnight tonight! 180ppm,1
"Urgent! Congratulations, you've won a brand new iPhone X! Claim now by txting ""claim"" to 73211. T&Cs: www.winniphone.com ltd, PO Box 9876, BH",1
urgent! you've won a brand new iphone 13! claim your prize before it's too late. call 09050001234 from landline. confirm code xyz. valid for 24 hours only.  or,1
Attention! You've been randomly selected to receive a free Samsung Galaxy S21. Claim your prize by calling 0800-123-4567 now! Offer ends in 2 hours. Congrats! #winnings #techupgrade,1
"Attention! ðŸ”ire ðŸ”ire ðŸ”ire: Win a brand new iPhone X! Click the link to claim: bit.ly/iPhoneXWin Now, time is running out! Offer ends midnight tonight! #iPhoneXGiveaway",1
"urgent! claim your €1000 prize and free iphone 13 now! call 0845-365-1234 to confirm your details, time is running out! (18+, p/min) #winning #lottery #",1
"🚨 Urgent: Win a brand new iPhone! Click here to claim: bit.ly/iPhoneGiveaway. Hurry, only 24 hours left! 📱📱📱 #winning #tech #giveaway",1
"Hurry! Win a brand new iPhone 13 Pro Max! Reply ""Claim"" to 67890 now and be entered to win. Standard text rates apply. Winner announced tomorrow. Good luck!",1
Attention! Unclaimed prize alert: £500 Amazon voucher waiting for you. Confirm claim at [link] or call 0845-123-4567 (urgent),1
"Attention! Unclaimed: £1,500 prize waiting for you! Call 09061112222 now to claim before it's too late! Text STOP to opt-out.  Congratulations! You've won a",1
"Alert! You've been selected for a free iPhone X! Claim now by calling 09035123456. Standard rate call, max £2.50 per minute. Hurry, offer ends soon! #iPhoneWin #LuckyYou",1
Urgent! Unclaimed £500 iTunes gift card! Click link to claim: bit.ly/3s8xNmL Offer ends in 2 hours! Hurry! #win #free #gift #Apple #iPhone #iPad,1
Win a brand new iPhone 13! Click the link to claim now: text WINIPHONE to 90011. Message & data rates apply. 18+. optout txt STOP FREE mynumber123 xyz456.,1
"Urgent! Claim your £500 Amazon voucher now! Text ""claim"" to 80011. Standard text rates apply. Offer ends midnight tonight!",1
urgent: win iphone 13! call 08003331111 now and claim your prize. standard rate applies. to opt out text STOP to 07801234567. offer ends in 24 hours,1
"win iphone 13! answer 3 questions - be the first to own it! reply yes, send your name & number. limited time offer! - urgent: claim your £500 amazon gift card, call 0845 862 3",1
"win a brand new iphone 13! reply with your email address to claim, limited time offer!  or  urgent: you've won a 5000 euro vacation! confirm your details to claim, offer ends soon! txt yes to 8",1
"🎊 Exciting news! You've won a brand new iPhone 13! Claim it now by calling 0844-567-8901. Standard rates apply. Hurry, offer ends soon! �����",1
"Attention! You've won a brand new iPhone 13! Claim now by calling 0800-123-4567 or clicking the link in this message. Don't miss out! (18+, data charges apply)  C",1
"urgent! win iphone 13 pro max! text ""claim"" to 87821 now! limited time offer, don't miss out! prize sponsored by apple, proof: 123456789011. txt help for info",1
urgent! you've won a brand new iphone 12! claim now by calling 09061234567 from your landline. text 'claim' to confirm eligibility. winner announced in 24 hours. t&cs apply.,1
"Win a brand new iPhone X! Hurry, call 0845-567-8910 now to claim! Text CONFIRM and your serial number to verify. Limited time offer!",1
"Urgent: £10,000 lottery win waiting! Claim now or it's gone! Click link to confirm info & collect prize. www.wintoday.com  or  Attention: Limited time offer! Get 50% off on Apple",1
"Win a brand new iPhone X! Call 07532 123456 now and confirm your details. Limited time offer, claim yours before it's too late! #iPhoneX #free #prize #win #callnow",1
you've won an iphone 12! claim now by calling 08001234567. free delivery. offer ends soon. text STOP to opt out. 1.50 per msg recd. customer service: 078,1
"alarming! you've won a <usd>10000 lottery, contact 0013215556321 immediately to claim, time is running out!  urgent! your account is about to be closed, renew now and",1
"📣 Urgent! Claim your free iPhone X or £1500 cash prize now! Reply ""claim"" to 07777 123456 or call 09050003211 before the draw",1
"Win £1000! Quick, text A, B, or C to 78564 to claim. Offer ends in 2 hours!  Claim your free Samsung TV now! Click here: http://www.prizeclaim.net/tvoffer",1
"urgently claim your £500 Amazon gift card! text claim to 80012, offer valid till midnight. call 08712530012 for assistance, std rates apply. don't miss out!",1
"winning alert! claim your â€¢1500 cash prize now! call 09032123456 or click link within 2hrs, valid till midnight! congrats! #luckydays",1
"You've been chosen! Claim your £500 Amazon voucher now: click here! Hurry, offer ends tonight. Valid until code expires.  Congratulations! Win a brand new iPhone 13. Call 020 351",1
Attention! Unclaimed $1000 prize waiting for you. Call 08712773211 now to claim before it's too late!,1
"win iphone 13 now! click link below and enter code XMAS21, limited time offer!  urgent! you've been selected for a £500 amazon gift card, claim it now at winbig.net/giftcard",1
"alert! claim your free iphone 13 pro max now! call 08451234567 to confirm info, limited time offer! #winner #freeiphone #urgent!",1
🚨 Urgent! Win an iPhone 13 Pro Max! Reply with your name and answer 3 simple questions to enter. Limited spots available! 📱 Hurry! #LuckyWinner2023 #iPhoneGiveaway,1
🚨 Urgent! Win £500 Amazon voucher! Click link to claim: http://winthemoney.now/12345 🏆 Offer ends soon! Don't miss out! ⏳ #jackpot,1
"""Congratulations! You've won a brand new iPhone 13! Claim now by calling 0844-567-8901 within the next hour. Winner announced in 10 minutes!""  ""Breaking News: Your mobile",1
"Urgent! Win an iPhone X! Click this link now and confirm your entry: [scamlink.com/iphonex](http://scamlink.com/iphonex) *Terms apply, limited time offer. Call 0800-1234",1
"Attention! Unclaimed $10,000 prize waiting for you. Claim now at www.prizewin.net or call 0800-123-4567 (standard rates apply). Hurry, offer ends soon!",1
urgent! Congratulations! You've won a brand new iPhone 13! Claim your prize by calling 0845-123-4567 from a landline within 12 hours. Enter code #WIN. Don't miss out!,1
"Unclaimed prize alert! Text ""win"" to 07987654321 to discover what you've won. Hurry, claim by EOD today! #goodfortune awaits #winnerannouncement #urgentactionrequired",1
"Win $1000 instantly! Hurry, offer ends tonight. Claim now by calling 0845 862 3210 or click link: hxxp://scamwebsitename.com/claim.txt (18+)",1
"urgent! win iphone 13, text winiphone to 80055, limited time offer, call 08449872837 for help, 50p/msg, uk residents only. don't miss out!",1
Urgent: You've won a brand new iPhone 13! Call 0845-123-4567 now to claim before the offer expires! Don't miss out! #winner #freephone #limitedtimeoffer,1
"urgent! you've been selected for a free iphone 12! text ""claim"" to 87023 now to confirm delivery details! offer expires in 24 hours. msg & data rates apply. #winning!",1
"Win a brand new iPhone 13! Hurry, offer ends in 2 hours! Call 0800-1234-5678 or click the link to claim yours now!  Limited time offer: Get 500 free minutes and",1
"Win a brand new iPhone X! Act fast, only 24 hours left. Reply with ""Claim"" to enter, or call 0800-123-4567 to confirm. Offer valid until midnight. Don't miss out! #iPhone",1
"urgent! win a brand new iphone 13 pro max! text ""winiphone"" to 67890 now! t&c apply www.iphonewin.com limited time offer! don't miss out!",1
Attention! You've been chosen for a special offer: get a free 1-year Netflix subscription. Hurry up and confirm your email address at netflixwin.com to claim your prize! Offer valid for 24 hours only. Click now!,1
"Urgent! Unclaimed £5000 prize awaits! Call 09012345678 to claim, text YES and reference code XYZ123! Don't miss out! (18+)",1
"Mystery admirer revealed! Call 09058123456 now to discover who it is. Your secret love awaits, hurriesunsetbox1432lancs 15p/min 18+ only.",1
"win now! call 08005555555 to claim your £5000 prize or £10000 vacation. time is running out, act fast!  urgent: your account has been selected for a £100 bonus.",1
"Attention! Unbelievable offer: win an iPhone X with just one click! Call 07878912345 now and activate your prize! Hurry, offer ends soon! #winner #freeiphone",1
"⚡URGENT!! Massive prize alert! Win a brand new iPhone 13 Pro Max or £2000 cash. Claim now, but hurry! Call 0844-800-1234 to confirm your win. (Calls cost",1
urgent! you've won a brand new iphone 13! claim now by calling 0800-123-4567 or click link to confirm: www.winsiphone13.com offer expires in 2hrs! congr,1
Urgent: Win an iPhone 13! Reply with your email to confirm delivery address. Offer ends in 2 hours. Claim now at winiphone13.com/code: XYZ123  or  Congratulations! You',1
"Win a brand new iPhone 13! Hurry, offer ends tonight. Call 09025551234 to claim, standard rates apply.  Urgent: You've been selected for a £10,000 lottery prize!",1
"Win â€śThe Ultimate Tech Prize Pack""! Call 08712345678 now to claim. Limited time offer! Text STOP to opt-out.  Congratulations! You've been selected for a free iPhone X! Rep",1
"Alert! Win a brand new iPhone 13 Pro Max! Reply with ""Claim"" to receive activation code. Hurry, offer ends soon! (call 0800-123-4567 for help)  Congratulations! You'",1
"Win a brand new iPhone 13! Hurry, claim your prize by calling 0800-123-4567 now. Only 10p per minute, BT national rate. Don't miss out!",1
urgent! win iphone 12 pro max! click link to claim: m.example.com/winiphone limited time offer! claim your £1000 amazon gift card: t.co/fakeprize urgent call: 08,1
"alert! you've been randomly selected to receive a free samsung galaxy s21! reply with ""claim"" to redeem or call 08001234567 for more info. offer expires soon! msg&data rates may apply. txt HEL",1
"Win a brand new iPhone X! Hurry, offer ends in 2 hours. Claim now by calling 08455678901 or clicking the link: xyz.abc123.4lk.url.com. Don't miss",1
"Alert! 🚨 Win a brand new iPhone 13 Pro Max! Hurry, text ""claim"" to 07825345678 to confirm your entry. Limited spots available! #iPhone13Winner #freeiphone #",1
"Attention! Win a brand new iPhone 13! Hurry, call 09021234567 now and press 1 to claim. Winner announced today! Text STOP to opt out. Standard rates apply.",1
"Urgent! Claim your £500 cash prize now! Reply with code ""WIN"" or call 08001234567 to confirm. Offer ends soon!",1
"Win a brand new iPhone 13! Hurry, offer ends tonight. Text ""iPhone"" to 123456 to claim. Message and data rates apply.  Congrats! You've been selected for a surprise prize! Click here to claim your",1
you've been randomly selected to receive a brand new iPhone X! claim now by calling 0800-123-4567 or visit the link below before it's too late!  text WINIPHONE to 8888 to confirm your,1
Breaking news! Your number has been randomly selected to receive a special reward. Dial 09065432109 now and press 1 to claim your £500 cash prize. Offer valid for the next 2 hours only!,1
"Alert! Congratulations, you've won an iPhone X! Hurry and claim it now by clicking the link: bit.ly/iphonexwin. Offer valid until midnight tonight. Share with friends for extra chances! #winnertake note: standard message rates apply",1
"Urgent: You've won a brand new iPhone 13! Claim your prize by calling 08712223344 now. Limited time offer, only 10 winners left! Standard rates apply.",1
unclaimed lottery prize: £10k! claim now via link: tinyurl.com/winnermail or call 02031508363 to confirm details. don't miss out!,1
Win £1000 now! Urgent call 09050002345 to claim your prize. Valid for 1 hour only!,1
"""Limited time offer! Claim your free Samsung Galaxy S21 Ultra now. Call 0800-123-4567 to activate. Offer ends in 24 hours. 18+, t&cs apply.""",1
"URGENT: You've won a brand new iPhone! Claim it now by calling 0843 567 8901 or click the link to confirm your details. Congrats! (msg & call free, std rates apply after)",1
"urgent! win a brand new iphone 13! text ""ip13win"" to 67890 to claim your prize! offer valid for 24 hours only! hurry! #iphone13giveaway #winbig #urgentwin #techn",1
"alert: claim your 5000 bonus points now! click link below before offer expires: text ""claim"" to 60777  urgent: you've won a brand new iphone 13! call 0203567",1
"urgent! claim your £100 amazon gift card now! visit http://www.winningshq.com/giftcard to redeem, offer expires soon! txt STOP to 21001 to opt-out.",1
"urgent: claim your £500 Amazon voucher! click link below to verify eligibility & collect your prize  note: offer ends in 24 hours, act fast!  [scammy looking link]  (this message is intended to create a sense",1
"Win a brand new iPhone X! Click the link to claim your prize before it's too late: http://www.iphonexgiveaway.com/claim Code: XMAS123 Enter now and be a lucky winner! 18+ only, message and data",1
"Win £500 now! Text ""claim"" to 67626. UK residents only. Hurry, offer ends midnight!  Or:  Urgent: £1000 Amazon voucher waiting! Text ""claim"" to 785",1
"Attention: Unclaimed lottery prize worth £10,000! Click here to claim now: bit.ly/win10k  Urgent: Your account is about to expire, renew for free & get double points: bit.ly/renewnow",1
"Text back ""yes"" to claim your free Samsung Galaxy S21! Urgent: Offer ends in 2 hours. Call 0845-123-4567 now to confirm details. #win #techupgrade #limitedtimeoffer",1
"Unbelievable offer! Win an iPhone 13! Hurry, text ""Claim"" to 90011 now! Winnerprizehub, no strings attached! Text STOP to opt out. £2.50 per message, 18+.",1
"⚡️ Exciting news! You've been chosen to receive a free iPhone X! Claim your prize now by calling 08712345678. Standard rates apply. Hurry, offer ends soon! ⚡️",1
"Urgent: Claim your £5,000 surprise cash prize! Call 08001234567 now to confirm details. Time-limited offer!",1
"urgently claim your Amazon voucher worth £500! text CONFIRM to 83311, code: xyz1234, offer ends soon! #win #prize #shopping",1
"Xmas surprise! ðŸŽ„ Win a â€Žâ‚¬1000 shopping spree! Click link to claim now: shorturl.com/abc123 Call 09082564321 to confirm, text cost Â",1
"Alert! Congratulations, you've won a brand new iPhone 13! Hurry, claim it now by calling 09031234567. Offer valid for the next 2 hours only!  or  Special offer: £",1
"Text message:  ""Congrats! You've won a brand new iPhone X! Call 08712345678 now to claim, offer ends in 24 hours! #winner #prize #tech""  ""Click",1
Urgent: Claim your £500 Amazon voucher now! Click link to verify eligibility & confirm details: shorturl.com/abc123 Expires tonight!  Or:  Attention! Your account is selected for a special bonus! Click to,1
"urgent! ðŸš¨ win ðŸŽ‰ a brand new iphone 13 pro max! call 09020123456 now, limited time offer, claim code: iphonewin, Â£1.50/",1
"Win a brand new iPhone 13! Reply ""iPhoneWin"" to claim. Limited time offer, only 100 winners! 18+, msg & data rates apply. Call 09021234567 to confirm.",1
"Attention! Unclaimed £3000 prize waiting for you. Call 09082523456 now or lose out! Hurry, offer ends 31/08/2022. Text STOP to opt out. Calls cost",1
"Text message:  Congratulations! You've been chosen to receive a brand new iPhone 13. Call 08001234567 now to claim. Limited time offer, act fast!  Texts cost 15p per message",1
"Win a brand new iPhone 13! Hurry, contest ends in 2 hours! Claim your prize by clicking the link: bit.ly/winiphone13 18+, msg & data charges apply. Call 0902345678",1
"urgent! claim your â€œmillion pound lottery winâ€œ now! call 09071234567 to claim, text STOP to 07891234567 to opt out (15p/msg)",1
urgent: you've won a brand new iphone 13! claim your prize by calling 09055556666 within 24 hours or miss out! text 'claim' to confirm. std rate applies.,1
"""Congratulations! You've won a brand new iPhone 13! Call 08712345678 to claim now, but hurry, offer ends in 24 hours!""  ""Unlock a secret prize worth £500! Click",1
"Urgent! Your account with number 0712345678 has been randomly selected to receive a £500 cash reward. Call 08001234567 to claim now, offer valid until midnight!  Congratulations",1
"win a £10,000 lottery jackpot! claim now by texting yes to 07986031256. wcluckydraw. tcs wcluckydraw pobox123, manchester, m1 2",1
"win a brand new iPhone X and £500 cash! call 09023456789 now to claim, text CONFIRM and your number to opt in. msg & data rates apply. www.winiphone.com/offer123",1
"Win £1000 instantly! Claim your prize by clicking this link now: tinyurl.com/winningnumbers. Urgent reply required!  Or,  Unlock a secret deal: £50 discount on Apple AirPods. Call 020 8",1
"You've been chosen! Win a brand new iPhone 13 or £1500 cash! Call now on 0845-456-7890 to claim (calls cost £1.50/min, 18+) Hurry,",1
Congratulations! You've won a brand new iPhone 13 and a £1000 shopping spree. Claim now by calling 09025251234 or click the link in this message. Offer valid for 24 hours only,1
urgent! you've been selected to receive a free iphone 13. claim now by calling 0800-123-4567 before midnight tonight. don't miss out!  or  attention: you've won a brand,1
"Win a brand new iPhone X! Hurry, call 0800-123-4567 now to claim your prize before it's too late! (Standard rate call)  Unlock a secret fortune! Reply with the code ""LUCKY1",1
Alert! Your email address has been selected for a $5000 Amazon gift card. Click here to claim now: shorturl.com/abc123 Offer expires in 24 hours!  or  Congratulations! You've been chosen,1
"""Congratulations! You've won a brand new iPhone 13. Claim your prize by calling 0845-862-0256 within the next 2 hours. Enter code #1234 to verify.""  ""Limited",1
"Win £5000! Call now 09051234567 to claim, offer ends midnight. Text YES to opt-in, std msg rates apply.",1
"Urgent! Unclaimed $10,000 prize awaits. Call 08712156789 now or lose out! Expires tomorrow.",1
urgent: claim your £1000 Amazon voucher now or lose it! click link to confirm info & collect: m.me/prizesecret123 t&c apply 18+ only,1
"urgent! don't miss out: claim your free iphone 12 or £15,000 cash. text ""claim"" to 0906523456. t&cs at www.freeswag.com 18+",1
Alert! Unclaimed iTunes gift card worth £100 waiting for you. Claim now before it's too late! Click here: bit.ly/ituneswin. Hurry! Offer ends in 24 hours! #winning #techperks #free,1
"win a brand new iphone 13! click the link to enter now and claim your prize before it's too late! hurry, offer ends soon! #winnerdrawnweekly #iphone13giveaway #clicknow #winbig #urgent #",1
"You've won an iPhone X! Claim now by calling 0845-123-4567 or click the link within to confirm your details. Hurry, offer ends soon! #winner #iPhoneX #free #prize #win #",1
"Alert: $1000 Amazon gift card yours, claim now! Text AMAZON1 to 91123, 99¢/msg. Hurry, offer ends in 24 hours! Don't miss your chance! #WinBig #Amaz",1
"Attention! You've been selected for a special surprise: win an iPhone 13 Pro Max! Text ""iPhone"" to 8005551122 now and claim your prize! Hurry, offer ends soon!",1
"Alert! Win £10,000 instantly! Hurry, claim now by clicking link or call 0845-567-8901! Don't miss your chance! #LotteryWin #UrgentCall #JackpotAlert #",1
Congrats! You've won a brand new Samsung TV! Hurry and claim it now by clicking the link: smsrewards.com/tvwinning #winner #tv #prize #urgent #actfast,1
"Congratulations! You've been selected for a special offer! Win a brand new iPhone X or £500 cash! Text ""claim"" to 07825123456 to confirm & get your unique code. Offer expires in 2 hours",1
"urgent! you've been selected to receive a free iphone 13! click this link now to claim: bit.ly/freeiphone13offer limited time offer, act fast!  or  alert! win a brand new car! text 'wincar",1
"Win a brand new iPhone 13! Claim your prize now at winnipeprizes.com/iphone13. Hurry, offer ends soon! #winner #iphone13 #free #prize #win #tech #gadgets #text",1
win a brand new iphone 13! txt: claim ur prize @ 1-800-555-1234 or click link 4 quick verification. offer ends in 24hrs! *urgent* #winbig #iphone1,1
Win £1000 now! Call 0800-123-4567 and enter code XYZ. Offer ends tonight! text STOP to opt out. www.winningprize.com,1
Attention! You've won a brand new iPhone 13! Claim your prize by calling 0800-123-4567 ext. 555 before it's too late. Congratulations! #winner #iPhone13,1
"win £10k now! click link to claim prize before it's too late! www.win10k.com call 0800-123-4567 to verify eligibility, msg & data rates apply.",1
Urgent! Congratulations! You've won a brand new iPhone 13! Claim now by calling 0845-123-4567. Offer ends midnight tonight! #winner #iPhone13 #prize #callnow,1
"""Congratulations! You've won a brand new iPhone X. Claim it now by calling 09025252525. Standard rates apply. Hurry, offer ends soon!""",1
"Congratulations! You've been selected to receive a brand new iPhone X! Claim now by calling 084456789012 within the next 24 hours. Standard rates apply. Hurry, offer ends soon!",1
"Urgent! You've been selected as a winner! £5000 cash prize, claim now text ""CLAIM"" to 41556 before it's too late! Standard message rate applies. Offer ends midnight tonight!",1
"Win a brand new iPhone 13! Click this link to claim now: bit.ly/iPhone13giveaway Hurry, offer ends in 24 hours! 📱📱📱 #winning #tech #freeiphone1",1
"Congratulations! You've been selected to receive a free iPhone 13! To claim, call 0800-123-4567 now and press 1 to speak with a representative. Hurry, offer ends in 24 hours!",1
"Congratulations! You've won a brand new iPhone 13! Call 0800-123-4567 now to claim your prize and receive a special activation code. Hurry, offer ends soon! #win #iPhone13 #callnow",1
"Urgent! Win £1000 now! Text ""claim"" to 60777. Winner announced today! tnc: www.winstreak.com/1win1000  Or:  Congrats! You've won",1
"win amazing iphone X! claim now by calling 0800-123-4567 or click link below, offer ends soon! don't miss out!  urgent notice: your account is about to expire, renew now and get 5",1
"urgent! congratulations, you've won an iphone 13! call 09065421921 to claim, offer ends in 24 hours! #winner #prize #iphone13",1
"Alert! Claim your new iPhone 13 and £15,000 cash! Reply ""iPhone"" to 78567, limited time offer! SAE, PO Box 987, Manchester, M1 2XZ. Call",1
Attention! Unclaimed prize alert: You've won a brand new iPhone X! Claim now by calling 0800-123-4567 or visit www.prize-win.com before it's too late! (18+),1
urgent: you've been selected for a free iPhone X! reply with serial number from package to claim prize at winiphonex.com or call 0800-123-4567. offer expires soon!,1
"Win a brand new iPhone 13! Click the link to claim now: shorturl.com/abc123 Limited time offer, don't miss out! age 18, msg & data rates apply.",1
urgent! you've been randomly selected to receive a brand new iphone 13! claim it now by calling 0800-123-4567 or clicking the link below. offer valid until midnight tonight!  private! your recent ebay purchase,1
urgent! win iphone 13! click link now & enter code XYZ123! limited time offer! claim your prize! http://www.iphone13giveaway.com txt STOP to 80077 + std rates apply,1
"Attention! Unclaimed $10,000 prize waiting for you! Call now and secure your fortune: 1-800-999-1234 (limited time offer)  Exclusive offer! Join our elite dating community and meet wealthy singles.",1
"urgent: claim your free iphone x! text ""iphone"" to 5555555 and confirm info at 09023456789. offer ends tonight!  or  special offer: win a brand new car! click",1
urgent! congratulations! you've won a brand new iphone 13! claim now by calling 09051234567 from a landline. offer valid for 24 hours only!  or  your mobile number has been,1
"urgent! claim your £5000 lottery win, call 09025112525 now or text 'claim' to 83966, £1.50 per message, winnings subject to tax. valid for 24hr",1
"Alert! You've been selected for a special offer: win a brand new iPhone 13! Reply ""Claim"" to 888-1234-5678 to confirm. Offer expires in 24 hours! Terms: std txt rates",1
urgent! your account is selected for a special promotion: win a brand new iPhone 13! call 0800-123-4567 now and press 1 to confirm. offer ends in 24 hours. valid for the first 50 callers,1
"winning alert! claim your £500 Amazon gift card now! text confirm to 07986012345 or call 02031311234 to verify. hurry, offer ends soon!",1
"""Congrats! You've won a brand new iPhone 13! Claim it now before it's too late. Text YES to 90055 to confirm. Message and data rates may apply.""  ""URGENT: Your account is suspended",1
"Win a Samsung Galaxy S22! Hurry, offer ends soon. Call 07825 123456 to claim. Congrats, you're a winner! 🏆🎉",1
urgent! you've won a brand new iphone 12! claim it now by calling 08009992345 or text claim to 67890. offer valid until midnight tonight!  game time! answer this question and enter,1
"""Congratulations! Claim your £500 Amazon voucher now, but hurry, offer ends tonight! Reply 'claim' to 07825 123456 or visit www.winamazon.com/uk""  ""Unlock",1
"Attention! You've hit the jackpot! 🎊 Win £3,000 now! Call 08711234567 to claim, only 15p per minute. Hurry, offer ends soon! 🎉��",1
"Alert! ðŸ”ˆ You've been selected to win a brand new iPhone 13! Claim now by calling 0871-253-0035 within 24 hours. Hurry, limited spots available! #WIN #iPhone",1
"win iphone x! click link to claim, offer ends soon!  urgent! your account is suspended, call 09055556666 to restore, 1 min call 50p  new alert! secret government documents leaked,",1
"urgent! you've won a brand new iphone 13! claim now by calling 0906007567 from your landline, offer ends in 2hrs! congrats! #winner #iphone13 #prize #",1
"Win a brand new iPhone X! Text ""iPhoneWin"" to 80011 to enter. Hurry, contest ends tonight! 18+ only. www.iphonewin.co.uk for more info. Claim your prize before it's too late!",1
"Win £500! Text ""win"" to 80086 now. 18+ t&c: www.txttowin.co.uk  Limited Time Offer! Free iPhone X with 2yr contract. Call 0800",1
"win a brand new iphone 13! click here to enter: bit.ly/iphone13giveaway urgently claim your prize before it's too late! 18+ only. msg ""claim"" to 888-000-1",1
"""Unlock your free Samsung Galaxy S21! Hurry, offer expires in 2 hours. Call 800-123-4567 to claim now.""  ""Congratulations! You've won a brand new iPad Pro! Claim your",1
"""Congrats! You've been selected to win an iPhone X! Claim your prize by calling 0845-123-4567 or visiting www.iphonewin.com within 24 hours. Hurry, offer ends soon!",1
"📱 Attention! You've been randomly selected to receive a free Samsung Galaxy S21. Call 08455678901 to claim, offer ends midnight. Win big, don't miss out! #luckydays #tech",1
"Win a brand new iPhone X! Hurry, offer ends in 2 hours. Click now to claim: winiphonex.com/claim  Urgent: Your account is about to be suspended. Renew now and get a 50% discount: renewaccount.com",1
"win £1000! ur number picked, claim ur prize by calling 09082012345 now! msg & call charges apply. 18+ only.  or  urgent! claim ur £50 amazon voucher",1
Urgent! You've won a brand new iPhone 13! Claim your prize by calling 09095252525 now! Text STOP to 07777 to opt out (£1.50/msg)! Don',1
"win an iphone 13! txt your name and number to claim, limited time offer! call 09012345678 to confirm, msg & data rates apply.",1
Urgent! Congratulations! You've won an iPhone 13! Click link to claim: m.example.com/win-iphone13 Quote code IP13-WIN at checkout. Offer ends soon!  or  Attention! £,1
"Urgent! You've won a £3,000 cash prize! Call 09072112345 now to claim or risk losing it! Valid for 24 hours only! 180ppm",1
"Congratulations! 🏆 Win a brand new iPhone X! Reply ""claim"" to collect your prize or call 0845-123-4567 now! 📱📱 #winner #freeiphone #",1
"Congratulations! You've been selected to receive a free iPhone 13. To claim, reply with your email address and answer 3 easy questions. Offer ends tonight! #luckywinner #iPhone13giveaway #limitedtimeoffer #claimnow #",1
Alert! Win an iPhone X! Click here to claim now and unlock the deal of the century! (rng123 opt out? txt STOP to 90522)  Congrats! You've been chosen! Free Samsung Galaxy S21,1
"Win £500 now! Reply ""claim"" to 67890 to enter. Hurry, contest ends in 2 hours!  Unlock exclusive deals, reply ""yes"" to 21345!  Congrats! You've",1
Attention! Win £5000 instantly. Call 0845-567-8901 now to confirm your prize. Time is running out!  Urgent: Congratulations! You've won a brand new iPhone X. Claim it,1
"Win a brand new iPhone 13! Text ""iPhoneWin"" to 78531 to enter, limited time offer! 18+, msg & data rates may apply. Claim your prize by calling 08458923456.",1
"urgent! win an iphone 13 pro max! call 08457654321 now, lines close soon! text ""WIN"" for a chance, 18+, uk residents only. msg cost 15p, t&cs apply",1
"You've won a free iPhone X! Claim now by calling 09035005525 or clicking the link below before it's too late. Hurry, offer ends soon!  textwiniphonex.com/claim1234",1
"Urgent! Win a brand new iPhone 12 Pro Max! Text CONFIRM to 67890 to claim, only 24 hours left! 18+, msg & data rates apply. Call 09055556666 to",1
ðŸš¨ Alert! You've been selected for a free iPhone X. Claim it now by clicking the link below. Offer ends in 2 hours!  ðŸŽ‰ Great news! You've won a trip to Bali! Confirm your details,1
"Win £500 instantly! Call 09082012345 to claim, text STOP to opt out. Standard rate call charges apply. Ends midnight tonight!",1
"Attention: Unclaimed £500 Amazon voucher! Claim now by clicking this link: tinyurl.com/amazongift Hurry, offer ends tonight!  Or,  Urgent: You've been selected to receive a free iPhone",1
"Win a brand new car! Urgent response required. Dial 0800-555-1212 to claim. Don't miss out!  Or,  Unlock the mystery prize! Click here: www.mysteryprize.com",1
"Urgent! Win an iPhone X! Text ""iPhoneX"" to 12345 to enter. Ends tomorrow! 18+ only. t&c's apply.  Or,  Alert: You've won a free vacation! Call 0",1
"Win £1500 now! Text ""lottery"" to 09050123456 to claim, hurry! Over 18 only, t&cs/stop 08712345678. Claim your prize before",1
"Win £10,000 instantly! Call 09061234567 now to claim, text ""WIN"" to 19001 for free entry. Winner announced in 48 hours. Over 18 only. Terms: www",1
"urgent! win a brand new iphone 13! answer this question: what's the color of money? text your answer to 67890, limited time offer! sp: jackson.  or  you've been selected to receive a special bonus",1
Urgent: £5000 lottery win! Call now to confirm: 08445678901 (12p/min) or text YES to 78901 to accept prize. Deadline: Midnight tonight!,1
"Win a brand new iPhone 13! Text ""claim"" to 888-555-1234 to confirm your prize. Hurry, offer ends in 1 hour! #iPhoneGiveaway #luckywinner #winbig #techpri",1
"Alert! Your number has been chosen to win a brand new iPhone X! Claim now by calling 08455678901 or texting ""WIN"" to 7890. Limited time offer, hurry up! Terms apply. 18+",1
"win a luxurious vacation! reply ""claim"" to 88051 for more info and entry. limited spots available! #dontmissout #travelprize",1
Text message:  Congratulations! You've won a brand new iPhone 13! Claim now by calling 0845-123-4567. Offer ends soon! Don't miss out! 18+ T&C,1
"Alert! Unclaimed iPhone X! Click link to claim now: tinyurl.com/iPhoneWin Time runs out midnight!  Mystery prize: txt 'WIN' to 87123, call 0845678901",1
"Alert: Unclaimed $500 Amazon gift card! Reply with ""Claim"" to receive instructions. Offer ends in 24 hours: www.amazonwin.com/code: AB123456  Exclusive offer: Win a brand new iPhone",1
"Win an iPhone 13! Call 0845-567-8901 to claim, hurry offer ends soon!  Get 50% off your next pizza order! Click here to order now and use code SAVE50. Offer valid until",1
Congratulations! You've won a brand new iPhone X! Claim your prize by calling 09050003211 before the code expires. Winner's announcement: 31/12/2022. t&cs/,1
winning alert! 🏆 you've been randomly selected for a £500 amazon voucher. claim now by calling 08432156789 or texting yes to 36556. offer expires in 2,1
"Hurry! Win an iPhone X! Click link now to claim: bit.ly/iphonexgiveaway 18+, 50p/min, limited time offer! Don't miss out!  or  Last chance to enter lottery: win £",1
"win! massive £10,000 lottery prize waiting, text ""claim"" to 77766 to confirm info, hurry! expires soon!  urgent! your account is at risk, call 08451234567",1
"Urgent: Congratulations! Win a brand new iPhone X! Click link to claim now, offer ends soon: sms.winiphonex.com #limitedstock #actfast",1
congratulations! you've been randomly selected to receive a free smartphone. claim yours now by calling 0843 567 8901 (standard rate) within the next 2 hours! don't miss out! #winnings #smartphone #,1
"urgent! win a brand new iphone 13! claim now at http://www.iphone13win.com/claim ts&cs apply. msg ""claim"" to 800123 to confirm. offer ends in 24 hours! don't",1
"Attention! Unclaimed lottery winnings of €10,000 waiting for you. Call 09071522333 now to claim or lose it all! 18+ t&cs apply, po box 10293ab",1
Attention! Win a brand-new iPhone 13! Text WIN to 41556 to confirm entry. Standard rates apply. Ends tomorrow! Don't miss out!,1
"alert!: you've won a brand new iphone 13! claim now by txting ""claim"" to 871-253-0987 or call 0800-123-4567 to confirm, limited time",1
"Attention! Unclaimed prize alert: Win a Samsung Galaxy S21 Ultra. Hurry, only 24 hours left! Reply with ""Claim"" to 80012345 or call 08003332222 to confirm",1
"Message 1: 🎊Win a brand new iPhone X! Hurry, last chance to enter! Call 0844 567 8901 now to claim your prize! 📱  Message 2: 🎉Unlock",1
"urgent! you've been randomly selected to win a brand new iphone 12. claim now by calling 09023456789 or texting ""win"" to 88801. congratulations! offer valid for 24",1
"Win a brand new iPhone 13! Click the link now to claim, limited time offer! or Urgent: Your account is about to be closed! Call 0800-123-4567 to verify info and keep your account active!",1
"""Congrats! £500 Amazon voucher yours, claim now! Call 08001234567 or click link in next txt before it's too late! (18+) 2 STOP txt to 882",1
Attention: You've won a brand new iPhone 13! Claim now by calling 0800-123-4567. Delivery in 24 hours. t&c apply. url: winiphone13.com. Congr,1
"Win $10,000 instantly! Call 0800-923-1234 now and speak to a representative. Don't miss out on this life-changing opportunity! Offer valid until midnight tonight. Text ""Claim"" to 555",1
"""Congratulations! £5000 lottery win waiting for you. Call 0844-567-8901 to claim now, or miss out! Operators are standing by 9am-5pm.""",1
winning alert! 🏆 claim your 📱exclusive prize: £1000 cash 💰 Call 0845-567-8901 now to confirm details & claim! offer ends midnight. #urgent #winnings #,1
Win an iPhone X! Click link to claim: http://scam123.co/winiphone Offer ends in 2 hours! Hurry!  Or:  Congrats! £100 Amazon voucher for you! Claim now,1
"win iphone x! click link to claim, hurry offer ends soon! txt confirmation 10p/msg. msg'stop' to cancel.  win big in our daily lottery! reply with your name, email, and phone number to enter. winners announced daily!",1
"🚨 Urgent:Claim your free iPhone 13 now! Reply ""Claim"" to 67676 with your email and phone number to confirm delivery 📱 Limited time offer, last chance! 📅 Offer expires in",1
Alert! You've been selected for a special offer: claim your free Samsung Galaxy S22 by calling 0845-123-4567 before midnight today! T&Cs apply. 18+. Calls cost 1.50,1
"Win a brand new iPhone X! Ur number randomly selected, call 09091234567 to claim ur prize. Msg & calls cost â£1.50/min, max 6 msg/min. 18+, game of chance,",1
"Attention! Win a brand new iPhone 13 Pro Max! Click the link to claim now: [scammylink.com/iphone13] Hurry, offer ends in 24 hours! #winnow #iphone13 #freeiphone",1
Congratulations! Your lucky number 12345 has been drawn in today's lottery. Claim your prize of €5000 before it's too late. Call 08712112222 from a landline now! Code,1
"Missed out on your chance for a free vacation? Text ""trip"" to 80251 to enter our last-minute giveaway! Limited spots left. 18+, msg&data rates apply. winvacation80251.com/rules",1
"Attention! You've won a brand new iPhone 13! Claim now by calling 0845-123-4567. Limited time offer, act fast! optout: text STOP to 27361. std rates apply.",1
"Win a brand new iPhone 13! Hurry, only 24 hours left. Call 08004567890 to claim, or click the link to confirm delivery. Ref: 8734519. Offer ends soon!",1
"win â€śthe ultimate tech bundle''! reply with your email for instant entry, time is running out! 📱💻📺 txt YES to 888111222  urgent! you've been selected",1
"urgent! claim your $1000 amazon gift card now, simply click the link and verify your account! offer expires in 24 hours!  or  you've won an iphone 13! call 08001234",1
"Attention! 🚨 Win a brand new iPhone 13 Pro Max! Hurry, claim your prize before it's too late. Call 09067891234 now! Standard rate call of Â£1.50 per minute",1
🚨 Urgent: Unclaimed £5000 prize! Call 08453211234 now to claim. Don't miss out! 🎊  📱 Exclusive offer: 2 free months of,1
"Win a brand new iPhone 13! Hurry, text ""claim"" to 85258 to enter. Only 10 winners, claim yours now! 18+, UK residents only. SMS cost 50p + standard network rate.",1
"Urgent: Claim your £500 prize! Text ""win"" to 80055. Winner announced tomorrow!  Lucky chance: 3 free lotto numbers await! Text ""lotto"" to 80049. Win big!",1
"urgent! win a brand new iphone 13, act fast! click the link below to claim: http://www.iphone13win.com limited time offer! don't miss out! #winnerannouncedsoon #freeiphone13  or",1
"Urgent: Claim your free iPhone 13 or £15,000 cash! Reply with code gp231 to 09032156789. Offer valid until midnight tonight! 18+ only.",1
"Win a brand new Samsung Galaxy S21! Act now and call 08005556677 or click link to claim. Limited time offer, hurry! #winnerdrawnsoon #samsunggalaxys21 #prizedraw #",1
"Win £500 Amazon vouchers! Hurry, offer ends tonight. Text WIN to 83210 now to claim! T&Cs apply. 18+ only. msg cost £2.50. opt-out 08777",1
"Win a brand new iPhone X! Hurry, offer ends today. Click here to claim: wowiphonewin.com/claim or call 09025252525 to confirm. msg&data costs apply.",1
"urgent! your number has been chosen for a $5000 lottery win. call 08001234567 to claim, offer ends tonight!  your account has been upgraded with 1000 free minutes. dial *90#",1
Last chance to claim your £500 Amazon voucher! Text WIN to 07955 123456 to enter. Offer ends midnight tonight. Don't miss out!,1
"urgent! congratulations! you've won a stunning iphone 13! claim now by calling 09021234567 from a landline. valid 8 hours only, 250 ppm. don't miss out!",1
"Attention! You've won a brand new iPhone X! Claim now by clicking this link: bit.ly/winiphonex. Hurry, offer ends in 24 hours! 18+ only. Call 0800-123-45",1
urgently claim your £50 Amazon voucher! click link now & confirm details by 6pm today: bit.ly/freeamazon50 #win #offer #limitedtime,1
urgent! claim your free iphone 13 now! click link: bit.ly/iphone13win or call 02035678965 before offer expires! no strings attached! ctf-87yjfh-26,1
"to unlock it. limited time offer, hurry! - congratulations! you've won a brand new smartphone. claim it by clicking here: [link] - urgent: missed call from your bank. call 011-123-4567 to",1
"""Congratulations! You've been randomly selected to receive a brand new iPhone 13. Call 02035678901 now to claim your prize and confirm delivery details. Hurry, offer ends in 2 hours!""",1
urgently claim your £500 cash prize! call 08001234567 or click link to verify eligibility & collect. offer ends soon!  or  last chance to join lottery draw & win a brand new car! dial *,1
"Win a brand new iPhone X and a â£1000 cash prize! Call 0845-123-4567 now and press 1 to claim! Offer ends tonight, don't miss out! #WinnerTakesAll #iPhone",1
"Alert! You've been selected for a special offer: Free iPhones for new Verizon customers. Hurry, offer ends in 2 hours! Call 1-866-996-2233 now to activate. Standard rates apply.  OR",1
Alert! 🚨 Win an iPhone 13 Pro Max! Click the link below & verify your entry before it's too late! 👉 [scamlink.com/verify] Don't miss out on this amazing opportunity! Hurry! ���,1
"Attention! You've been selected for a free Samsung Galaxy S22. Reply with ""Claim"" to 87151 to confirm delivery details. Limited time offer, hurry! Age 18+, 1.50£/wk subscription. Skill",1
urgent! win iphone 12 pro max! text winiphone to 77777. limited time offer! 16+ only! t&c's apply. msg & data rates may apply.  or  exclusive offer! free netflix,1
"Win £500 Amazon voucher! Reply ""Claim"" to 80012. Hurry, offer ends tonight! 18+, msg & data rates apply. For terms, reply ""Help"".",1
"Congratulations! Win a brand new iPhone 12 and £1000 cash! Call 08445678901 now to claim! 18+ only, opt out: text STOP to 077771234",1
"Alert! Unclaimed prize: $500 Amazon voucher. Activate now, code: XYZ123. Expires in 24 hours. Click link to redeem.  Congrats! Win iPhone X! Call 0800",1
Urgent: Claim your £500 Amazon voucher now! Visit http://www.prizeclaim.net/1234567890 to confirm details. Offer ends soon!  Exciting news: You've won an iPhone,1
"Urgent: Congratulations! Win iPhone 13 & £1000 cash! Call 08445678901 to claim before Mar 15, 2023. T&Cs/stop 020123",1
"Win a brand new iPhone 13! Text ""iPhone13"" to 888-555-1234 to claim. Hurry, offer ends soon! www.iphone13giveaway.com confirm 18+ optout 0",1
"win £1000 instant cash prize! text back 'claim' to 075xxxxxxx to confirm info, code: 1234567890  urgent! you've been selected for a free smartphone! confirm details at http",1
congratulations! you've won a brand new iphone 13! claim now by calling 09025112222 or clicking the link in this text. offer ends in 2 hours. enjoy!  or  attention winner!,1
"""Congratulations! Win £1000! Call 0845 567 8901 now to claim!""  ""Urgent! Your account is suspended. Update info at http://savemyaccount.com/fix""",1
Urgent: You've been selected for a £1000 surprise reward! Claim now by clicking this link: bit.ly/reward4u Or call 0845-123-4567 (12p/min) to confirm.,1
"win iphx xmas special! text winiphx to 80055, 50p/entry. 1st prize: iphx13. 3rd prize: 1000 credits. call 02031311",1
Win £1000 now! Click link to claim: hg/gift321/xmas/promo/r32a. Offer ends soon.  Urgent: You've won a brand new car! Call 0844,1
"Urgent! Win an iPhone 13! Reply with name, email, and phone number to claim: 888-555-9001, offer ends in 24 hours! Don't miss out! #iPhone13Giveaway #",1
"Win a brand new iPhone X! Hurry, send ""claim"" to 77222 now. 18+ t&c: www.iphonewin.com/x/urgent.txt",1
"Attention: Your Amazon voucher worth £50 is expiring soon! Claim now by texting ""redeem"" to 87654 and get a brand new Kindle Fire HDX. Hurry, offer ends in 2 hours! ���",1
"Win a brand new iPhone 13! Hurry, call 1-800-WIN-APP now and confirm your entry. Limited time offer, don't miss out! Terms apply.  Or  Unlock 50 free ringtones! Reply ""ring",1
"Attention! Win a brand new iPhone 13 Pro Max and 100 GB iCloud storage! Hurry, claim now by texting ""win"" to 80055. Offer valid until midnight. *18+, msg & data rates may apply.",1
urgent: claim your free iphone 13 or â€‹â€‹â‚¬5000 cash! call 07895623118 now to confirm details. offer expires in 24 hours. 18+ #w,1
"Win a brand new iPhone X! Hurry, claim your prize by calling 0845-567-8901 or click the link to confirm delivery. Congrats in advance!  Or,  Congratulations! You've been selected for",1
win 1 million pounds! claim now by calling 0845-1234-5678 or clicking link in text message. time is running out! offer ends midnight tonight! #jackpot #fortune #prize #winbig #lottery #m,1
"Win â€€500 daily! Text ""win"" to 80055 to enter. Winner announced in 2 hours. Call 09035000123 to claim. Over 18s only. T&Cs apply.",1
Urgent! You've won a brand new iPhone 13! Claim it now by calling 08001234567. Identifier code: 78912. Offer expires in 24 hours! Don't miss out,1
"Congratulations! You've been selected for a special offer: a free Samsung Galaxy S21. Claim it now by texting ""claim"" to 888-555-1234. Offer ends soon! hurr.ly/samsung",1
urgent! you've won a brand new iPhone 13! claim now by calling 09051234567 from a landline. offer valid for 24 hours only!,1
urgent! you've been selected to win a £1000 cash prize. claim it now by calling 09050005678 from a landline. offer valid for 24 hours only.  your lucky day! enter our weekly draw and,1
"Win big! Claim your £2000 lottery prize, act fast! Text confirm to 67890 now! Winnings guaranteed, don't miss out! T&Cs apply. cs@bigwinnings.com. Text cost £3.50",1
"Unbelievable offer! Win an iPhone 13 Pro Max! Text WINAPPLE to 888-555-1212 now to enter! Hurry, contest ends tonight! 📱✨ #iPhoneGiveaway #WinBig",1
Urgent: Congratulations! You've won a £500 Amazon gift card! Claim now by calling 0845-123-4567 or text YES to 67890. Offer ends soon! #win #p,1
"Breaking news! Massive cash prize waiting for you. Claim your £1000 now, hurry! Call 09051234567 to confirm win. Valid until midnight.",1
"alert! congrats, you've been selected for a free iphone 13. claim now by calling 09023456789 or texting WIN to 83089. offer valid for 24hrs only. don'",1
urgent! claim your £500 amazon voucher now! call 0800-123-4567 or click link within next 24 hours! don't miss out! t&c apply. 18+ only. txt confirm to,1
"Attention! Unbelievable opportunity: Win an iPhone X! Hurry, call 08457654321 now and press 1 to claim. Standard rate call. 18+. T&Cs apply. Act fast, lines close soon!",1
"urgent! win an iphone 13! click link to claim now! offer expires in 24 hours! #winnerpicksponsoredbyfasttechsupport.com text STOP to end, msg & data rates apply. help: 0800-5",1
"Attention! Win a brand new iPhone 13! Text ""claim"" to 91123 to claim your prize. Hurry, offer ends soon!  Congratulations! You've been randomly selected to receive a free Samsung TV! Confirm your win by",1
"Win a brand new iPhone X! Urgent action required, text ""claim"" to 08001234567 to confirm delivery. Don't miss out! #iPhoneXgiveaway #winnow #urgent #texttowin",1
"Attention! You've been selected for a special offer: win a brand new iPhone 13 and 1000 free minutes for just £3 per day. Hurry, call 08712345678 now and confirm your entry! Offer",1
"- urgent! you've won an iphone 12! claim now by calling 08455678901 or clicking link in txt msg from ""apple rewards"" - surprise! text back ""claim"" to 87123 to confirm",1
"Congratulations! You've been selected to receive a free iPhone 13! Claim it now by calling 0800-953-3210 or click the link: mynewiphone.win/claim. Hurry, offer ends soon!",1
urgently claim your amazon voucher worth £500! click this link to confirm delivery address & claim: bit.ly/freeamazon500 before it's too late! #winbig #amazongiveaway #limitedtimeoffer,1
"winning numbers for lottery drawn tonight! txt ""jackpot"" to 4955 to claim your £10k prize! 18+. msg@1.50p. www.luckywin.com optout 084584562",1
"Win a brand new smartwatch! Hurry, claim yours before it's too late. Click the link below to confirm your entry: [scammylink.com]  Limited time offer: Get a free streaming subscription worth £50! Activate now and enjoy unlimited",1
"Congratulations! You've won an iPhone X! Claim your prize now by calling 09061112222 from a landline. Hurry, offer expires soon! 18+ t&c: www.iphonewin.biz",1
"""You've won an iPad! Claim now by calling 1-800-WIN-IPAD or click link within 24 hours, offer ends soon!""  ""Unlock your secret fortune! Text BONUS to 56753 to reveal your hidden",1
"Congratulations! You've won a brand new iPhone 13! Claim now by calling 0800-123-4567. Limited time offer, lines close soon! 18+. Text ""Claim"" to confirm. Message and data charges",1
urgent! claim your £500 amazon voucher before it's too late! text claim to 34567 now! valid until midnight. t&c apply. sms.ab.56/gift,1
"urgent! you've been selected for a special offer: win a brand new iphone 13! call 08457653210 now and press 1 to claim, offer valid for the next 2 hours only. t&c's apply",1
"Attention! Unclaimed prize worth £10,000 waiting for you! Hurry, claim now at http://www.prizewin.com or call 02031334343 to confirm your win! Don't miss out!",1
"Urgent: Congratulations! Win â£10,000 now. Call 09067890123 from landline to claim. Valid for 24 hours only. t&cs apply. 18+ wn12pri",1
"Unclaimed $500 prize for you! Call 08712300220, quote code XYZ to claim now! Hurry, offer ends soon!  New text tones: 1) Justin Bieber - Baby, 2)",1
urgent! win a brand new iphone 13! call 0800 555 1234 now and claim your prize! offer ends soon!,1
"Win an iPhone X! Click here to claim: bit.ly/iphonexgiveaway Hurry, offer ends soon! 18+ only. msg & data rates apply.",1
Congratulations! ðŸŽ‰ You've been randomly selected to receive a special bonus of £1000! Hurry up and call 0845-123-4567 to claim your prize before it's too late! ðŸ,1
"alert! claim your £1000 Amazon voucher now, but hurry, offer ends midnight! click here to redeem: [link] or call 02031333344 for assistance, std rates apply.",1
"Win £500 now! Text ""lottery"" to 888-1234. Prize claimed by only 10 ppl/day. Claim yours before it's too late! info@bigwin.com 18+, 1x/",1
"Attention! You've won an iPhone 13! Claim now by calling 08718881111. Standard rates apply. Hurry, offer ends soon!",1
"Urgent: Unclaimed $500 prize! Text ""claim"" to 80012 to confirm eligibility & collect. Limited time offer! (Std txt rates apply) 18+  Or:  Congrats! You've won an",1
"urgently claim your £200 Amazon voucher! text confirm to 079860 21435. limited time offer, don't miss out! terms apply. msg & data rates may apply. to opt out, text quit.",1
"Alert: Congratulations! You've won an iPhone X! Call now to claim, 08712586521, code: WIN123. Offer valid for 24 hours only!",1
Attention! You've been selected for a special offer: win a brand new iPhone 13! Call 0800 955 1212 now to claim your prize before it's too late! Text STOP to opt-out. Standard rates apply,1
"Win a brand new iPhone X! Click here to claim now, limited time offer! http://scamlink.com/iphonex text YES to confirm delivery. Age 18+. 10£/wk subscription.",1
Urgent! Win a brand new iPhone 13! Click link to claim now: bit.ly/iPhone13giveaway Limited time offer! Unlock £100 Amazon voucher. Call 0800-123-456,1
Alert! Unclaimed prize awaits: 3-day trip to Bali with airfare included. Confirm acceptance by calling 08001234567 before midnight tonight. Hurry! Offer expires soon. #WinBig #DreamVac,1
"urgent! claim your free iphone 12 and â£1000 cash! txt ""claim"" to 888222 or call 09012345678 (std rates apply) don't miss out! offer ends soon",1
Alert: Unclaimed $1000 Amazon gift card! Claim now by calling 1-888-555-1234 or click link: example.com/claimprize. Offer ends soon!  Congrats! £,1
win £10k now! claim ur prize by calling 0800-123-4567 (std rates apply) or click link: textwins.com/abc123 unsub to quit  urgent: claim ur £50 amaz,1
"Alert! Win £500 Amazon voucher, claim now! Click link: hxxps://fakeamazon.com/winvoucher. Offer ends midnight. #yourewelcome #surprisegift #actfast #winner #freevoucher #",1
urgent: you've been randomly selected to win a brand new iphone 13! claim now by calling 08002345678 or clicking the link in this message. offer valid for the next 2 hours only. congratulations!,1
Attention! You've been selected for a special offer: win â€‹€1000! Answer this question: Which tech giant is launching a new foldable phone? Reply with your answer and contact number to 800-800-800,1
Your number 07555123456 has been randomly selected to win a brand new iPhone X! Claim your prize by calling 09012345678 before midnight tonight. Congrats!,1
"Limited time offer: win an iPhone X! Click link to claim now: xxx.com/winiphone Urgent: collect your £3000 prize, call 02031234567 (18+) Unlock your £5",1
Urgent: Unclaimed £1000 prize! Click link to claim now: textverification.com/code: AB123456  Win big! Answer 3 easy questions & get a brand new iPhone X! Reply yes to enter: luckywinnings,1
urgent! claim your free samsung s22 now! click the link & confirm your details. offer valid for 48 hours only! #winbig #techupgrade #limitedstock,1
urgent! you've been selected for a free iphone 13! click link to claim now: bit.ly/iphonewin pobox123/sdfsdf/asdfasd 25  or  breaking news! win a samsung,1
"Congratulations! You've been randomly selected to receive a brand new iPhone X. To claim your prize, call 0845-862-1234 now and press 1. Hurry, offer ends in 2 hours! *prize subject to",1
urgent! claim your free £500 amazon gift card before it's too late! call 0800-123-4567 now or click link in txt msg. 18+ only. msg & data rates apply. win big!,1
"""Limited time offer! Win an iPhone 13! Text 'iPhoneWin' to 78910, reply with your name and address. Winner announced tomorrow!""  ""Urgent! Your account is about to be closed! Call 0800",1
"🚨 Urgent! £5000 surprise cash prize for you! Call 08712573212 now to claim, lines close soon! 18+, 10ppm. t&cs apply. excite promo",1
"urgent! congratulations! you've won a brand new iphone 13 pro max worth â£1100! claim now by calling 0800-123-4567 within the next 2 hours. text ""WIN"" to confirm",1
"win iphone x! click link to claim: smslotterywins.com/ipx ur code: 87321 valid till end of day! share w friends, triple ur chances!",1
"New message:  You've won an iPhone X! Claim your prize by calling 08452345678 or clicking the link below. Limited time offer, act fast! www.giftiphone.com/claim  OR  C",1
"""Congratulations! You've won an all-expenses-paid trip to Hawaii. Confirm your acceptance and claim your prize by calling 09065211234. Message and data rates may apply.""  ""Unlock a hidden fortune! Rep",1
"Urgent! You've been selected for a special offer: £50 Amazon gift card. Reply with ""Claim"" to 33311. Limited time offer, don't miss out! 1.50p per text. To cancel, send ""Stop"".",1
you're a lucky one! win a brand new iphone 13 pro max. txt WINIPHONE to 888-222-3333 to claim. offer ends tonight. congrats! 📱🎉,1
"Win £10,000! Urgent: Call 09021234567 now to claim. Enter personal details carefully, 18+ only. 150p/call. 1st call free. Hurry, offer ends",1
Ur number ending in 1234 has won a Samsung S22! Claim now by calling 09025551234. Text STOP to opt out. Msg cost £1.50/call. UK only. Offer ends midnight,1
"Alert! Win a brand new iPhone 13! Hurry, claim your prize by calling 08715550111. Valid until midnight tonight! #iPhone13Giveaway #urgent #win #callnow",1
"Win a brand new iPhone X! Hurry, offer ends tonight. Text ""claim"" to 888-1234. Standard rates apply. Winner announced tomorrow. Good luck!",1
"urgently claim your amazon gift card worth £500! reply ""claim"" to 07825312345 or lose your prize. confirmation code: 1234-abcd-efgh. hurry! offer ends tonight!",1
"""Congratulations! You've won a brand new iPhone 13. Claim your prize now by calling 08712456789. Hurry, offer expires in 24 hours!""  ""Your account has been upgraded!",1
"Unclaimed lottery prize worth £1000! Call 08445678901 now to claim, only 10p per min, time is running out! txt STOP to opt out.",1
"Attention! Your number +1234567890 has won a $5000 lottery prize. Call 08001234567 to claim now, offer expires soon! #winning #lottery #fortune #call",1
"Congratulations! You've been chosen as a lucky winner for an iPhone X! Call 09012345678 now to claim your prize or text ""claim"" to confirm and get more info. Standard rates apply. Hurry, offer ends soon!",1
"""Congratulations! You've won a brand new iPhone X! Claim your prize now by calling 0844 800 1234 within the next hour. Standard rate call.""  ""URGENT: Your account is about to be suspended",1
"win a brand new iphone12! click the link to claim now or call 08001234567 to confirm delivery details. hurry, offer ends soon! #iphone12giveaway #winner #freeiphone",1
"You've won a brand new iPhone 13! Hurry, call 07878901234 to claim before it's too late. Enter code XYZ123. Offer expires in 2 hours.",1
"Alert: You've been selected for a special offer! Win a brand new iPhone 13 Pro max by clicking the link below within 2hrs. Hurry, limited spots available! www.iphonewin.com *exclusive prize*  Or:  U",1
"win a brand new iPhone! click here to claim: bit.ly/iphonewin ur code: xyz123 hurry, offer ends soon!",1
🚨 Urgent! You've won a brand new iPhone 13! Claim now by calling 08712345678. UK local rate. Don't miss out! 📱 #winner #prize,1
🚨 Urgent! You've won a brand new Samsung Galaxy S21! Claim now by calling 09071234567 or visiting www.win-samsung.co.uk. Only 10 winners will be chosen,1
"urgent: claim your free samsung s21 ultrawise phone now! text ""claim"" to 91127, limited time offer, 18+, t&c apply, www.phonesweepstakes.com, call 08001",1
"urgent: claim your £15,000 lottery win! call 0902 345 6789 now or miss out! ref: #ABC123 expires 31/12/21  text back ""claim",1
"Alert: Claim your £5000 Amazon voucher! Text ""WIN"" to 07825 321 321 to confirm details. Limited time offer! (18+)  Lucky draw winner! Get your brand new iPhone",1
"Win an iPhone X! Hurry, last day to enter, text ""WIN"" to 87654321 now! (Standard message rates apply) #luckywinner.  Congrats! You've been selected for a free vacation! Call",1
"You've won an iPhone X! Activate it now at 09032135678. Calls cost 1.50/min, 3-min call average. Avoid 336544 postcode london sw1a",1
Win an iPhone X! Call 09020234567 now and claim your prize! Msg & data rates apply. 18+ only. Claim by midnight tonight. Ref: PRIZE01. Valid UK numbers only.,1
"Attention! Your account has been upgraded, unlocking access to a hidden treasure. Claim your £3000 reward by calling 0844-567-8901 now. Offer expires in 2 hours. Congratulations!",1
"Win a brand new iPhone 13! Hurry, claim your prize by calling 0845-567-8910 now. Standard rates apply. 18+. Offer ends soon. t&c's apply. #appleevent202",1
"win daily draw, £500 cash prize, text enter to 80012, 18+ t&c apply, www.prizewinner.com/code: lottery  urgent! claim your £100 Amazon voucher,",1
prize_alert: you've won an ipad! claim now by calling 09012345678 or texting 'claim' to confirm delivery details. congrats! offer ends soon.,1
"Win a brand new iPhone 13! Hurry, claim your prize at winnowphone.com. Code: xyz12345  Or,  You've been selected for a special offer! Get a free smartwatch at watchupnow.com",1
"Alert! Win £5000 instant cash! Claim now at winnowmoney.com. Call 09051234567 from landline, code: 7865. Time sensitive, act fast!",1
"win a brand new iphone 13! click the link to claim now: text confirm and number to 07825345678 (msg & data rates may apply) limited time offer, hurry!",1
"alert 🚨: special offer! claim your free samsung tv now, text confirm to 07812345678 or call 08001234567 to confirm delivery info 📺 #winning #act",1
"🚨 Urgent: Claim your £500 Amazon voucher now! Reply ""claim"" to 07825 123456 or call 18+ hotline. Offer ends midnight tonight! 🏆",1
Urgent! You've won a brand new iPhone 12 Pro Max! Claim now by calling 0800-234-5678 or clicking the link in this message. Don't miss out! #winner #iPhone12ProMax,1
"last chance: win iphone 12! text ""claim"" to 90210 now! validate entry at iphonegift.com. msg & data rates apply. 18+. opt-out by texting ""stop"" at any time.",1
"Alert! Claim your £3000 Amazon voucher or £5000 cash now. Call 09021234567 from a landline to confirm details. Hurry, offer ends soon! #winnermailbox14",1
"Win £10k now! Click link to claim: http://claimprize.winbiguk.com/?ref=123456. Hurry, offer ends soon!  Congrats! You've been selected for a free iPhone X!",1
<urgent>claim your £500 cash prize! text confirm to 88866 before midnight. 18+ t&c's apply www.winbig.com/prize <important>your account is flagged for suspension! call 0,1
"You've won a brand new smartwatch! Hurry, claim it before it's too late! Click here to confirm your details: http://sms.winningwatch.com/claim Or call 0845-123-4567 to verify. Don",1
text message: 📱 Congratulations! You've won a brand new iPhone 13! Claim now by calling 09050012345 or clicking the link within 24 hours. Don't miss out! #winner,1
"Congratulations! You've been selected to receive a free iPhone X! Claim now by calling 09071234567. £1.50 per minute, your connection cost. Text STOP to opt out. Age 18+ only.",1
"Win a brand new iPhone X! Hurry, offer ends soon. Click link to claim: bit.ly/iphonexgiveaway123  Or,  Urgent: £10,000 lottery win waiting! Claim now, or it",1
"Act now! Claim your free iPhone X or £15,000 in cold hard cash. Call 0844 123 4567 to verify details. Hurry, offer ends in 24 hours! 18+ only. Sender",1
"""Congratulations! You've won an iPhone X! Claim your prize by calling 0800-123-4567 now, limited time offer!""  ""Unlock a secret £500 cash bonus on your account! Reply with '",1
"Discover your hidden lottery winnings! Claim your £5000 prize before it's too late. Call 08443456789 now to speak with a representative. 18+, text HELP for info, STOP to",1
urgent! $1000 cash prize waiting for you! call 0800-123-4567 now to claim! offer ends in 24 hours! don't miss out!,1
"Attention! Win a brand new iPhone 13 Pro Max! Reply with ""claim prize"" to confirm participation. Winner announced in 24 hours. www.iphonegiveaway.com/win #luckywinner #iphone13promax  or",1
"""Congratulations! You've won an iPhone X! To claim, call 0800-123-4567 before midnight or lose your prize. Message and data rates may apply.""  ""Unlock a £1000 Amazon gift card!",1
"Win an iPhone X! Reply with your email to confirm delivery address. Hurry, offer ends in 24 hours! claim@appleprize.com or call 08001234567 #iPhoneXWin #urgent",1
"Alert! Win ₹50,000 instantly. Claim your prize before it's too late. Call 09112345678. Enter code XYZ123. Offer ends tomorrow.",1
"Win a brand new iPhone 13! Urgent action required. Text YOUR NAME, AGE to 07523123123 to opt in and claim your prize. Hurry, offer ends tonight! (10p/msg)",1
"Urgent! You've won a brand new iPhone 12! Claim it now by calling 0845-567-8901 or clicking the link: bit.ly/iphonewin. Hurry, offer ends soon! #winneraward",1
"Win £1000 instantly! Text ""LOTTERY"" to 07821 123456. Claim your prize before it's too late! Limited time offer. www.luckywinnings.co.uk/prize12",1
"Win £1000 instant cash! Click link to claim now: bit.ly/luckywinnings Limited time offer, hurry up! 🔓💸 #UKResidentsOnly #WinBig #UrTurnToday",1
Urgent: Claim your £5000 lottery winnings! Call 09025551234 now to verify and receive your prize. Standard rate call. Don't miss out! #jackpot #luckywinner #winbig,1
"You've won a brand new iPhone 13! Call now on 0800 123 4567 to claim your prize before it's too late! Limited time offer, don't miss out! Text ""CLAIM"" to 67",1
"urgent! win a brand new iphone 13! click the link to claim now, offer ends midnight  december surprise: receive 100 free texts this month! dial *99# to activate your bonus  your number has been randomly selected to test a new",1
"win £1000 instant cash! claim now at 0845 862 1234. txt HELP for info, 18+, £1.50/msg, T&Cs apply.  you've won an",1
"✨🎊 Urgent! Unclaimed £5000 prize awaits! 🎊✨ Claim now by texting ""WIN"" to 07845678901. 18+. Winner announced tomorrow!",1
"Win a brand new iPhone 13! Hurry, offer ends tomorrow. Claim now by calling 0208 123 4567. T&Cs apply. Opt-out available. msg@â£1.50rcvd.",1
"Win an iPhone X! Hurry, last day to enter. Text WIN to 87878 for a chance. Delivery in 7 days. ts&cs: www.iphonexgiveaway.net | Call 0800-123-4",1
Congratulations! You've won a brand new iPhone 13 Pro Max! Call 0845-123-4567 now to claim your prize and receive instructions on delivery! Offer valid until midnight tonight. #winner #iPhone13Pro,1
"Congratulations! You've been selected to receive a brand new smartphone. Claim it now by calling 08001234567 or clicking the link within. Hurry, offer ends soon! #winner #freephone #upgrade",1
"Win a brand new iPhone X! Reply ""Claim"" to this text and confirm your info. Time is running out! 18+, text ""Stop"" to opt out, 150p/text.",1
"Congratulations! 🏆 You've been selected to receive a free Samsung Galaxy S21. Claim now by calling 0800-123-4567 or text ""claim"" to 67890 within the next 2",1
"Win a brand new iPhone 13! Click the link to claim now: www.iphone13giveaway.com Hurry, offer ends soon! 📱📲 #luckywinner #freeiphone13 #contest #win #",1
Urgent! Unclaimed prize: £1500. Claim now by calling 0845-123-4567. Offer expires in 24 hours.,1
"Win a brand new iPhone X! Hurry, claim your prize by calling 09058094455 now. Valid for 12 hours only! Text ""iPhone"" to confirm. hg/suite342/2lands row/w1j",1
"Win a brand new iPhone X! Quick, call 0845-123-4567 now to claim. Standard rate, max 5 mins. T&Cs apply. SMS STOP to opt out. Limited time offer!",1
"Win an iPhone 13! Hurry, the draw is in 2 hours. Text ""WIN"" to 91123 to enter. Winner announced tomorrow. Good luck! 🍎📱  or  Amazing offer! Claim",1
"Attention! Your account has been upgraded, claim your free £2000 reward now! Call 0800-123-4567 before it's too late!  Secret! Unclaimed prize of £5000 in your name,",1
"Win £500 cash instantly! Reply ""claim"" to 90123, tcs www.luckydraws.com, age 18+, 50p message fee, win now!",1
"You've won a brand new iPhone 13! Claim your prize by calling 08712112222 or click the link below before it's too late! urgent.claimip13.com limited time offer, don't miss out!",1
"Urgent: Congratulations! You've won a brand new iPhone 13! Claim now by calling 09032156789. Limited time offer, don't miss out! Text STOP to opt-out. Message and data rates may",1
"Attention! Unclaimed iTunes gift card worth £1000. Claim now by texting ""claim"" to 67890. Hurry, offer ends tonight!  Congratulations! You've won an iPhone 13 Pro! Call",1
"Win a brand new iPhone 13! Reply with your name and number to claim, limited time offer! Call 1-800-WIN-IPHONE to verify. msg & data rates may apply.",1
"urgent! claim your free iphone x now! call 09032135674 to activate, std rates apply. offer ends soon!  or  you've been selected! win a brand new car! call 0871 2",1
Last chance to win a brand new car! Call now on 09020201234 and press 1 to enter. UK residents only. 18+. 1 call costs â€¢1/min. Max entries: 5/day. W,1
win a brand new iPhone! reply claim now at 80012345678 to confirm delivery info & collect prize! 150ppm no ads txt/call back to opt out.,1
"Text now to claim your free Samsung Galaxy S21! 📱 Call 08001234567 to activate, only 10p per minute. Winner announced tomorrow! #SamsungGiveaway #ClaimYourPrize",1
"You've been selected for a surprise cash prize! Claim your £1500 now by calling 08712345678. Hurry, offer ends soon! (18+, p/min)  Or,  Congrat",1
Urgent: Claim your FREE Samsung Galaxy S21! Call 0800 321 0195 now and confirm your details to secure your prize. Offer valid until midnight tonight. Don't miss out! #winning #SamsungGalaxy,1
"🚨Last Chance: Win a Brand New iPhone! Reply ""Claim"" to 91123 to enter. 📱📱  📨Mystery Package in Transit! Confirm Delivery at 8",1
Urgent! Win a brand new iPhone 13! Text WIN to 67890 now and be entered to win! Limited time offer! Message and data rates may apply. 18+ only. Winner will be notified via text. Sponsored by techg,1
"""Urgent: Unclaimed lottery prize worth $1M! Claim now before it's too late: click link to confirm details or call 1-800-WIN-MONEY (US only) xxx-xxx-xxxx""  ""Last",1
"Alert: Your account has been selected for a £10,000 cash giveaway! Quickly claim your prize by calling 0844-567-8901 ext. 235 or click the link below before it's too late.",1
"win today: text ""lottery"" to 87367, claim your £1000 prize. hurry, offer ends soon! t&c www.wintoday.co.uk  call 09055512345 now to",1
"Win £1000 instantly! Click here: [link] Hurry, offer ends soon! 🎊 #lottery #prize #winbig #freeentry #ukonly",1
Urgent: Claim your free iPhone X! Call 0845-123-4567 now to confirm number and activate. Offer ends soon! Text STOP to opt out.,1
Act now and claim your guaranteed £500 cash award! Dial 08001234567 to secure your prize (18+) Reply STOP to opt out SMS fees apply.,1
Urgent: Unclaimed £500 prize waiting! Call 0845-123-4567 to claim now or text YES to 7890 to confirm acceptance. Don't miss out!  Congratulations! You've,1
Urgent! ðŸš¨ Win a brand new iPhone 13! Call 0800-123-4567 now to claim. Limited time offer! ðŸš€ #iPhoneGiveaway #win #techprize #call,1
**urgent** you've won an iphone 13! claim now by calling 0800-123-4567 or clicking the link in this msg. don't miss out!  **exclusive offer** unlock 500,1
"Win a brand new Samsung Galaxy S21! Act now, limited time offer. Text ""win"" to 87123 and call 0845-123-4567 to claim. Offer valid until midnight. t&c apply. sponsor",1
urgent: you've won an iphone 13! claim now by calling 0800-955-1234 or clicking the link below. winner ref: W1234567890. offer ends in 24 hours,1
"win 1 million £! act fast, text ""win"" to 67890 for details, www.quickwealth.com 18+ txt costs 1.50/msg, t&cs apply. xxx",1
"Last chance to claim your $1000 Amazon gift card! Reply ""win"" to this text to enter. Hurry, offer ends tonight! #giveaway #Amazon #win #prize #free #money #offer #shopping #deal #",1
"Win big! Ur draw for a brand new iPhone 13. Reply with the correct answer to: Who discovered penicillin? txt ANSWER to 67621, hurry, draw closes in 2hrs! 18+, msg & data",1
Urgent! ðŸš¨ Win a brand new iPhone X! Click the link below to claim now 👉 [scamlink.com/iphonex] Offer ends in 24 hours! ðŸ�� Don't miss out! ❌❌❌,1
"Win £1500 now! Call 0800 218 3333 before midnight or lose your prize!  New text message offer: Get a free designer handbag, text GETBAG to 60777, limited time offer!",1
"Win £1000! Hurry, claim now at www.lotterywinnings.com/verify. Urgently confirm personal info to secure prize. Limited time offer!  Or  Unclaimed prize alert! £500 Amazon voucher waiting for you.",1
"urgent! you've been selected for a special offer: win a brand new iphone 13! call now on 0800 123 4567 to claim. limited time offer, only 100 winners! (18+) text",1
"alert: $10,000 instant cash prize! claim now at www.winningspot.com/txt. validate code: spam123  urgent: you've been selected! get a free iphone 13 pro max. act fast,",1
"Urgent! Win an iPhone 13 Pro max! Reply ""claim"" to redeem your prize, limited time offer! 800-123-4567 (std rates apply, msg ""stop"" to opt out) #techtreasure #iphone",1
Urgent! Your account has been upgraded! Unclaimed bonus: £1000. Call 08458625533 to activate now! Limited time offer.  Congratulations! You've won an iPhone X. Claim now by,1
"Attention! You've won a brand new iPhone X with unlimited data for 6 months. To claim, text ""winiphone"" to 27345 and dial 0800-123-4567 to verify. Hurry, offer",1
"win a brand new iPhone 13! answer 3 easy questions & be a lucky winner! reply win, text code: apple13 08002112233 50p/msg",1
urgent: your account will be suspended! verify identity now at http://www.secureverification.com or call 1-800-221-1234 to avoid termination  quiz: answer this simple question & win a free vacation! what color is,1
"🚨Win a brand new iPhone X! Limited time offer, claim now by calling 0844 567 8901 or click the link below! 📱 bit.ly/iphonewin #urgent #freeiphone #",1
Alert: Congratulations! You've won a brand new iPhone 13! Claim now by calling 0845-345-6789. Enter code XYZ. Offer expires in 2 hours. Don't miss out!,1
"Win £10,000 instant cash! Text WIN10K and send to 87878. Limited time offer, claim now! 18+, t&cs apply.  New iPhone 13 for free! Call 0844",1
"Urgent! You've been selected for a free iPad! Claim now by calling 08712534567. Standard rates apply. Hurry, offer ends soon!",1
"""Congratulations! You've won a brand new iPhone 13! Reply 'claim' to 73256 to receive your unique redemption code. Offer ends midnight tonight. #winner""",1
Urgent! You've won a brand new iPhone 13! Call 08712536874 now to claim your prize before it's too late! Text STOP to 07812345678 to opt out.,1
"Attention! Win £500 Amazon voucher now! Answer this: What's the color of money? Reply with answer to 871234 text STOP to opt-out, 150p per message. Hurry! Offer ends",1
urgent: claim your £100 amazon gift card! click link below 2 confirm info & activate prize. offer ends in 24hrs.  fake prize: win iphone 13 pro max! call 0800955455,1
"urgent: you've been chosen! claim your iphone x with unlimited data for just £1/day. reply ""claim"" to 2winprize or call 02031234567. limited time offer, act now! #iph",1
win an iphone 13! text 'claim' to 41556 before offer ends 31st july. visit www.iphonewin.net to confirm t&cs. opt-out: text'stop'. call 0208 1,1
"🚨 Urgent: £10,000 lottery win! Claim now by calling 09050123456. Winner ID: A1234567. Text STOP to opt out. msg cost",1
"Unclaimed lottery prize worth £10,000! Claim now by texting ""win"" to 49567. Texts cost £1.50, 18+. Expires midnight tonight. UK only. t&c apply.",1
"urgently claim your Amazon voucher worth £500! text ""win500"" to 67676 to confirm delivery details. 18+, t&cs apply. reply ""stop"" to opt out. text cost £2.50 per msg",1
"Win big! Call now to claim your £5000 lottery prize. 09035678901, 35p/min, limited time offer!  Important announcement: You've been selected for a free vacation! Confirm at",1
"Congratulations! You've been chosen to receive a free smartphone. Call 0800-123-4567 to claim, limited time offer! Text STOP to opt out. msg & data rates may apply.",1
"Win £500 now! Text ""Claim"" to 41111. Call 0800-123-4567 for help. Offer ends soon! #lotterywinnings #urgent #prize #winbig #free Money",1
"urgent! your account has been upgraded! claim your £500 amazon gift card now. text ""claim"" to 80012 or call 08718738222 before 23:59 tonight. don't miss out",1
"urgent! claim your £1000 amazon gift card 🛍️ call 08451234567 now, code: XMAS123 expires tonight! 💸🎉 #winbig #shopping #amaz",1
"You've been selected for a special offer! Claim your £1000 cash prize or a brand new iPhone 13 by calling 08712526669. Standard call rates apply (18+). Hurry, offer ends today!",1
"Alert! Unclaimed lottery winnings of £50,000. Contact 07891234567 to claim, offer ends soon. Don't miss out!  Or  Urgent! Your account is about to be suspended",1
urgent! congratulations! you've won a brand new iphone 13! claim your prize by calling 0845-123-4567 ext. 222 now! offer valid for 24 hours only! don't miss,1
"Win a brand new iPhone 13 Pro Max! Text ""iPhoneWin"" followed by your phone number to 07825 123456 to claim. Offer ends tonight! Don't miss out! #iPhoneGiveaway #techpri",1
"You've been selected! Claim your £2500 prize now! Text ""claim"" to 888-555-1234. Offer expires in 24 hours. wc23456789 textcost 1",1
"urgently claim your amazon gift card worth £300! reply with ""claim"" or call 0800-123-4567 to confirm details (limited time offer, hurry!)",1
"Attention! Unclaimed prize alert: Win £1000 cash! Call 09032223333 to claim, text STOP to opt-out, 1.50p/min. Time is running out! Offer ends soon.",1
"Win a brand new iPhone X! Hurry, offer ends tonight. Click this link now to enter: scam-winiphonex.com. Reply ""stop"" to opt out.",1
"Urgent: Unclaimed lottery prize worth £10,000! Claim now at www.jackpotwin.com or call 0845-1234567 to confirm details. Time is running out!",1
"Win a brand new iPhone X! Hurry, call 08457654321 now and confirm your details to claim. Offer ends soon! #iPhoneXWin #UrTurnNext!",1
Congratulations! Unbelievable prize awaits: £5000 or a brand new car. Claim now at http://www.prizeclaim.com before it's too late! Reply STOP to opt-out. Message & data rates may apply.,1
"Urgent: Claim your £500 Amazon gift card now! Click the link below to verify and receive your code. Limited time offer, act fast!  Text STOP to opt-out. Standard message rates apply.",1
"Act now! Claim your free Samsung Galaxy S21 at www.winnewphone.com/abc123. Hurry, offer ends soon!  Lucky winner! You've been chosen for a £10,000 lottery prize. Collect at office",1
"Win a brand new iPhone X! Text WIN to 76543 for your chance, limited time offer! Click here to claim your prize now! 18+ only, msg & data rates apply. To opt out, text STOP.",1
urgent! claim your free iphone 13 now! click link below and confirm details or call 08457654321 before offer expires!  discover your hidden winnings! reply with code G532 and receive 1 million pounds,1
"Attention! Unclaimed £5000 prize waiting for you. Call 09035008125 now and confirm your details! 18+, call charges apply. Expires in 24 hours!",1
"win an iphone 13! claim your prize before it's too late, call 08001234567 now! txt ""claim"" to confirm. limited time offer.",1
"Breaking news! Enter our lottery and win a brand new car! Hurry, only 2 hours left! Text ""wincar"" to 84321, standard rates apply. Call 08455678901 for help.",1
"Win an iPhone X! Click now to claim: www.iphonexgiveaway.com Last chance, time runs out in 24 hours!  Or:  Urgent: Unclaimed £500 prize! Call 0203 123",1
"Win big! You've been selected for a free iPad. Act fast, claim it now! Call 09061123456 or click link: xyz.com/prize4u. Ends soon! #luckywinner",1
"""Limited time offer! Win a brand new iPhone 13! Reply with 'Claim' to 41111. Standard text rates apply. Winner announced in 24 hours!""  ""URGENT: Your account is suspended! Call 080",1
"win £10k now! call 02031234567, 18+, 45p/min, 1st prize only, reply ""WIN"" for more info  six lucky winners! claim your free iPad, txt ""G",1
Alert: Congratulations! You've won a brand new iPhone X! Claim now by calling 09061723456. Code: win123. Offer expires in 2 hours! Hurry!,1
"win big! £5000 lottery prize waiting for you. claim now at sms.winnings.net/claim use code ABC123, offer ends soon! msg & data rates apply. help: 08453552471.",1
"Win £500 now! Hurry, call 0845 567 8910 and enter code XYZ123. Offer ends tonight!  Or:  Unlock your secret prize! Click here: tinyurl.com/p",1
"Win a brand new iPhone X! Hurry, offer ends in 2 hours! Text WIN to 41124 for a chance to claim! Standard SMS rates apply.",1
"Alert ⚡! Congrats, you've won a brand new iPhone X! Claim now by calling 0800-123-4567 before midnight. Hurry, offer ends soon! �����������",1
"Win an iPhone X or £500 cash! Click link to claim: bit.ly/winnerx21 Your account has been upgraded, claim your free Samsung TV: call 08445678901, code: 3210",1
"Win a brand new iPhone 13! Hurry, offer ends in 24 hours. Claim now by clicking this link: xyz.com/winiphone13 Offer valid for a limited time only! Don't miss out!",1
"urgently claim your £1000 Amazon voucher! click now: http://amazonvoucherwin.com or call 09022223333 to claim, 50p/min. offer ends soon!",1
"Attention! You've won an iPhone 13 Pro max worth £1,099! Claim before it's too late: text ""CLAIM"" to 07000112222 or call 0203038",1
"Win a brand new car! Call now 0800-123-4567. Limited time offer, claim your prize before it's too late!  Urgent: You've been selected for a surprise £1000 cash gift! Rep",1
"Win an iPhone X! Urgent action required: txt WIN to 80011 to claim, limited time offer! Call 08455678901 for details, 18+ only. t&c's apply.",1
"Attention! You've been selected for a free iPhone X! Claim yours now by calling 09064567890 or clicking the link: xmasgift4u.com/claim. 18+, message and data charges apply. Hur",1
"Attention! Win an iPhone 13 Pro max with 100GB data plan and free AirPods. Reply with ""claim"" to 08001234567 or call now! Hurry, offer ends soon.",1
"Win a brand new iPhone 13 Pro Max! Hurry, claim your prize by calling 08001234567 or clicking the link within 24 hours. Don't miss out! 📱🎉",1
"urgent! claim your â€ś£500 cash prize"" now! call 08451234567 to confirm your win (18+) txt STOP to 7890 text rates apply. limited time offer!",1
"Breaking news! You've been selected as a lucky winner! £1000 Amazon gift card is yours, but act fast! Claim now at www.winbig.link/code: ABC123 expires in 2 hours.",1
win a brand new car! text 'win' to 87878 and claim your prize before it's too late! 18+ t&c apply. www.wincarcomp.com call 08455678901 for help,1
"Win £500 Amazon vouchers! Answer 3 simple questions now. Reply ""AmazonWin"" to 32109. Claim your prize before it's too late! www.winbigprizes.co.uk/amazonoffer",1
urgent! you've won an iphone 12 pro max! claim now by calling 09025251111 or click the link in this text. standard rate applies. offer ends in 24 hours! don't miss out! #w,1
"Win a brand new iPhone 13 Pro Max now! Text ""claim"" to 87123, limited spots available! hurry! #iPhoneGiveaway #winningfeelings #techprize #tc-gadgets 18+, standard rates apply",1
"Win a brand new iPhone X! Call 09032123456 now and press 1 to claim! Msg & data rates apply. 18+ only. Text STOP to opt out. Congrats, you're a lucky winner!",1
"Win a brand new iPhone 13! Text WINIPHONE to 90011 to confirm entry. Limited time offer, claim yours now!  Congrats! You've been selected for a surprise cash prize! Claim your £500 now by",1
Win a brand new iPhone X! Call 0800-123-4567 now to confirm your entry. Offer ends in 2 hours!  Or:  Congratulations! You've won a free Samsung Galaxy S21! Cl,1
"Win a brand new iPhone 13! Hurry, reply with ""iPhone"" by May 31st for a chance to win! Don't miss out, text ""stop"" to opt-out.",1
"Win â£5,000 instantly! You're a lucky winner! Call 09025551234 now and claim your prize! txt CONFIRM to 15p/min. ref: 345-67890",1
"Text message:  ""Congratulations! You've won an iPhone X! Claim now by calling 0845-123-4567 or click the link to confirm your win: [scammylink.com] Hurry, offer ends",1
"ur win! £100 amazon voucher, act fast! text confirm winnings to 09066158932 or call 08712319341. txt not included in package, age 18+.",1
"Urgent! Win an iPhone X and a 100GB iCloud storage! Reply ""claim"" to 888-555-1234 or call now! Offer ends in 2 hours. Sponsored by apple-rewards.com.",1
"Win a brand new iPhone X! Reply ""Claim"" to 90210 and confirm info at www.luckywinnings.biz or call 0800-123-4567 now to secure your prize. Limited time offer, claim yours",1
"Win a brand new iPhone 12 Pro! Reply with your name and answer this question: Which apple product is not a fruit? Text your answer to 07825901234 to claim! Hurry, offer ends tonight!",1
"Urgent: Win a brand new iPhone 13! Answer this question: What's the color of money? Text answer to 8001234567 now! Hurry, contest ends tonight! #iPhoneGiveaway #WinBig",1
"win a brand new iphone 13! reply ""iphone"" to 07825345678 with answer to question: ""what is the color of the apple?"" chance to win now! txt ""stop"" to opt out. msg & data rates",1
"Urgent: Claim your £500 Amazon voucher! Call 0800-123-4567 now, limited time offer! (std rate) #winbig #shoppingspree #surprise reward!",1
"win â€œfree iPhones for you & 5 friendsâ€“, click link 2 claim: bit.ly/iphonewin urgent: verify accnt or risk closure, call 0800-123-4567 now you'",1
"Attention! You've been selected to receive a brand new iPhone 13! Call 08001234567 to claim now, limited time offer! Don't miss out! 📱✨ #winner #prize #i",1
Congratulations! You've won an iPhone X! Claim now by calling 0800-123-4567 before it's too late! Offer ends midnight tonight. Hurry!,1
"Win â€œiPhone 13 Pro Maxâ€ now! Reply ""claim"" to 80012, 18+, t&cs: www.iphonewin.co.uk, msg & data rates apply. Ends soon. Hurry",1
"Urgent! Claim your £200 Amazon gift card - text ""win"" to 85654 now! Offer ends tonight. Valid until 5pm GMT. Terms: 16+, 1 msg at £1.50, to opt out",1
"last call! claim your â€œlimited edition iphone 13 Pro Maxâ€ now. text ""win"" to 888-555-1234. valid till midnight only. don't miss out!",1
Win a brand new iPhone 13! Call 0800-123-4567 now to claim your prize before it's too late. Don't miss out!  Congratulations! You've been selected for a special offer:,1
urgent! congratulations! you've won a brand new iphone 13! claim your prize by clicking the link below within 12 hours. winner verification required. winiphone13.com/claim  or  breaking news! you've been randomly,1
"urgent! win an iphone 13! click this link now to claim: sms.winiphone13.com or call 08004567890 to confirm your entry! hurry, offer ends soon!",1
"win up to £10,000 in our lottery! hurry, draw ends soon. claim your prize at m.scamsite.com/win, 18+, 1msg=£1.50, helpline: 08457",1
Attention! You've been selected to receive a special Amazon Prime membership worth £50. Reply with your email address to confirm and get instant access! Offer ends in 2 hours.,1
urgent! you've won a brand new iphone 13! claim it now by calling 0800-911-3321 or click the link within to confirm your details. offer ends soon! #winner #iphone13 #pri,1
Congratulations! You've been chosen to win a brand new iPhone 13! Call 0845-123-4567 now to claim your prize before it's too late! Text STOP to opt-out. Valid until midnight tonight.,1
"Win £1000 now! Click link to claim: winbigprize.com/claim Risk-free, limited time offer! 69p/call 09022223333 (call cost)",1
"Unclaimed prize alert! You've won a brand new iPhone 13! Reply ""claim"" to 80055 to verify and receive details. Hurry, offer ends soon! #winner #techprize",1
"Win a brand new iPhone X! Text ""claim"" to 87123 to confirm and receive the code. Limited time offer, claim yours now!  Unlock fortune with 3 free bingo games! Play now and win up to £10,000! Text",1
alert! you've been selected to win an iphone 13! click the link below to claim your prize before it's too late!  winiphone13.com/claimnow  urgent! claim your £50 amazon voucher now,1
"urgent! claim your â€śgolden ticketâ€ť prize of â‚Ź1000, call 0800-123-4567 now to confirm your win and collect! offer expires in 24 hours. message and data rates may",1
"Win an iPad! Click link to claim now, offer ends soon! Hurry, claim your prize! [link]  Urgent: You've won a holiday! Confirm details by calling 09023456789, limited spots available! [",1
"Text message: ""Congratulations! You've won a brand new iPhone 12! Claim now by calling 0905123456 from your landline within 24 hours. Winner ID: 123456. Good",1
"Urgent! You've won a brand new iPhone 13! Claim it now by clicking the link: scamlink.com/iphone13 Offer ends soon!  Or,  Congrats! £500 Amazon vouchers waiting for",1
"Urgent! You've won a brand new car! Claim it now at www.wincar.live or risk losing it! 18+, 55p/min, terms apply. Sponsored by AutoPrize Ltd.",1
urgent! you've won a brand new iphone 13! claim it now by calling 07800012345 or click the link to verify your win and collect your prize! don't miss out!  or  breaking news!,1
"""Congratulations! You've won a brand new iPhone 13. Call 0800-123-4567 now to claim your prize before it's too late!""  ""Limited time offer! Get a free 1-year",1
"win a brand new iphone 13! hurry, offer ends in 2 hours. click link to claim: bit.ly/iphonewin or call 0800-123-4567 to confirm. msg & data rates apply.",1
"Urgent! Unclaimed £50,000 lottery prize. Call 09032154671 to claim now and verify your win! (18+)  Congratulations! You've been selected for a free iPhone 1",1
"Urgent! Win a brand new iPhone X or Samsung Galaxy S21! Reply ""claim"" to 888-555-1234 now! Offer ends in 24 hours! #goodluck #prize #win #technology #",1
"urgent! claim your £500 cash prize, reply with claim to confirm details and receive instructions, time limited! text win to 78901, terms apply.",1
"Alert! Win ₹10,000 cash or ₹5,000 voucher, hurry! Call now 09012345678. Msg & data rates apply. Offer ends soon.",1
"winning alert! claim your new iphone 13 pro max now! text winiphone to 888222 and get a link to claim, hurry offer ends soon! 18+ only. valid till 7/15. t&c @apple.",1
"Attention! Congratulations, you've won a brand new iPhone X! Claim your prize by calling 0208-123-4567 within the next hour. Valid till midnight only! #winner #techprize #iphoneXwin",1
"Urgent! Unclaimed £5000 prize waiting! Call 08455678901 now to confirm your win and collect! Text YES to 19112 with your name & contact. Limited time offer, claim before it's too",1
"Win an iPhone 13! Quick, reply with your email for entry, limited slots left!Claim your prize at [scamlink.com] Terms & Conditions: 0800-123-4567 (std rates apply) 18+ Only",1
"Attention! You've been selected for a special offer: Win a brand new iPhone 13! Click the link to claim now: tinyurl.com/winiphone13 Offer ends in 24 hours!  Or,  Congratulations! You",1
"""Unlock a £500 Amazon voucher! Hurry, claim now by clicking the link or call 08001234567. Offer ends in 2 hours. Don't miss out!""",1
"urgent: claim your £500 amazon gift card! call 09023456789 now and follow prompts. limited time offer, act fast!  win a brand new iphone x! click link below 2 enter contest. winner announced",1
Urgent: Congratulations! You've won a brand new iPhone 13! Call 0871 234 5678 now to claim your prize before it's too late! Text 'CLAIM' and your phone number to confirm. Don,1
"Win £10,000 instantly! Call now on 0845-123-4567. Limited time offer!  Congratulations! Your iTunes gift card code is: 1234567890.",1
Win a brand new iPhone 13! Click link to claim now: textconfirmed123.com/claim Limited time offer! £100 Amazon voucher up for grabs. Call 0203 123 4567 to,1
"urgent! unclaimed lottery prize worth $10,000. claim now by calling 0845-123-4567. msg & data rates apply. offer expires soon!  limited time offer: win an iphone 13",1
"Win a brand new iPhone X! Urgent action required, text ""claim"" to 07825 345 678 to confirm your entry. Don't miss out! Limited time offer.",1
Last chance to claim your £500 Amazon voucher! Click here to verify eligibility and redeem now! Offer ends midnight tonight. www.winvoucher.com/claim123 18+. UK residents only. 1 voucher per,1
Attention! You've won a brand new iPhone 13! Claim your prize by calling 08712536289 now! Text STOP to 07823451234 to opt out. Standard rates apply. Hur,1
"Win a brand new iPhone X! Reply ""claim"" to confirm delivery address, call 0800-123-4567 to confirm claim. Offer ends in 24 hours.",1
"win a brand new iphone 12 pro max! text ""iphone"" to 556677 and claim yours before it's too late! limited time offer, act now! txt msg & data rates apply. 18+ only. to opt out,",1
"Congratulations! You've been selected to receive a brand new iPhone 13! Call 0844-567-8901 now to claim, offer valid for the next 24 hours only! (18+, call charges may apply)",1
Win £1000! Call 09071234567 now and confirm code AB12CD34 to claim. Standard rate call charges apply. Ends midnight tonight!,1
"Attention! Unclaimed prize alert: You've won an iPhone X! To claim, call 0800-555-1234 before midnight tonight. Don't miss out! #winner #iPhoneX #urgent #prize #free",1
"alert! congratulations, you've won a £1000 prize! call 09052345678 from landline, claim xyz within 2hrs, valid until midnight! #winning #lottery #jackpot #pri",1
"Text message: ""Congratulations! You've won a brand new iPhone 13! Call 08712300220 now to claim, limited time offer! Cost 10p/min.""  Text message: ""Attention! Num",1
"Win a brand new iPhone 13! Reply with code WIN13 now and claim your prize. Call 09082112345 to confirm, standard rate applies. Hurry, offer ends soon!",1
"Urgent: £1000 Amazon gift card yours! Click link to claim: shorturl.com/abc123 Hurry, offer ends soon! #winnertoday #prize #surprise #free #win #giftcard #amazon #claimnow #",1
"Alert! Unclaimed prize of £3000 waiting! Reply ""claim"" to 07987654321 or miss out, expires tomorrow! #winner #prize #urgent",1
"Urgent: Congratulations! Win £3000! Call 0906637212 to claim, limited time offer! Enter all details carefully.",1
"Alert! Win an iPhone 13 Pro Max! Call 0702312965 now and claim your prize! Hurry, offer ends soon! bx420-ip4-5we. 150pm. Don't miss out",1
"winning alert! you've been randomly selected for a brand new iphone 13! claim now by txting ""claim"" to 90210 or call 0902515515 to confirm your details! congrats! #winner #",1
"prize alert! you've won a brand new iphone 12! claim now by calling 09025556677 or clicking link below. limited time offer, act fast! www.winiphone12.com #luckywinner #",1
"Win a brand new iPhone 13 now! Hurry, offer ends in 2 hours. Click the link to claim: [scammylink.com] *Text STOP to opt-out*",1
"Attention! Unclaimed prize alert: £500 awaits you. Click link to claim: bit.ly/prizewin123. Call 0845-1234567 for assistance. Hurry, offer ends soon!",1
Last chance: win an iPhone 13 & £1000 cash! Click here to confirm delivery address: http://www.luckywinnings.co.uk/claimprize/1234567890 OR call 0800-,1
"urgent! win a brand new iphone 13, call 08452171234 now and confirm your entry! (msg & call charges apply) prize claim code: techwin1234567890",1
"urgent! claim your £500 amazon voucher now, text claim to 80012, expires tomorrow! t&c apply, 18+ only. 10ppm.  or  limited time offer! win a iphone",1
urgent! you've won a brand new iphone 13! claim now by calling 09012345678 or clicking the link below. don't miss out! winnerannouncement.com/iphone13  or,1
urgent! win iphone 13 pro max! claim your prize before it's too late. call 08455678910 code: apple21 expires 15/12/23  or  breakthrough! get,1
"Win â€£500 Amazon voucher! Reply with ""claim"" to 80012, last chance, offer ends midnight! t&cs: www.wowprize.com, 18+ to opt out, text ""stop"" &",1
"Your account has been upgraded! Claim your free iPhone X by calling 08457654321 now or text ""claim"" to 1911. Offer ends tonight!",1
"win a brand new iphone 13! hurry, offer ends in 24 hours. claim now by texting ""winiphone"" to 66223. message and data charges apply. 18+ only. winner announced soon! xx  or",1
"urgent alert! claim your free iphone x now! click link to activate, offer ends soon! 📱💰 #winnertakesall #iphonexgiveaway #limitedstock #actfast #claimyourprize #freeiphonex #winningmoment",1
urgent: you've won an iphone 13! claim now by calling 0800-955-2111 or click the link to confirm your details and receive your prize. don't miss out! #winner #iphone13 #,1
"winner!! as a special member, you've won a £1000 Amazon gift card! claim now by calling 0800-123-4567. code: winbig123. valid until midnight tonight. hurry!",1
"""Congrats! You've won a brand new iPhone 13! Hurry, claim it before it's too late. Call 0800 123 4567 now to verify & collect!""  ""Attention! £50",1
"""Win a brand new iPhone X! Text WINAPPLE to 80011 now and be entered into our weekly draw. 18+, t&cs apply. www.iphonewin.co.uk""  ""Limited time offer: Free upgrade to un",1
"Win a brand new iPhone 13! Text ""confirm"" to 07825 986 123 to claim. Limited time offer, act fast! #iPhone13giveaway #win #freeiphone",1
"Win £1000 now! Click link to claim: [scammaliciouslink.com] Hurry, offer ends soon! #lotterywinnings #urgentactionrequired #freemoney #winnings #prizedelivery #winbig #winnow #lot",1
"Win an iPhone X! Claim your prize now by clicking the link below before it's too late!  Congratulations, you've been selected for a special offer: Unlimited texts & calls for just £10/month. Act fast!  URGENT",1
🚨 Urgent! Win £1000 Amazon vouchers now! Answer 3 simple questions 👉 bit.ly/amazongiveaway. Offer ends soon! Call 02030398567 for help.,1
"Congratulations! Win a brand new iPhone X with just a simple call! Dial 09050123456 now and press 1 to claim your prize. Standard rate call, max 3 mins, 18+, t&c apply.",1
"Text message:  Limited time offer! Win a brand new iPhone 13! Reply with ""WIN"" to 41111. Click here to increase your chances: www.iphone13giveaway.link (18+)  Or:",1
"Win a brand new iPhone X! Hurry, claim your prize by texting ""claim"" to 80012. Limited time offer! 18+ only. t&c apply.",1
"urgently claim your $1000 amazon gift card! click link below before it expires 👉👉👉 bit.ly/win1kamazon 💰💰💰 limited time offer, don't miss out! 💔 #freemoney #winbig #",1
alert 🚨 you've won a brand new iphone 13! claim it now by calling 1-800-winning-numbers. offer valid till end of day. congrats 🎉 #winning #apple #iphone13,1
"Win a brand new iPhone 13! Call 09025123456 now and claim your prize! Limited time offer, don't miss out! 18+ only. Standard text rates apply. To opt out, text STOP to 07",1
urgently claim your £1000 Amazon voucher! click the link below before it's too late: bit.ly/claimprizeXXX  or call 0800 123 4567 to confirm your details and receive your,1
"urgent! you have been chosen for a special offer: a free 30-day membership in our luxury spa package! claim now by txting ""win"" to 80011. t&c apply: www.luxespa.net ltd, pobox",1
"Alert! Unclaimed prize: £500 Amazon vouchers. Call 08451234567, code: GIFT123. Expires tomorrow!  Congratulations! You've won a free iPhone X! Text Y",1
"Congratulations! You've won a brand new iPhone 13! To claim your prize, call 0843-567-8901 now, standard rates apply. Hurry, offer ends soon!",1
"Alert! Unclaimed lottery prize of £10,000 waiting for you. Claim now at www.winningspree.com. Code: LUCKYWIN. Expires in 24 hours. Hurry!",1
"Urgent! Unclaimed prize of â€œiPhone X Pro Maxâ€ awaits you. Click link to claim: http://www.luckywin.net/prize. tcs, 18+, uk residents only.",1
"Urgent: Unclaimed $500 iTunes gift card! Reply ""claim"" to 09025334455 or call 08443123456 with code XYZ123 to confirm. Time limited",1
"""Congratulations! You've won a brand new iPhone 13! To claim, call 09061743789 now, standard rates apply. Ref: #WIN12345""  ""Urgent! Your Amazon account",1
"urgent! win an iphone 12 pro max! txt ""claim"" to 78211 to enter, deadline ends soon! 18+, msg & data rates apply.",1
"Win a brand new iPhone 13! Hurry, call 1-800-WIN-APP now and claim your prize before it's too late! Standard rate call, you may be recorded for quality assurance. Good luck! Opt out 0845-STOP",1
"Win a brand new iPhone X! Hurry, claim now by texting ""WIN"" to 87123. Limited time offer, don't miss out! Web: winiphonex.com. Call 0902545250 for help.",1
"urgently claim your $10,000 iTunes gift card! text ""claim"" to 91123, offer expires tonight 📱🎁 #winning #techtreasure #itunesgiftcard #spam #scam",1
"Win a brand new iPhone X! Click link to claim now, limited time offer!  Urgent: $10,000 cash prize waiting, claim yours at winbigprize.com  Unlock 500 MB of free data, call 08",1
"Alert: Unclaimed $1000 prize! Click link to claim now: text confirm & win! Hurry, offer ends midnight! https://scamlink.com/prize #winnermustactfast",1
"Alert! You've been selected for a special offer: a free 7-day trial of our premium texting service. Reply ""accept"" to 90011 to activate now! Offer expires in 2 hours. Don't miss out! #TX",1
"win ""the new iphone 13"" - answer 3 simple questions, be first in line! urgent! call 07021234567 from your mobile. your free 5-day cruises or 50,000",1
"urgent! you've won a brand new iphone 13! call 0800-123-4567 to claim, offer ends soon! don't miss out! #winner #iphone13  or  attention!",1
Attention! You've been selected for a life-changing opportunity! Claim your £2000 prize now by calling 08445678901. Don't miss out! (Calls cost 15p/min),1
"Win £1000! Claim now by txting ""win"" to 55555. Offer ends midnight. t&c's apply.  Exclusive Invitation! Join our elite club & unlock 5000 bonus points. Click here:",1
Attention! You've been selected to receive a free Apple Watch. Click the link below to claim now!  www.fakewatchgiveaway.com/claim  Offer ends in 24 hours! Don't miss out!,1
"winning alert! claim your â€œlucky drawâ€ prize of â€œiPhone 13 Pro Maxâ€ by clicking link: [scamlink.com] act fast, offer expires in 2 hours! #winner #prize #free",1
"urgent: claim your free iphone 13! reply with your name and email - limited time offer, don't miss out!  exclusive offer: win a brand new samsung tv! answer 3 simple questions - enter now for a chance to win!  att",1
+1: Exciting news! You've hit the jackpot! Call 09050003121 to claim your â£2000 prize before it's too late! t&c/stop 08718729,1
"Win a brand new iPhone 13! Click the link now to claim: www.iphone13giveaway.com Hurry, offer ends in 24 hours!  OR  Urgent: Missed call from your bank! Return it now to avoid account",1
"🚨Congratulations! Unclaimed £2000 prize waiting! Claim now at http://www.luckywin2day.com/prizeclaim t&cs apply. Hurry, offer ends soon! 📅 #Winner",1
"urgent! you've won a brand new iphone 13! call 08002794856 code: apple123 to claim, offer ends tonight!  private! unclaimed lottery prize of £1500 waiting for you",1
"win £500 Amazon voucher today! text ""claim"" to 60712, hurry offer ends soon!  or  urgent: missed package delivery! call 02035678910 to re-schedule or risk losing",1
"win a brand new iPhone 13! urgent action required, call 09012345678 now and press 1 to claim! offer valid until midnight tonight. don't miss out! #winning #iPhone13 #callnow",1
"Win £10,000 instantly! Text WIN10K to 80055. £1/text, 3 attempts, 3 days, 18+. Claim your prize!  Discover the secret to eternal happiness! Reply to",1
"Text message: ""Urgent! Win an iPhone 13! Click link to enter: m.me/scamwiniphone13. Hurry, contest ends in 24 hours! Share with friends for extra entries. 18+, msg & data charges",1
"Attention! You've won an iPhone X with a brand new Apple Watch! Claim your prize by calling 09012345678. Calls cost Â£1.50/minute. Hurry, offer expires soon! #winner",1
"""Urgent! You've won a brand new iPhone 13! Claim now by calling 08718881111. Only 10p/min. Ends tonight!""  ""Attention! Get your free weekly horoscope",1
"Win an iPhone X! Urgent: Claim your prize by clicking the link below before it's too late. Don't miss out!  Or,  Unlock 500MB free data! Activate now by replying ""ACTIVATE"" to this message.",1
urgent! you've been selected for a special offer: win an iphone 13 pro max! claim now by calling 0800-555-1234 or click the link below. don't miss out!  winning number: #XY,1
"Win an iPhone 13! Call 07021234567 now and activate your prize. Limited time offer!  Or,  Unlock free 10GB data and 500 minutes for 30 days. Click link to claim:",1
"urgently claim your $1000 Amazon gift card! text ""claim"" to 9112345 to confirm delivery info 📦🛍️ #limitedtimeoffer #winnerannouncedtomorrow",1
"Win a brand new iPhone 13! Hurry, text ""claim"" to 90210 to confirm & collect! £2.50 per message, see tnc's at website. x  Or:  Unlock a hidden fortune! Text ""treasure",1
win iphone 12! urgent reply claim now at www.iphone12win.com/567u9 confirm number 0800-123-4567 to secure prize. act fast!,1
"win xmas shopping spree! text ""win"" to 56789, limited slots left! hurry!  urgent! you've won a free smartphone! call 0800-123-4567 to claim now!",1
"Win â£500 now! Urgent: Click link to claim your hidden prize, offer valid for 24hrs only! www.luckywinnings.com call 08432151652 to opt-out, msg @ â£1",1
urgent! claim your £500 amazon voucher now! click link: hxxp://scamsite.com/claimprize or call 09021234567 to confirm details. limited time offer! #winbig #surprise,1
Urgent! You've been chosen! Claim your FREE iPhone X by calling 08455678901. Code: WIN123. Offer ends midnight tonight!,1
"win! you've been selected for a free iphone X, claim it now before it's too late! click the link below to confirm your info 👉 [scamlink.com] #winnermail #iphoneX #urgent #claimnow #lottery",1
"urgent! win iphone 13 pro max! reply ""claim"" to 888-555-1234 or call 09021114444 to confirm. msg & call costs apply. end in 2mins.",1
"Win a brand new iPhone X! Hurry, only 24 hours left! Call 1-800-999-1234 to claim your prize! Msg & data rates may apply.",1
"""Congratulations! You've been chosen for a $5000 Amazon gift card. Claim now before it's too late: text 'claim' to 555-123-4567 or call 0800-12",1
Congratulations! You've been selected to receive a free iPhone X! Claim now by calling 09051234567 before code 987321. Valid for 24 hours only!,1
urgent: claim your $1000 amazon gift card! click link below and confirm info to receive: text: claimnow to 5551111 or call 08453211234 (std rate) to verify. offer ends soon,1
"""Congratulations! Win a brand new iPhone X! Hurry, claim your prize by calling 09012345678 before midnight tonight! msg & charge: £1.50/min, 18+ only. winiphonex1",1
Win an iPhone X! Quick reply with your name and email to claim. Offer expires in 2 hours: claim@appleprize.com  Alert: Your account is suspended! Reactivate now and get a free 30-day trial. Text REACTIV,1
"📱🎁 Urgent: You've won a brand new iPhone 13! Reply with your name & contact info to claim. Don't miss this opportunity! 📱📱 text ""CLAIM"" to 0",1
Urgent! Win a brand new iPhone 13! Reply with your email address to claim. Offer ends soon! #LuckyWinner2022  Limited time offer: Free upgrade to unlimited data! Text UPGRADE to 0845,1
"Attention! Unclaimed prize alert: You've won an iPhone X! Reply with your full name and contact info to claim. Hurry, offer ends soon! www.iphonewin.com/claim #exclusive #winner #prize #iPhoneX",1
"Win a brand new iPhone X! Hurry, offer ends in 2 hours! Click the link below or call 09012345678 to claim now! (Text STOP to opt out)",1
"urgent! you've won a brand new iphone 12! collect now by calling 08001234567. t & cs apply, limited time offer. don't miss out!  notified of your lottery win! £",1
Alert! Your recent reward: £1000 Amazon voucher. Claim now by calling 08712345678. Identifier code: XYZ987. Expires tomorrow!,1
"Win a brand new iPhone 13 and a trip to Hawaii! Reply ""claim"" to 888-555-1234 to claim your prize before it's too late! Offer valid until midnight tonight. Don't miss out! #iPhone",1
Urgent! Win a brand new iPhone 13! Click link to claim: bit.ly/iphone13giveaway Or call 09023456789 to confirm entry. Ends tonight! 18+ only. MSG &,1
"Urgent! Win a brand new iPhone 13! Click link to claim: text verify\*\*winiphone to 90055. msg & data rates apply, 18+. winnerannounced.com/code:abc123. call 0",1
"urgent! win iphone 13 pro max! reply winip13 to 73825, last chance, 18+ ts&cs apply, reply hl 5 for info. limited stock! claim yours now!",1
urgent! your number has been randomly selected to receive a special prize. claim your £5000 reward by calling 09012345678 from your landline. offer expires in 2 hours. congratulations!,1
congratulations! you've been selected for a free iphone 13. claim now by calling 0800-123-4567 or visiting www.iphonegiveaway.com. offer ends tonight!  urgent! you',1
"win a brand new iPhone X and a $500 iTunes gift card! txt tech to 91123, hurry offer ends soon! ts&cs apply www.winiphone.com.us/ipx123win100ppmx3",1
win a £5000 luxury vacation or £1000 cash prize! act now and claim your winnings by clicking this link 👉👉👉 [scammylink.com] before it's too late! #urgent #lotterywin #freevacation,1
"Congratulations! Unclaimed £5000 prize waiting for you. Act fast, claim now at http://www.prizewin.net/12345 before it's too late! 18+, t&cs apply. Exclusive offer.",1
"🚨 URGENT: You've won a brand new iPhone! Claim now by texting ""claim"" to 88444. Don't miss out on this life-changing opportunity! 📱 #winner #iPhone13",1
congratulations! you've won a brand new iphone 12! claim now by calling 0845-123-4567. offer ends midnight. code: win123456  urgent! you've been selected,1
"""Limited time offer: claim your free Samsung Galaxy S21! Reply with 'claim' to this message to receive the activation code. Hurry, offer ends soon!""  ""Congratulations! You've won a brand new iPhone 13 Pro! Call",1
"Win a brand new iPhone X! Quick, text ""iwin"" to 91123 and claim your prize before it's too late! #limitedstock #urgent #winnerdrawntomorrow",1
"Win a brand new iPhone 13! Hurry, text WINIPHONE to 88811 and be entered to win now! Age limit 18, £1.99 per week entry. Text STOP to cancel. Prize provided by iGiveAway",1
"Attention: Unclaimed $10,000 prize waiting! Reply with code PRIZE1 to confirm identity and claim now. Hurry, expires in 24 hours!  Important notice: Your Amazon account has been upgraded! Click link to unlock exclusive",1
"urgent: claim your â£5000 lottery winnings! click link to verify info & receive your prize: [bit.ly/prizeclaim] text'verify' to 07831 234567, standard rates apply. hurry,",1
"Urgent! Win a brand new iPhone 13! Click link to claim now: bit.ly/iPhone13giveaway Don't miss out, offer ends in 2 hours!  Or, call 0800-123-45",1
"Alert! Your account has been upgraded, claim your 5000 bonus points now! Dial 08456789012, code: XYZ987, offer ends midnight.  Exclusive offer: Win a brand new iPhone",1
"Alert! Congratulations, you've won a £10,000 lottery! Claim now by calling 09023456789. Code: XYZ123. Offer expires in 24 hours!",1
"Congratulations! You've won a brand new iPhone 13! Reply with your email to claim, limited time offer! 📱📱📱 Text STOP to opt out, standard text rates apply. 💬 #i",1
Urgent! You've won a brand new iPhone 13! Claim now by calling 0800-123-4567 or click link within to confirm your details. Don't miss out! #winner #apple #freephone,1
urgent: claim your free iphone 12 now! click the link below and confirm your details before it's too late: scamlink.com/iphoneoffer  exclusive deal: win a luxurious holiday for two to Bali! call 090,1
"Breaking news! Your account has been upgraded with a £5000 bonus. Call 08002797121 now to activate and receive your reward. Limited time offer, claim yours today!",1
"alert! you've won an iphone 13! claim now before it's too late, call 0845-862-1234 or visit www.iphonewin.net to confirm your prize! hurry!",1
"You've been selected for a special offer! Claim your free iPhone X or £500 cash now. Call 0844 123 4567 to confirm your details (18+). Hurry, offer ends soon!",1
"Win an iPhone X! Hurry, claim now by calling 08452571234. Limited time offer, don't miss out! To cancel, text STOP to the same number.",1
"urgent! $10,000 lottery winnings waiting for you. claim now at http://www.winbiglottery.net/text. ts&cs apply. hurry! offer ends soon!",1
"Attention! Unbelievable offer: win an iPhone 13 Pro Max! Text ""iPhone"" to 86555 now and unlock your prize! 15p/msg. Hurry, offer ends soon! ���������",1
"* win a brand new iPhone X! act fast, offer ends tonight. text ""claim"" to 91122 for your chance to win. msg & data rates apply. 18+ only. winners chosen at random. 7w8po box7843 q",1
"Unclaimed prize alert! You've won a brand new iPhone 13 Pro Max! Call 0800-123-4567 now to claim or text ""win"" to confirm delivery. Don't miss out! Offer ends soon!",1
"* ðŸš¨ Last chance: claim your £500 Amazon gift card! Call 0844-123-4567 now and confirm your details. Hurry, offer ends today! 🏆 * 📱 Un",1
Alert! You've won a free vacation to Bali! Confirm claim at [link] or call 02030556677 before it's too late!  Lucky draw prize: Brand new iPhone X! Claim now by calling,1
Attention! Your account is about to be closed! Call 09031234567 now to verify and keep it active. Offer valid for the next hour only!  Or:  Exclusive invitation! Win a brand new iPhone X! Text your,1
"🎁 Urgent! Win an iPhone 13! Answer: What's the longest river in Africa? Text ""river"" to 90210 for a chance to claim your prize! 📱 (opt-out: text ""stopwin""",1
"Urgent! Claim your free iPhone X or £500 cash prize! Call 0844 567 8901 now, offer ends soon! Text STOP to opt out. Terms: www.winiphone.net £1.50pm",1
Win £100 now! Call 0800-123-4567 to claim. Every 10th caller wins! optout 0800-900-1234  Discover hidden treasure! Click link: treasure,1
Attention! You've won an iPhone 13 Pro Max! Claim now by calling 02031234567 from a landline. Valid for 24 hours only! Text STOP to opt out. Standard rate call charges apply.,1
urgent! claim your â€œgolden ticketâ€ prize worth 5000! call 08451234567 now to confirm your details or click link to claim online. offer expires midnight. congrats in advance! #winning #goldent,1
"Win an iPhone 13 Pro max! Hurry, answer this question: What's the capital city of Australia? Text your answer to 67628, free SMS, hurry, offer ends soon! 18+, UK residents only.",1
"Attention! Win £500 cash instantly! Quick, text ""Claim"" to 80077. Don't miss out! Call 09055556666 for verification. Winner announced in 2 hours!",1
"Win a brand new iPhone 13! Urgent action required, call now on 0800 123 4567 to claim your prize before it's too late! *text 'claim' to confirm participation. MSG & data rates apply.",1
"Win a brand new iPhone 13! Text ""win"" to 85111 to claim your entry. Limited time offer, hurry up! t&cs apply 08452221111. £2.50/week. 18",1
Urgent: Missed prize drawing! Claim your $1000 Amazon gift card now: call 07085321972 or click link within 24hrs. ref:123456. Act fast!,1
Attention! You've been selected for a special offer: win a brand new iPhone 13. Click here to claim now and enter code XYZ123. Offer valid until midnight tonight! Hurry up!,1
"urgent! lottery win notification, claim your $10,000 prize now or lose it! call 1-800-winning (US only) to confirm your winnings and provide your personal info. don't miss out!  exclusive offer! limited time",1
"win iphone 13! ur number selected, claim now at www.iphone13giveaway.com or call 09012345678 to confirm (msg & data rates apply)",1
"Win £5,000 now! Call 08432 514321 within 24 hours. UK local rate. You're a lucky winner!  Limited time offer: Free 3-day trial of exclusive content. Text JOIN",1
"win a £1000 Amazon voucher today! text 'claim' to 87123. limited time offer! 16+, £1/msg, t&c apply. #winbig #offer #amazon #urgent",1
"ðŸš¨ Attention! ðŸš¨ Win a brand new iPhone 13 or £10,000! Reply ""Claim"" to 07955 123 456. Call from landline, 18+",1
"Win a brand new iPhone X! Quick, call 0800-555-1234 to claim now, offer ends soon! 📱📱 #iPhoneXGiveaway #CallNow #LimitedTimeOffer",1
"Urgent: Unclaimed prize of £1500! Call 0845 862 1234 to claim now, code: XYZ987. Offer ends midnight.",1
"Attention! Unclaimed £500 Amazon voucher waiting for you. Hurry, claim now by txt: win to 88999. t&c apply: amazonwin.com support: 02031374567. Don",1
"Win a brand new iPhone X! Hurry, only 10 left! Text ""iPhone"" to 888-555-1234 to claim yours. Limited time offer, reply now! (Standard message rates apply)",1
"Win a brand new iPhone 13! Quick, answer this: What's the capital city of Australia? Text your answer to 67890 to claim your prize! Limited time offer, hurry!",1
"🚨 Urgent! Win a brand new iPhone X! Click link to enter now & claim your prize before it's too late! ⏱️ Hurry, offer ends soon! #winnow #iphonexgiveaway #freeiphone #win",1
"Congratulations! You've been selected to receive a free iPhone X! To claim your prize, call 0845-123-4567 now before the offer expires. Msg & data rates may apply. txt ""claim"" to 789",1
"🚨 Last Chance: Claim your £500 Amazon voucher! Text ""WIN"" to 07534 123456 to confirm entry. Offer ends Midnight tonight! 🏆 #AmazonGive",1
"alert! £1000 surprise cash prize for you! claim now at www.luckydraw24.com/win12345 click here! hurry, offer ends soon! 18+ only!",1
"Win a brand new car! Click here to claim your prize before it's too late. Hurry, offer ends in 2 hours!  Or:  Congratulations! You've been selected for a special offer. Call 0800 123",1
Urgent! Win an iPhone X! Click link now to claim: m.me/iPhoneXGiveaway.com/win \*Limited time offer\* Don't miss out!,1
"Win a brand new iPhone 13! Reply ""yes"" to this text and answer 3 simple questions to be eligible! Hurry, contest ends soon!",1
"urgent: claim your â€ślucky drawâ€ť prize of iphone 13 or â‚¬10,000! act now, link expires soon: win.bigprize.com/abc1234  or  last",1
"Attention! You've won a brand new iPhone 13! Claim now by calling 0844-567-8901. Hurry, offer expires in 24 hours! #winner #techprize #applelove #d",1
"urgent! you've won a brand new iphone 13! claim your prize by calling 09061234567, code: w123. offer valid for 24 hours only. congratulations!",1
"Alert! Congratulations, you've been chosen for a £2500 surprise prize! Hurry, call 08435551234 to claim now or risk losing out! Offer valid until midnight. Cost per call 50p.",1
"Win £1000 instant cash! Click now to claim: http://wintengrand.com. Limited time offer, act fast! #jackpot #winbig #prizes #urgent #free money #lottery #fortune #winning #lucky #money",1
"win big! claim your $10,000 prize, reply with code #lotterywin, visit www.claimprize.net, offer ends in 24 hours!",1
Alert! Your number has been randomly selected to receive a £5000 Amazon gift card. Claim now by calling 0871-234-5678. Offer ends midnight. Enter code: GIFT5000. Hurry!,1
"Congratulations! You've won a brand new iPhone X! To claim, call 0800-WIN-IPHONE (0800-946-4746) now and provide your address for delivery. Offer valid until midnight tonight! Don",1
"Win £1,000 instant cash! Claim now by calling 09051234567. Valid until midnight tonight! #lotterywin #urgent #actfast",1
urgently! claim your $1000 Amazon gift card now: click link & enter code XYZ123 before it's too late! offer valid till midnight. reply confirm to claim.,1
Alert: Unclaimed prize of £500! Click link to claim: m.example.com/prize Code: XYZ123 Expires in 24 hours! Hurry!,1
"Congratulations! You've been selected for a special offer: £500 Amazon gift card. Claim now at www.winningshop.co/prize! Hurry, offer ends soon. Reply STOP to opt-out. Call 020",1
"Attention! You've been selected for a special offer: win a brand new iPhone 13! Reply ""claim"" to enter the draw. Hurry, only a few hours left! 18+, msg & call charges apply. Service provided by quickwins4u",1
"win a brand new iphone 13! click here to claim > http://shorturl.com/abc123 hurry, offer ends soon!  you've been selected for a free vacay in the caribbean! call 0800-12",1
"Congratulations! You've won a brand new iPhone 13! Claim now by calling 08001234567 or clicking the link below before it's too late! hurry, offer ends soon! bit.ly/iphonewin",1
"Win a brand new iPhone X! Click this link to claim now: bit.ly/iPhoneXGiveaway  Hurry, offer ends in 2 hours! 📱💰  Or call 0800-123-4567 to",1
urgent! you've won a £5000 lottery prize! claim now by calling 09067283951 or text STOP to opt out (valid 24hrs)  or  you've been selected to receive a,1
"urgent! claim your £100 amazon voucher, reply win with code AB123 now. 18+, t&c apply, msg cost £1.50, collect at www.prizes.com call 0800123",1
"Alert! Unclaimed prize: £1000 awaits you! Reply ""claim"" to this SMS or call 0800-123-4567 to confirm details. Don't miss out! Offer valid till midnight tonight.",1
Win a brand new iPhone X! Click the link to claim now: tinyurl.com/winiphonex Limited time offer: free Samsung Galaxy S21 with 50% off contract! Call 0800-123-4567 to claim,1
urgent! your $1000 amazon gift card is waiting! click this link to claim now: [scammylink.com/claimgift] offer valid for the next hour only!,1
urgent! congratulations! you've won a brand new iPhone 13! claim it now by calling 07853219561 within 24 hours. validation code: win123 #limitedstock #claimnow,1
"urgent! win an iphone 13 pro max! txt ""claim"" to 78564. expires tomorrow! validation code: 5xr29. win big! #iphone13giveaway",1
"Exclusive offer! 🎁 You've been picked to receive a brand new iPhone 13! Claim now by calling 0844-567-8901 or clicking the link below. Hurry, offer ends in 2 hours! www",1
"Congratulations! You've been selected for a special offer: win a brand new iPhone 13! Call 09055555555 to claim now and unlock your prize! Don't miss out!  Or,  Attention! Your",1
"You've won a brand new iPhone X! Claim now by calling 09032134567 or visit www.wintophonex.com within 24 hours to confirm your details! 18+ only, text STOP to opt out",1
"Urgent! Unclaimed $10,000 prize waiting! Click link to claim now: tinyurl.com/winnertreasure  Limited time offer! Free Samsung phone with 3-month Netflix subscription. Call 0800-955-",1
"Win an iPhone X! Click link to claim now. Hurry, offer ends soon! #iPhoneXGiveaway #win #freeiphone #techprize #clickhere",1
urgent! you've won an iphone 13! claim now by calling 0800-123-4567 or click the link in this msg. offer valid for 24 hours only! congrats! #winning #freeiphone13,1
"urgent! win an iphone 13 pro max! click link to claim now: http://www.iphonewin.co/offer limited time offer, act fast! winner announced in 48 hours! good luck!",1
win! only 48 hours left to claim your $1000 Amazon gift card. click link below & verify info: bit.ly/freewinnn  urgent! last chance to enter our lottery draw. $5000 cash up for grabs.,1
"urgent! you've won a brand new iphone 13! claim it now by calling 0800-123-4567 within the next hour. msg ""claim"" to confirm. congratulations!",1
"Win big today! Call 08712345678 now and claim your guaranteed £1500 prize! Hurry, offer ends soon!",1
"Win £10,000! Call now 09082345678. UK only, 18+, 150ppm. T&Cs apply. Collect winnings at PO Box 456, SW1A",1
"Win big! Limited time offer: £1000 cash or iPhone 13. Reply ""claim"" to [number] or call 08453211234 to confirm. Don't miss out! 18+",1
"Attention! You've been randomly selected to win a <ukp>1000 Amazon voucher. Claim now by clicking the link: bit.ly/win1000voucher Hurry, offer ends soon!",1
"Unbelievable! You've won a brand new iPhone 13! Claim your prize now by calling 08432983131. Standard rate from 12p/min. To opt out, text STOP to 0845",1
urgent! you've won an iphone 13! claim now by calling 08001234567 or clicking link below. offer expires in 24 hours! winner id: 1234567890. congr,1
"win a brand new iPhone 13! claim your prize now by clicking the link below 👉 https://scamlink.com/iphone13 \*limited time offer, act fast!*  or  urgent! unclaimed lottery winnings of £10,",1
"Urgent! Win an iPhone 13! Click link to claim: mylotterywin.com/iphone13 Code: AB12345 Expires in 24 hours!  Or:  Alert! Unclaimed $10,000 prize",1
Unbelievable! You've been chosen for a free iPhone X! Claim now by calling 08455 678901 or clicking the link within. Limited time offer!,1
"Win £10,000 now! Call 0800 123 4567 to claim your prize before it's too late! (18+)  Urgent: Unclaimed lottery winnings of £5,000",1
🚨 URGENT: Unclaimed £1000 Amazon voucher! Claim now at winvoucher.net/12345 before it's too late! 🎁 Call 079861234,1
"Attention! Unclaimed prize alert: Win a brand new iPhone X with unlimited data plan. Hurry, call 08001234567 to claim now, offer ends soon! #winner #freeiphone #texthere #18+ #",1
"alert! win an iphone 13 pro max! text confirm & claim now at 84278. offer ends in 24 hours! t&cs apply. 18+ only. msg & data rates may apply. to opt out, text stop to",1
Urgent: Congratulations! You've won a brand new iPhone 13! Claim now by calling 0800-123-4567 or click the link in this message. Offer ends soon! #winner #freeiphone #act,1
"Win an iPhone X! Hurry, claim your prize by calling 09031234567. You've been selected, don't miss out! (£1.50 per min, callers over 18)  Limited time offer",1
"Win a brand new iPhone 13! Text confirm claim to 55667. Limited time offer, claim now! (smslottery opt out? stop 9911223344)",1
"Text message: 🚨Congratulations! You've won £10,000 in our lottery! Claim now by calling 0844-800-1234 (£1.50/min) or text """,1
"""Congratulations! You've won a brand new iPhone X! Claim now by calling 0800-123-4567. Offer ends in 24 hours! 18+, msg & data rates apply.""",1
"Win £1000 now! Text ""claim"" to 07986035678 to enter. Limited time offer! Ends midnight. Reply ""stop"" to opt out. Good luck!",1
"Win a brand new iPhone X! Reply ""Claim"" to 555-555-1234 or click link to confirm delivery: bit.ly/iphonewin123. Offer ends soon! #iPhoneXgiveaway #techpri",1
"Urgent! Unclaimed $1000 iTunes gift card waiting! Click link now to claim before it's too late!  Exclusive offer: Win a brand new iPhone X! Reply with 'Claim' to enter, draw today!  Limited time offer",1
win an iphone 13! click link to claim: m.scamsite.com/iphone13 Offer ends in 24 hours! #urgent #prize #winnow #scam #clickbait #fraud #spam,1
Urgent! Win a <£5000> cash prize! Call 0845-322-1234 within 24hrs. Claim code XYZ123. Valid until midnight tonight! 📱👉🏽 Click,1
"urgent! win iphone 13 pro max, call 07855566777 now to confirm, offer ends in 2 hours!  or  amazing news! text ""yes"" to 90123 to claim your free",1
"Urgent! Claim your $10,000 iTunes gift card. Reply with code XYZ123 and confirm email. Hurry, offer ends soon! 📲 text STOP to 91122.",1
Urgent! You've been selected for a special offer: win a Samsung Galaxy S21 5G worth £1000. Act fast and call 08457654321 to claim. Offer ends soon! t&c's apply,1
"Alert! Win a brand new iPhone 13! Answer this question: Which famous actor plays Batman in the latest movie? Text your answer to 80082, limited time offer, claim now! #winnerannouncedsoon #iphone13giveaway",1
Win £3000! Call 09052312312 now & follow instructions. Time-limited offer!  Congrats! You've won a new iPhone X. Claim it by calling 09065428,1
Congratulations! You've been chosen to receive a free iPhone X! Claim it now by calling 0845-862-0012 within the next hour. Don't miss out! #iPhoneWin #FreeGift #LimitedTimeOff,1
win today: get your hands on a brand new iphone 13! text getit to 87878 now. msg & data charges apply. 18+ winbigco.uk/terms,1
Attention! Win a brand new iPhone 13! Call 0800 555 1234 now to claim your prize before it's too late! #limitedtimeoffer #iphone13giveaway,1
"Attention! Win a brand new iPhone 13 Pro max worth £1000! Hurry, claim now by calling 09033033333. Winner announced tomorrow! SMS cost £1.50/msg, max 5 messages",1
"Unbelievable! You've been selected to receive a free iPhone X! Call now on 08714712391 to claim your prize before it's too late. Standard call rates apply. Hurry, offer ends tonight! #iPhoneXwin",1
"Win a brand new iPhone 13! Text ""iPhone13"" to 90210 and claim yours before it's too late! 18+, UK residents only, msg & data rates apply. Limited time offer!",1
urgent! congratulations! you've won a brand new iphone 13! claim now by calling 0800-123-4567 before midnight. winner ID: 1234567890. don't miss,1
Urgent: Unclaimed prize of £500! Call 08001234567 now to claim or miss out! Offer valid until midnight tonight. msg & data rates apply.,1
Urgent! You've been selected for a free iPhone X! Click this link now to claim: bit.ly/iPhoneXfree  Time is running out! Offer ends midnight tonight.  Don't miss your chance to win!  (Note: This message,1
"Congratulations! You've won a brand new iPhone 13! Call 09066364311 now to claim your prize and activation code. Hurry, offer ends soon! #winner #iPhone13 #freegift",1
"Urgent! Congrats, you've won a brand new iPhone 13! Claim now by calling 07123456789 or clicking the link in this message. Don't miss out! #winner #freeiphone #applem",1
"urgent! congratulations! today only: win a brand new iphone 13! click link to claim: bit.ly/iphonewin13 valid till midnight, act fast! #luckywinner #techprize",1
"urgency: claim your £10,000 prize now, text confirm to 07825 432 101, offer expires in 24 hours! fake prize: you've won a brand new car! call 080",1
"Urgent: Win £10,000! Claim your prize now, call 0845 862 1234. Don't miss out! Offer ends tonight. T&Cs apply. Text HEARTS to confirm.",1
"""Congratulations! Win â£5000 instantly. Call 08448007070 to claim, time is running out!""  ""Surprise! You've won a brand new iPhone X. Call 020388",1
Urgent! You've been selected for a special offer: £1500 prize. Claim now by calling 08712101362. Only 10p/min. Don't miss out!  Or:  Cong,1
urgent! you've won a brand new iPhone X! claim now by calling 09065421891. winner id: 7321. offer expires in 6 hours. congratulations!,1
"urgent! win an iphone 13 pro max! text ""win iphone"" to 67854 and call 0203 123 4567 to confirm entry. offer ends midnight. t&cs apply. opt-out txt",1
"win a brand new iPhone 13! reply ""claim"" to 98765 to confirm delivery address. limited time offer! texterate.co.uk. msg & data rates apply. xx  urgent notice: your account is about to expire. renew",1
"Win a brand new iPhone X! Hurry, call 09068765432 to claim, offer ends tonight! 18+, text STOP to opt out, std rates apply. Sender: AppleGift.",1
Attention! Last chance to claim your £500 Amazon voucher. Click link below before it expires: bit.ly/3nD5aZ2 Call 09055556666 to confirm details.  Important notice: Your,1
"""Congratulations! You've been randomly selected to win a brand new iPhone 13 Pro Max! Claim your prize now by calling 0845-862-0132. Standard call rates apply.""  ""Attention! Unclaimed lot",1
"Congratulations! You've been selected to receive a free iPhone 13 Pro Max! Claim now by calling 09051234567 from a landline, or click the link to confirm: textwiniphone.com. Offer valid for",1
Alert! Unclaimed lottery prize of â£5000 awaits you. Click link to claim now: shorturl.com/abc123. Winner announced in 24hrs!  Exclusive offer: Free 1-yr Netflix subscription with every,1
"Urgent: Unclaimed $10,000 prize waiting! Claim now- text ""win"" to 55655 or call 09012345678 to confirm. (Terms apply)",1
"Alert: You've been selected to win a brand new iPhone X! Hurry, claim your prize by calling 0845-123-4567 or texting ""CLAIM"" to 67890 before midnight tonight. Offer valid",1
🚨 Urgent! 🚨 Congratulations! You've won a brand new iPhone 13 Pro Max! Claim now by calling 08445678901. Calls cost 13p per minute. W,1
"urgent! congratulations, you've won an iphone 13! claim now by calling 08455210252 or click the link in this message. offer valid for the next 24 hours only. don't miss out! #",1
"Attention! Unclaimed prize alert: You've won a brand new iPhone 13! Call 07891234567 to claim, limited time offer, don't miss out! (18+, std rates apply)  or",1
"Win a brand new iPhone X! Click here to claim: tinyurl.com/iphonexgiveaway Hurry, offer ends soon!",1
"Urgent! Unclaimed $10,000 prize waiting. Click link now to claim: textverification.com/prize#123456  Limited time offer: Free iPhone X with 2-yr contract. Call 0800",1
Win a brand new iPhone 13! Click the link now and claim your prize before it's too late: [fake-link.com] hurr limit: 1000 winners! act fast! age 18+ only. msg & data rates apply. 0,1
"Unclaimed prize alert! £500 waiting for you. Call 08451234567 to claim now, offer ends soon.  Congratulations! Win a brand new smartphone. Reply with 'Claim' or call 070",1
"Attention! You've been selected to receive a special prize: a brand new iPhone 13! To claim, text ""ClaimIPhone"" to 07825 890 890. Calls cost Â£1.50 per minute",1
"Text back ""winning number"" to 73812 to claim your £5000 lottery prize before it's too late! 🏆💰 #LuckyYou #JackpotAlert #WinBigNow #UrgentClaim  or  Att",1
"Text message:  ""Congratulations! You've won an iPad Pro! To claim, text 'claim' to 88773. Limited time offer, claim now! 18+, t&cs apply. www.prizedraw.com/",1
"urgent: you've won an iphone 12! claim now by calling 0800-123-4567 or text claim to 67890. 18+, msg & data rates apply. offer ends soon!",1
"Attention! Unclaimed lottery winnings of â£5000 await. Call now on 08458523678 to claim, or miss out! Offer ends midnight tonight. claimprize@lotterywin.net",1
"Attention! You've won a brand new iPhone 13! Claim it now by calling 09035355355 or clicking the link in this text. Hurry, offer ends soon! #winner #freeiphone",1
"Attention! Unbelievable news: You've been selected to receive a free iPhone 13 Pro Max! Hurry, call 0844-567-8901 now to claim, offer valid until midnight. Text message charges apply. Congrats",1
"Win €10,000! Ur number selected. Call 09023456789 now to confirm. Offer ends midnight. text ""WIN"" to opt out.  New iPhone X! U r a lucky winner. Claim yours by calling",1
"win up to $10,000! claim your prize now, click link to verify eligibility, time limited offer, hurry!  get rich quick! free cryptocurrency giveaway, claim your share, click link, limited slots available, act fast!  urg",1
"Win an iPad! Claim yours now by calling 09020123456. Calls cost £1.50/min, max 5 mins. To opt out, text ""stop"" to 84199. Privacy policy: b",1
urgent! win iphone 13 pro max! click link to enter: sms-prizes.com/winiphone13 limited time offer! claim your $1000 amazon gift card: claimgiftcard.net/code: ABC12,1
"Win an iPhone X with 1000 free minutes and 500 text messages! Call 08001234567 now to claim, 18+, txt msg charges apply. Offer ends tonight! #iPhoneGiveaway #win",1
"Urgent! Congratulations, you've won £5000! Call 09066368570 to claim, or text STOP to 7801 to opt out. Calls cost £1.50/min, max",1
"Win £10,000! Claim your prize by clicking this link now: www.wintengrand.com Hurry, offer ends soon!  Or, call 08432 189 001 to confirm your winnings!",1
"Win a brand new iPhone X! Hurry, text WINAPPLE to 88777 and claim your prize now! 18+ only. msg&data rates apply.",1
"""Congratulations! Win £1000 now! Call 0203 567 8910 to claim. Offer ends midnight. T&Cs apply. Opt-out available.""  ""Limited time offer! Free iPod with",1
"Urgent! Unclaimed $1000 prize waiting! Text ""claim"" to 555-1234 to confirm details. Don't miss out! Text STOP to opt-out. (Message and data rates may apply)",1
urgent! you've won a brand new smartphone! claim now by calling 08004112311 or click link: hg/suite342/2lands/row/w1j6hl/ldn/18yrs. congr,1
Attention! Unclaimed prize alert: £1000 waiting for you. Click link to claim now: bit.ly/prize4u Urgent action required. Don't miss out!  or  Congratulations! You've won a brand new,1
"""Congratulations! You've been selected to receive a free iPhone X! Claim now by calling 09050123456. Offer expires in 2 hours. text STOP to opt out.""",1
"Alert! ðŸš¨ Win a brand new iPhone X or â€¢5000 cash! Hurry, call 0845-123-4567 now and speak to our live representative to claim. Offer ends midnight tonight! ð",1
urgent! you've been selected as a lucky winner! claim your â€œiPhone 12 Pro Maxâ€ now. call 09050005674 to confirm and collect! offer valid for the next 2 hours only!,1
"Alert! Win an iPhone XS Max! Text ""Claim"" to 07911 123 456. Offer expires in 48 hours! #iPhoneXSMaxGiveaway #winit #urgent #winningisfun #",1
Urgent! Unclaimed prize: £500 Amazon voucher. Click link to claim: tinyurl.com/prizewin123. Offer expires in 24 hours. Call 02031234567 to opt out,1
"win a free iPhone X! text confirm & number to 07986012345. 18+ msg & data charges apply. uk only. hurry, offer ends soon! #luckywinner #techupgrade",1
Urgent alert! You've been selected to receive a free smartphone. Claim now by calling 0845-862-1234 or click link within 24hrs: examplelink.com/phoneoffer. Help: 012,1
"win a brand new iphone 13! click link to claim now: shorturl.com/abcd1234 18+ only, msg & data rates apply. offer expires in 24 hours!",1
"last chance! win a brand new iphone 13! call 0902025050 to claim, offer valid till midnight! text winnner to confirm, 18+, msg cost â£1.50/min, std rates apply",1
"""Limited time offer! Win £1000 instantly. Reply 'claim' to 07821 345 678 or call 09012 345 678. Standard rate applies. Hurry, offer ends",1
"Alert: Unclaimed prize waiting for you! Win a brand new iPhone 13. Hurry, claim now before it's too late. Call 0845-567-8901. Winner announcement 7/15. Don't miss",1
"win a brand new iphone 13! reply yes to claim, limited time offer, call 09012345678 to confirm delivery, txt rate 1.50/msg. don't miss out!",1
"""Congratulations! You've won an iPhone X with a £500 iTunes gift card. Claim now by calling 0871-234-5678 or clicking the link: bit.ly/winiphone. Don't",1
urgent! you've won a brand new iphone 13 pro! claim now by calling 09061234567 from a landline within 12 hours. winner verified: UW12345. congratulations!,1
Urgent! You've been selected for a special offer: Win a brand new iPhone X! Claim now by calling 0845-123-4567. Standard rate call. Offer ends in 24 hours! #iPhoneXGiveaway,1
urgent! you've won a brand new smartphone and 1000 minutes. claim your prize by calling 09031234567 now! offer valid for 12 hours only. code: w123. text STOP to opt out,1
Alert: Missed out on a £1000 prize! Redeem now at 0845-862-0111. Code: xyz789. Time's running out!  Or:  Congrats,1
"Unclaimed £1000 Amazon voucher! Act fast, claim before it's too late. Dial 08445678901 to confirm eligibility or text STOP to opt out. Offer ends tomorrow!",1
"win a brand new iphone 13! click the link below to claim now, offer ends tonight! bit.ly/iphonegiveaway  or  urgent! unclaimed lottery winnings of £5000 waiting for you. claim now by calling",1
"Win a free iPhone X! Hurry, offer ends tonight! Claim now at winiphonex.com/claim or call 0800-123-4567. Over 18, msg & data rates may apply. Winner announced tomorrow! #",1
"Alert! You've been selected for a special offer: win a brand new iPhone X! Hurry, call 08712-567890 now and press 1 to claim. Offer ends midnight tonight! Terms apply. 18+ only.",1
"📱 Attention! You've won an iPhone 13! Claim your prize by calling 0845-123-4567 now. Hurry, offer ends soon! 🏆  OR�����",1
"Attention! Unclaimed prize alert: Win a brand new iPhone X or £10,000 cash. Claim now by calling 08455678901. Sae, t&cs, PO Box 123, Manchester, M1",1
"win a brand new iphone 13! click the link below to claim now, offer ends in 24 hours!  texts cost 15p plus std rate, 5 digit code: 12345, reply STOP to opt out.",1
"You're a lucky winner! Claim your £5000 Amazon gift card now. Reply with ""Claim"" to 0845-567-8910 or call before midnight. Hurry, offer ends soon!",1
Urgent! Unclaimed £1500 prize waiting. Call 0845-678-9012 now to claim! Expiring soon. t&c's/stop 0203-456-7890. 1,1
Urgent! You've been selected for a free iPad. Claim now by calling 0845-365-2345. Standard rate call. Don't miss out! offer ends soon! #iwonanipad #techprize #free,1
"""Congrats! You've won a brand new iPhone 13! Claim now by texting claim to 99999, 24 hours left! t&c apply. 18+ only. Call 08001234",1
"win a brand new iphone x! reply with ""claim"" to 84321 now! urgent offer, limited time only. valid until midnight. txt help for support.",1
Act fast! Win a £1000 Amazon gift card: click here to claim. Offer ends midnight tonight!  Urgent! Your number won £5000 lottery. Call 0800-955-1234 to confirm &,1
"urgent! you've won a <usd>1000 amazon gift card! claim now by calling 07812345678. offer valid for 24 hours only. text ""claim"" to confirm. congrats!",1
Attention! You've won an Apple Watch Series 7. Claim your prize before it's too late! Click the link now: tinyurl.com/applewatchwin  Congratulations! You've been selected for a special offer: £1500,1
"Win an iPhone X! Hurry, offer ends soon. Click here to claim: tinyurl.com/iphonewin  Lucky day for you! Free Samsung Galaxy S21 up for grabs. Call now to enter: 1-800-123-",1
"win big! ur lottery numbers r a match! claim ur prize $10k, call now 09055555666, text YES to confirm, 18+, ts&cs apply. msg & call charges apply.  urgent",1
"Urgent! Unclaimed £5000 prize awaits. Text UNCLAIM to 67890 to confirm eligibility. Hurry, offer ends tonight! 18+ t&c apply. www.winnings.com/prizeclaim",1
"win a $10,000 lottery prize, claim now at winningsite.com. hurry, offer ends soon!  text ""claim"" to 555-1234 to verify your winnings  or  urgent! unclaimed",1
ðŸš¨ Urgent! Unclaimed Lottery Win: £5000 awaits! Claim now: 08445678901 or click link. Time-limited offer! Ends soon! #luckyloser #winbig #,1
"Win a brand new iPhone X! Click the link to claim: tinyurl.com/iPhoneWin Your code: AB12345. Hurry, offer ends soon!  Important! Your account is suspended. Call 084456789",1
"Win a brand new iPhone 13! Hurry, reply ""iPhone13"" to 0871 234 5678 to claim. Limited time offer, call now! (18+) Standard rate call.",1
"Urgent! You've been randomly selected to receive a £1,500 cash reward. Call 08432192456 now to claim, or text STOP to 19112 if you don't want this offer. Offer",1
"🚨 Unclaimed Lottery Win! 🏆 Claim your £10,000 prize by calling 0800-123-4567 or text ""Claim"" to 66666 for a quicker response",1
"Urgent! Win a brand new iPhone 13! Click link to claim: http://www.iphone13win.com Hurry, offer ends soon! #LuckyYou",1
"Attention! Win a brand new iPhone X and a year's subscription to Netflix. Hurry, claim your prize by calling 08712345678 or clicking the link within 24 hours. Valid for only 500 lucky winners!",1
urgent! you've been selected for a free iphone 13! claim now by calling 08001234567 or clicking the link below. don't miss out! [fake link]  or  amazing news! you',1
"Win a brand new iPhone X! Click the link now to claim: text ""claim"" to 90011, limited time offer, hurry! #iPhoneXGiveaway #win #free #tech #prize #urgent",1
"Alert! Win an iPhone X! Text ""iPhone"" to 888-222-3333 to enter now. Limited spots available! Don't miss out! Opt out text: STOP. Standard rates apply. Call 1-800-",1
"Urgent: Unclaimed £500 prize! Call 09020212345 now to claim, just 35p/min. Time is running out! t&c apply. winbigprize.com",1
"Urgent: Win an iPhone 13! Click link to confirm number, claim prize before it's too late! http://scamurl.com/winiphone13 Call 09025551234 for assistance. Text STOP to opt-",1
"win a brand new iphone 13! click the link to claim now, limited time offer! hurry, offer ends soon!  or  urgent: $1000 amazon gift card waiting for you! claim your prize by clicking the link below! act fast",1
"Win a brand new iPhone X! Hurry, offer ends tonight. Text ""iPhoneWin"" to 08455678901 to enter, standard rates apply. Don't miss out!",1
"""Urgent: $10,000 lottery win waiting! Claim now or lose it. Call 1-800-WIN-NOW (ext. 5678) to collect. Don't miss out!""  ""Limited time",1
"Attention! You've been selected for a special offer: free iPhone 13! Text ""Claim"" to 90123 to confirm and receive instructions. Hurry, offer ends soon!",1
"urgent! win iphone 12 pro max! click link to claim: m.scamsite.com/iphone12 \*limited time offer, act fast! \#winnerannouncedsoon #iphone12giveaway #techprize #",1
"urgent: you've won a brand new iphone 13! claim now by calling 09075552211 or txt ""claim"" to 85275 (std rates apply)  hurry: your £10,",1
"Win £10,000! Click link now to claim: bit.ly/winbigprize Urgent: Call 0845 123 4567 to secure your prize before it's too late! Text 'yes' to 7",1
"Win a brand new iPhone X! Hurry, call 08455-123456 now and claim your prize before it's too late! Text STOP to opt out. 18+, t&cs apply.",1
"Alert! Unclaimed iPod prize: You've won an iPod! Hurry, claim now before it's too late. Click here to confirm identity & receive your prize. Or call 0845 123 4567 to speak with a representative",1
"⚡ Urgent! Win a brand new iPhone 13! Click link to claim now: bit.ly/iphone13win 📱 Hurry, offer ends in 24 hours! 🕒 Don't miss your chance! #iPhone",1
"Urgent: Claim your £1000 Amazon voucher! Reply ""Claim"" to 41556. Offer ends in 24 hours! Don't miss out! (Text ""Stop"" to unsubscribe, standard rates apply)",1
urgent! you've won a brand new iPhone 13! claim now and receive it before stock runs out! call 0800-123-4567 to confirm your details. msg & data rates apply. offer ends midnight.,1
Win a brand new iPhone 13! Click the link now and confirm your entry before midnight tonight. Don't miss out on this amazing opportunity! [link]  Unlock a hidden prize worth £500! Dial 0843-322-12,1
"urgent! you've won a brand new iphone 13! claim your prize before it's too late, call 0800-123-4567 now!  sexy singles in your area are waiting! meet them instantly, text meet",1
"""Congratulations! You've won a brand new iPhone 13! To claim, call 0800-234-5678 now or click the link below before it's too late!""  ""Important notice: Your account is about",1
"Your number has won a £5,000 lottery! Call 09065423621 to claim, time is running out!  Congratulations! You've been chosen for a free iPhone X. Click this link to claim now:",1
win a brand new iphone x! urgently claim ur prize by calling 0845-123-4567 or clicking the link within. offer ends soon! #iphonexwin #urgentcall #prizewinning  or,1
"Attention! Unclaimed prize alert: Win a brand new iPhone X and £500 cash! Reply with ""Claim"" or call 0800-123-4567 now. Offer ends soon!",1
"Win a brand new iPhone X! Call 08718738034 now to claim! Hurry, offer ends today!  Claim your â€œFreeâ€ Amazon voucher! Reply with code WIN to 87239!",1
Congratulations! You've won a brand new iPhone 13! Claim your prize now by calling 0800-123-4567 or click the link to confirm your win: bit.ly/iPhoneWin123  Limited,1
"🚨 Urgent: Unclaimed £1000 prize waiting! Call 08445678901, quote ref #12345 to claim. Time is running out! 🏆 #winning #prize #",1
urgent! you've been selected for a special offer: win a brand new iphone 13! call 0800-123-4567 now and use code XMAS123. offer valid until midnight tonight. don't miss out,1
🚨 Urgent! Win a brand new iPhone 13 Pro Max! Click the link now and enter the code XMAS21. Limited time offer! 📱💰 #winitfortheholidays #iphone13promax #contest,1
win a Samsung Galaxy S21! act now & call 08455678901 to claim. offer ends midnight. #limit1percustomer #ukresidentsonly,1
win a brand new iphone 13 pro max! urgently claim by clicking link or call 07987654321 by eod. t&cs apply. 18+ #iphonewin #urgent #limitedtimeoffer,1
"Urgent! Win a brand new iPhone 13! Click link now to claim: text ""claim"" to 555-1234. Offer ends soon!  Attention! You've been selected for a free cruise vacation! Confirm your details at:",1
urgent: claim your £500 cash prize! click link to verify eligibility & win now: text win500 to 97654  or  limited time offer: get a free smartwatch with every purchase! call 020382,1
"Alert! You've been selected for a special offer: win an iPhone X for just a call! Dial 08457654321 now and press 1 to claim, code: 67890. Hurry, offer ends tonight!",1
Win £1000! Urgent: Missed call from prize support. Call 07895 678 901 now to claim or text 'claim' to confirm number. Limited time offer.,1
"Text now to claim your free iPhone 13! Limited time offer, reply ""claim"" to 555-1234 or visit link below. Hurry, offer ends soon!  Unlock £1000 Amazon vouchers! Click here to confirm delivery details",1
"Alert!: Congratulations! You've won a brand new iPhone X! Claim now by calling 0800-123-4567 or click the link within to confirm your details. Hurry, offer ends soon!",1
"Win a £10,000 lottery jackpot! Text ""Claim"" to 8712345 and confirm your info. Limited time offer! aged 18+, £2.50/msg & 30p/min call. winnings",1
urgent: you've won a brand new ipad! claim now by calling 0203 123 4567. offer expires midnight. t&c's apply. winner selected randomly. text STOP to opt-out.,1
"Urgent! Congratulations, you've won a brand new iPhone 13! Call 0845-862-0111 now to claim, offer valid for 24 hours only. Don't miss out! #winner #iPhone1",1
"Breaking news! Unclaimed lottery prize worth £5000 waiting for you. Claim now at www.winnow.com/prize or call 0845 901 0123. Hurry, expires in 24",1
"urgently claim your £5000 iTunes gift card! text ""claim"" to 07986543210 to speak with a live agent and receive instructions. offer valid for 24 hours only! don't miss out!",1
"Win an iPhone X! Hurry, reply ""iPhone"" to 800123456 to claim. Limited time offer, call 08455678901 for details. 18+ only.  Congratulations!",1
"Win €1000 instant cash! Click link to claim: mkt.gr/xqwzp Call 0845-345-2345 now, limited time offer! #winnings #prize #lottery",1
"Win €500 now! Check your message at 08453214567 or call to claim. Limited time offer, hurry up!  Congratulations! You've won a free vacation! Confirm details at 02031",1
"urgent! you've been selected! claim your £1000 cash prize, call 09050001315 now! offer valid for 1 hour only!  eerie! win free ghost phone calls, text ""specter"" to 8",1
win a brand new iphone 13! text confirm\_win to 888111 and claim your prize before it's too late! hurry! offer ends tonight! #iPhoneGiveaway2022 #winitforthewin #call2confirm,1
"Attention! You've won an iPhone X! Claim now by calling 08453211234. Hurry, offer ends soon! #winning #iPhoneX #callnow",1
"urgent! win iphone 13 pro max: text ""claim"" to 555-1234 or call 0800-111-2222 to confirm entry. offer expires soon!  or  limited time offer:",1
"Win £5000! Click link to claim: tinyurl.com/winstereum Now! 18+, UK only. Winner announced in 48 hours. Good luck! 🍁🎉 #lottery #winbig #freecash",1
"win a brand new iphone 13! call 08001234567 to claim, limited time offer, hurry!  or  last chance to claim your free samsung tv! click the link below before it's too late:",1
"text2111: ðŸš¨ Win a brand new iPhone X! Reply with your name and number to claim. Hurry, only 24 hours left! 08455678901 t&cs/stop msg 1.5",1
"urgently claim your £500 Amazon voucher! text confirm ""claimed"" to 80011 to activate. offer ends midnight tonight! #winbig #amazonvoucher #actfast",1
"winner! you've been selected for a $10,000 visa gift card! claim now at winbigprize.com before it's too late! 18+ only. call 08001234567 to verify. text",1
"Congratulations! You've been selected to receive a brand new iPhone 13 Pro Max. To claim your prize, reply with your email address and answer 3 simple questions. Hurry, offer expires in 24 hours! #winner #iPhone13ProMax",1
"""Congratulations! You've won a brand new iPhone 13! Claim your prize now by calling 09065321821. Standard rate call of 150ppm. Hurry, offer ends soon!""",1
"Win an iPhone 13! Text ""claim"" to 41111, limited time offer, hurry! 📱📱 #iLuckyDraw #winbig #techprize #unsubmsg text STOP to opt out.",1
"Win a brand new iPhone X! Claim now by calling 0800-123-4567 or click the link to confirm delivery 👉 [scamlink.com] Hurry, offer ends soon!",1
"Win a brand new iPhone 13! Reply ""claim"" to enter, offer expires soon! Call 0800 123 4567 for more info. Standard rates apply. Over 18 only. Good luck!",1
"Win $1000 instant cash! Text ""claim"" to 91123, limited time offer! 18+, T&Cs apply. Help: 1-800-123-4567.",1
"urgent: you've won an iphone 12! claim now at www.winsiphone12.com, offer ends soon! # PrizeDraw # Congrats  immediate: unlock 5000 bonus points & a free smartwatch! click here",1
"urgency: last chance to claim your £1000 amazon voucher! text win10k to 99777, offer expires midnight tonight prize: unlock your free iphone 13 pro max! call 0845",1
urgent! your £1000 amazon gift card is ready. claim now at winbigprize.com/giftcard. offer ends midnight.  double your data for 3 months on verizon. call 08001234567,1
urgent! claim your $1000 amazon gift card now! click link: hxxps://scamwebsitethisisfinalcall.com validate code: AB123456offer expires in 24 hours! don't miss out!,1
"Win £1000! Call 09095234567 now and claim your prize! Standard rates apply. txt WON to confirm. claimprize@scammail.com for more info. Hurry, offer ends soon!",1
"Congratulations! You've been chosen to receive a brand new iPhone 13! To claim, call 0845-123-4567 before midnight tonight. Hurry, offer ends soon! #AppleEventExclusive #iPhone13 #",1
"alert! $10,000 in unclaimed winnings for you! call 1-800-935-2264, enter code: GIFT to claim, expires 12/31/23, don't miss out!",1
"win iphone 13 now! call 08005556666 to claim, limited time offer. 18+ only. to opt out text x to 07786200117. good luck!",1
"Congratulations!! As our loyal customer, you've won an iPhone X with a cashback of £500! Claim now by calling 09061234567. Code: winapple. Offer valid for 8 hours only. Hurry",1
"win a brand new iPhone 13! text ""WIN"" to 87654321 now, limited time offer! 18+, t&c apply. call 0800123456 for help.",1
"Alert! Congrats, you've won an iPhone X! Claim now by texting ""iPhone"" to 88776. UK residents only. t&c apply: wwwhotline.com/5638a4. Expires soon",1
Attention! You've won a brand new iPhone 13! Claim it now by calling 0903254321 or clicking the link within the next 24 hours. Congratulations!,1
"Attention! Claim your £500 Amazon voucher now! Reply with ""win"" to 8001234567 or call 09050001234 to confirm. Offer ends soon! hurry! myp",1
"win a brand new iphone 13! text the correct answer to ""lotterywin123"" at 67890. uk only, time is running out! 10ppm. txt stop to opt out.  urgent! you've",1
"win a brand new iphone 12! call 09025334455 now and press option 1 for instant entry, only 50p per call, 18+, winnings paid via cheque. don't miss out!",1
"win a brand new iphone 13! answer 3 trivia questions - be the first to win! txt ""answer"" to 5551234 code: apple123 expires 31.12.21  or",1
"Urgent: Unclaimed prize of £1000! Collect before it's too late. Call 08445678912 now.  Lucky draw alert! Win a brand new car! Draw on 1st Mar. To enter, text",1
"Unbelievable offer! Get a brand new iPhone 13 for just £1! Text ""iPhoneWin"" to 95453 and claim yours now! Limited time offer, don't miss out! optout: 084589523",1
"Win an iPhone X! Hurry, offer ends tonight. Call 0800-123-4567 now to claim! Or text STOP to opt out. Standard rates apply.",1
Win an iPhone X! Click the link now and confirm your entry before it's too late: example.com/iphonexgiveaway  Limited time offer: Get 100 free calls! Dial *556# and follow prompts to activate. Off,1
"Congratulations! You've been selected to receive a free Samsung Galaxy S21. To claim your prize, call 0845-123-4567 within the next 24 hours or visit our website at www.winningsamsung.com before",1
"Win a brand new iPhone 13! Click the link now to claim: text confirm to 41111, msg & data rates apply. Hurry, offer ends soon! #iPhoneGiveaway #WinBig",1
"Alert! You've been selected for a special offer: £1,000 Amazon gift card. Confirm claim at [link] before code EXPIRE123 expires! Don't miss out! 18+ only.  Or:  C",1
"Win a brand new iPhone 13! Hurry, today's draw ends. Text ""iPhone"" to 67890 and claim yours now! www.winningiphone.com 10p/msg, 55p/call. 084",1
"win: you've been selected! claim your free Samsung Galaxy S21 now! reply with ""claim"" & call 08005556666 or visit www.prizewin-123.co.uk before it's too late!",1
"Win an iPhone 13! Reply ""iPhone"" to 90456 by 31st May for a chance to win. Standard text rates apply. Winner announced 1st June. 18+ only.  Don't miss out on this",1
"You've won an iPhone X! Claim now at winiphonex.com, limited time offer! Call 0800-123-4567 to confirm.  Big surprise for you, check it out at getmyprize.com.",1
"Congratulations! You've been chosen to receive a brand new iPhone 13! Claim now by calling 0844-800-1234. Terms & conditions apply, message and data charges may apply. Winner announcement in 24 hours.",1
"Alert: Congratulations! £5,000 iTunes gift card is yours. Validate now at bit.ly/ituneswin Before someone else claims it! Hurry!  Urgent: Claim your £100 Amazon voucher now! Call",1
"Win â€£500 now! Text ""lottery"" to 80055 to claim. Limited time offer, claim yours today! 18+. Call 09051234567 to verify.",1
"alert! you've won a £5,000 i Phone 12! call 08009876543 now to claim! offer expires in 24 hours!  or  urgent! your account is about to be closed",1
"⚡️ WINNER! 🎉 You've been selected for a FREE iPhone 13! Claim now before it's too late: [link] Call 0906453210 to confirm, limited time offer! 📱 #L",1
Urgent: You've been selected for a £500 Amazon gift card! Claim now by calling 0844-567-8901 (10p/min). Don't miss out! #winning #prize #surprise #,1
"ðŸš¨ Urgent! Congrats, you've won a brand new iPhone 13 Pro! Claim now by calling 0871-234-5678. Offer ends in 2 hours! #winner #freeiphone",1
"🚨 Urgent: Unclaimed £10,000 prize! Call 0871 234 5678 now to confirm info & collect! Hurry, offer ends soon! 🏆💷 #winnings",1
"win â€œlove goldâ€ worth Â£5000 in our quiz! hurry, ends tonight. text ""luvgold"" to 82355. 15p/msg. win guaranteed! helpline: 0845",1
"""Limited time offer: claim your free smartwatch and 500 text messages! Dial 0800 123 4567 now to activate!""  ""Unlock your £5000 prize! Reply 'WIN' to 67",1
Attention! You've been selected for a special offer: win a brand new iPhone X for free. Hurry up and call 0845 123 4567 to claim your prize. Offer valid until midnight tonight!,1
"win £1000 instant cash! call 0845-123-4567 now to claim, offer ends midnight! text YES to confirm, msg & data rates apply. www.winnow.com/prize",1
"Unclaimed lottery prize worth £10,000! Claim now by texting ""claim"" to 66111. Offer ends in 24 hours! Don't miss out! 18+ only. £1.50/msg.",1
"Win a brand new iPhone 13! Hurry, claim your prize before it's too late. Call 09082012345 now! 150p/msg. Winner announcement: 31st Mar. Don't miss out",1
"win iphone 12 pro max! call 0800 965 1234 now to claim, offer ends in 24 hours, sponsored by applebongosavings  or  urgent! £50 amazon vouch",1
"Win a brand new iPhone X! Hurry, claim your prize before it's too late. Text ""Claim"" to 555-1234 to confirm your entry. Don't miss out! #iPhoneXGiveaway #WinBig #FreeiPhoneX",1
"Win £1000 now! Click link to claim prize before it's too late! savamob.com/win \*Terms apply, 18+, 55p/call savamob, help 0800077667",1
"win a brand new iphone 13! click the link now to claim > www.iphonewin.net limit: 1 entry per day, 18+ only. call 02031505151 for help. hurry, offer ends soon",1
urgently claim your £100 Amazon voucher! text confirm & number to 07821 123456 or call 09023456789 to secure prize. t&c apply: www.winamazon.,1
"Alert: £1,000 iTunes gift card waiting! Claim now by texting ""iWin"" to 41556. Limited time offer, hurry!",1
"Alert! Claim your £500 Amazon gift card now. Reply ""WIN"" to 07825 321 321. Limited time offer! 18+ only. Valid until midnight. Act fast! #winning #shopping #free",1
"""Congratulations! You've won a brand new iPhone 13! Call 09012345678 now to claim, offer ends midnight. Share with friends to triple your chances!""",1
"Attention! You've been chosen for a special offer: win a brand new iPhone 13! Hurry up and call 08445678901 to confirm your entry, only 10p/min. Offer valid for the next 2",1
"urgent! you've won a brand new iphone 13! call 0800-123-4567 now to claim, or text YES to 67549 to confirm delivery details, 18+ only, msg & data",1
Claim your £5000 lottery win now! Call 0844 312 1111 before it's too late! Free call from a landline.  Unlock your iPhone 13 Pro for free! Text UNLOCK to 8,1
"Urgent! Win a brand new iPhone X! Click link to claim now - limited time offer! http://scamlink.com/iPhoneX  Or, get a £500 Amazon voucher just for verifying your account! Call 0844 5",1
"win big in our lottery! £5000 up for grabs, claim your prize now at www.luckywinnings.com. reply STOP to opt out, or call 08451234567 for help. 150p",1
"Attention! You've been selected for a £10,000 lottery prize. Claim before it's too late - call 09034567891 now! (Standard rate call applies) #goodluck #winbig #lot",1
"🚨 Alert! 🚨 Win a brand new iPhone 13 Pro max! Hurry, claim now and get priority entry to our exclusive giveaway. Click this link to confirm your entry: bit.ly/winiphone13promax (1",1
urgent: you've been selected! claim your £500 amazon gift card by calling 08001234567 or click link within 24 hours. don't miss out! ref: GC5628910123,1
urgent! you've been selected! claim your £1000 prize. call 08451234567 now! valid for 24 hours only. don't miss out!  or  exciting news! you've won a,1
"win a brand new iphone 13! Hurry, claim now by calling 0208 123 4567. Offer ends midnight tonight. T&Cs apply. Opt-out unavailable. #winner alert!",1
urgent! you've won a brand new iphone 13! claim it now by calling 0800-123-4567 or click the link in this message before it's too late!  urgent alert! your account is about to,1
"Congratulations! 🏆 Win £1500 cash or a brand new iPhone 13. Hurry, answer 3 simple questions & claim your prize! Call 09065432101 now. Valid for 24 hours only",1
"""Unlock unlimited data for 30 days, hurry offer ends soon! Call 08004112312 to activate now or text STOP to opt out.""  ""Congratulations! You've won an iPad Pro! Claim it by",1
"Win a brand new iPhone 13! Hurry, call 09064012121 to claim your prize before it's too late. Message and data rates apply.  Or  Unlock the secret to doubling your income! Click the link to",1
"win_now: unbelievable iphone 12 pro max up for grabs! click here to enter: shorturl.com/giveaway, call 08001234567 to confirm, hurry! offer ends in 2hrs",1
"* Urgent! Win an iPhone 13! Click link to claim: tinyurl.com/iphonewin \- hurry, offer ends soon! \- 18+ \- msg & data rates apply. Sponsored by wowtechltd. po box 5",1
"win big! text ""lottery"" to 66666 and claim your 1 million pound prize! limited time offer! 18+ only! terms apply",1
"Urgent! Unclaimed £500 prize waiting! Call 0845-123-4567 now to claim, only 10p/min! Don't miss out!  OR  You've been selected! Text 'yes'",1
"Unbelievable offer! Win a brand new Samsung TV! Reply ""win"" to 78955 now! Urgent response required. Limited time offer. Sponsor: bigscreenprize.com, msg & data rates apply.",1
"Win £1000! Call 0845-567-8901 now to claim! Hurry, offer ends soon! #lotterywinnings #bigprize #callnow",1
"urgently claim your $10,000 iTunes gift card prize! click now on link: bit.ly/win10kitunes or call 09021234567 to confirm info. don't miss out!  important",1
"Win $10,000! Call 0800-123-4567 now to claim. Hurry, offer ends tonight!  You've been selected for a free iPhone X! Text ""claim"" to 99999 to",1
"win a brand new iphone 13! act fast, offer ends soon. claim ur prize by txting win to 73528 18+ 6*â£1.50(morefrmopt)10, e1 3qw",1
"Win a brand new iPhone X! Hurry, offer ends in 2 hours. Click the link to claim: tinyurl.com/winiphonex  Or,  Unlock hidden fortune! Call 09023456789 now to claim your prize",1
urgent! claim your £500 Amazon voucher now! call 08443852712. uk local rate. offer ends soon! to opt out text STOP to 78007 (15p/msg),1
"Urgent! Win a brand new iPhone 13! Call 0845-963-1234 now and press option 2 to claim your prize! Limited time offer, don't miss out! 📱💰 #iPhone13 #",1
"Win an iPhone X! Hurry, offer ends soon. Click link to claim: bit.ly/iPhoneXwin  Your account is flagged for closure! Save it with a small fee. Call 09025123456 now.  Unlock",1
"urgent! you've been chosen: win iphone 13 or $1500 cash! act fast, call 0800-955-1234 to claim now (18+)  or  exciting news! click link",1
"Congratulations! You've been selected for a special offer: a brand new smartwatch and unlimited data for just £1/day. Act now and secure your prize by texting ""claim"" to 86688. Offer expires soon! #winnow #",1
"Attention! You've been selected to receive a special surprise: a free iPad! Claim yours now by calling 0871-234-5678. Standard rates apply. Hurry, offer ends soon!",1
"Alert! Congrats, you've won a brand new iPhone X! Claim now by clicking this link: bit.ly/winiphonex. Offer valid till midnight! Hurry!",1
"Congratulations! You've been randomly selected to receive a brand new iPhone X! Claim your prize by calling 09061234567 now. Limited time offer, act fast!",1
"Urgent:Claim your free iPhone 13 now! Reply with ""claim"" and your email to confirm delivery 0871-123-4567 Text STOP to end. Offer valid until midnight tonight.",1
"Attention! 🚨 You've won a brand new iPhone 13! Claim now and unlock more surprises: www.win-13250.com Hurry, offer ends soon! 📱🎉",1
"Win a brand new iPhone 13! Text WINIPHONE to 80055 to enter, limited time offer! Call 07855 234 567 to claim, 18+, msg & data rates apply.",1
"Win an iPhone X! Quick, text ""claim"" to 555-1234 to enter. Limited time offer, don't miss out! 📱📱📱 #iPhoneXgiveaway #winnerannouncedso",1
"Win an iPhone X! Hurry, last chance to enter. Click link to claim: bit.ly/iphonewin. Call 09051234567 to confirm entry. Offer ends tonight! 18+ only.",1
"Urgent! Claim your £10,000 lottery win now! Call 09065432109, enter code ABC123. Hurry, offer ends today!  Congrats! You've been selected for a",1
"Alert: Congratulations! Win a brand new iPhone 13 Pro Max! Claim now at www.iwiniphone.com. T&Cs apply. Hurry, offer ends soon! Call 08445678901 to confirm.",1
"Win â€¢€500 instant cash! Hurry, claim now by calling 0800-123-4567! Offer ends soon! #luckywinner #freecash #winbig #prizedraw #callnow",1
Win £10k! Ur number chosen! Call 0845-567-8901 now and press 1 to claim. URGENT! Offer ends midnight.  Or:  Congrats! U've won a Samsung Galaxy,1
"win a brand new iphone 12! text ""iphone"" to 88008, limited time offer, don't miss out! 18+, t&c's apply, txt help for info. 50p/msg. reply """,1
alert! you've won a brand new iphone 13! claim now by calling 08455678910 or texting win to 69911. code: iphone13 expires 31/12/,1
"Win a brand new iPhone 13! Text WIN to 888-222-3333 to claim, limited time offer! Free wallpaper included.  Urgent: Call 0845-123-4567 now and",1
"🚨LIMITED TIME OFFER! Win a brand-new iPhone 13 Pro Max! 📱 Click the link below to enter: bit.ly/iphone13win 🚀 Hurry, contest ends in 24 hours! ��",1
"Win £50 Amazon vouchers today! Reply ""claim"" to 8001234567, limited spots available, hurry! #winnerdraw #amazongift #shopnow",1
"Win £10,000! Click link to claim now: winbigmoneyoffer.com Limited time offer, don't miss out! Text ""claim"" to 1965 for entry, std rates. UK only.",1
"Win a brand new iPhone 13! Hurry, offer ends in 2 hours. Click now to claim: http://www.iphone13win.com/abc123  or  Congratulations! You've been chosen for a special offer.",1
"Win £500 now! Text ""Claim"" to 87111. Winner announced tomorrow. Call 09082015150 to verify. Msg & data rates apply.",1
"Win an iPhone X! Hurry, claim your prize before it's gone. Call 08455678901 to confirm eligibility. Standard rates apply. Offer ends soon. Congrats, you're a winner!",1
"Win a brand new iPhone 13! Hurry, text ""iPhone"" to 800121 now to enter. 18+, t&c apply, www.iphonewin.co.uk. Limited time offer!",1
"urgent: claim your free samsung galaxy s21! text ""win"" to 67890 to confirm entry. offer ends midnight. don't miss out!  auction alert: highest bid on iphone x is now $120. place your bid",1
"urgent! congrats, you've won an iphone 13! claim now by calling 08445678910 or clicking the link below. offer ends midnight tonight. winbigoffer.com/iphone13 unsub to quit.",1
Urgent! Win £5000 now! Call 09058123456 from landline. Offer valid for 24 hours only. Claim your prize!  Or:  Congratulations! You've won a brand,1
"You've been selected to receive a free iPhone 12! Reply ""Claim"" to enter the draw and be one of the lucky winners! Hurry, offer ends in 2 hours! txt 07825312345 to confirm your entry. S",1
urgent! you've been selected to receive a special prize: a brand new iPhone X! claim it now by calling 09051234567. valid for 24 hours only.  exclusive offer: a surprise £500 cash prize is,1
"Win a brand new iPhone 13! Call 09012345678 now to claim. Hurry, offer ends soon!  or  Unlock $10,000 in hidden winnings! Text back 'lottery' to 8",1
"🚨📱 You've been selected! Claim your £1000 Amazon voucher now, but hurry, offer ends soon! Text WIN to 07825 123456 to confirm your details 💰��",1
"Attention! Unclaimed £1,500 prize waiting for you. Call 09065201121 now to claim, standard rate applies. Winning number: 1234567890. Hurry, offer ends soon!",1
"Alert! You've won a £5,000 shopping spree! Claim now by texting ""winshop"" to 87123. 1st message free, £1.50 per call thereafter. Confirmation code: BC12",1
urgent! win an iphone 13 pro max now! click the link to claim your prize before it's too late! #winnerdrawntomorrow #actfast #exclusiveoffer #AppleEvent2022 #iPhoneGiveaway #techup,1
"You've won a brand new iPhone 13! Claim now by calling 09055556666 or text ""claim"" to win! Hurry, offer ends soon!",1
"📣 Urgent! Win a brand-new iPhone 13! Text ""WIN"" to 90011 to enter now! 18+ only, msg & data rates apply. Ends soon! #iPhoneGiveaway #WinBig #Lim",1
"Win £500 cash now! Answer this: What's the color of money? Reply with answer and phone number to claim, text STOP to opt out. 18+, 1.50/msg, 0845-123-4",1
"Alert! Unclaimed £5,000 iTunes gift card waiting for you. Confirm claim at ituneswin.com/uk or lose it! Hurry, offer ends soon. #Winner2day!",1
"Win a brand new iPhone 13! Hurry, reply with ""Claim"" to this message and get the link to enter the draw. Limited time offer!  Or,  Unlock your secret fortune! Text ""Lucky"" to 87878 and discover your hidden",1
"Win £1000 instant cash! Call 0845-862-1234 now, time is running out! msg & access code: luckywinner123. text STOP to opt-out.",1
"urgently claim your free iphone 12! click the link below and confirm your details to secure delivery before stocks run out. hurry, offer ends soon!  [link]  or call 08001234567 to claim over the phone",1
"win a brand new iphone 13! answer these 3 easy questions to enter: what's apple's latest smartphone model? text answer & serial number to 67890, limited time offer! 18+ only.",1
Alert: Unclaimed prize of £1000 waiting! Click link to claim now: shorturl.com/abc123 or call 0845-567-8901 code: xyz789 expires soon!,1
"Limited time offer! Win a brand new iPhone 13! Call 0800-123-4567 now to claim, or reply STOP to opt out. Text message rates apply. Hurry, offer ends soon!",1
"win a €500 Amazon voucher today! text ""ClaimNow"" to 888-12345. Limited time offer, act fast! #prize #win #Amazon #shopping #giveaway #winbig #urgent #off",1
urgent! $1000 cash prize waiting for you! claim now at http://www.winninglottery.com/code: AB12345 expires in 24 hours!,1
"""Congratulations! You've won a brand new iPhone 13! Claim now at www.luckywin.net/claim. Limited time offer, act fast!""",1
"Unclaimed $1000 prize! Call 0800-123-4567 now to claim or text YES to confirm delivery. Hurry, offer ends soon!",1
"urgently claim your free smartwatch! text ""WIN"" to 07823456789 or call 02012345678 now to confirm delivery. congrats, you're a winner! #limitedstock #actfast #",1
Last chance to claim your £500 Amazon gift card! Act now and call 07985 123456 to verify and collect. Offer ends midnight tonight! #wontwanttoregretit #urgent #prize #win #,1
winner!! you've been chosen! claim your new iphone 12 by calling 09061112222. use code iphoneX. offer ends midnight.,1
"""Congratulations! You've won a brand new iPhone X! Claim now by calling 0845-123-4567 within the next hour. Don't miss out!""  ""Breaking news! You've been randomly selected for",1
"win the newest iphone 13! answer 3 trivia questions & be the first to claim it 📱 txt ""yes"" to 555-1234 to play now! (standard rates apply) #luckywinner #newiph",1
"Exclusive offer! ⚡ Call 0800-123-4567 now to claim your guaranteed £1500 cash or £3000 luxury trip! Hurry, live operator waiting. 📞🏖️ #Win",1
* ðŸš¨ Attention! £5000 surprise cash prize waiting for you. Call 09055551234 now and claim! Offer ends in 24 hours 150ppm * Exclusive offer! Win,1
💰 Urgent: You've been selected for a £500 cash prize! Claim now by calling 08443123123. Text STOP to opt out. Standard rates apply. Offer ends soon! 📅 #w,1
"Attention! You've been selected for a special offer! Win a brand new iPhone 13 Pro Max! Call now on 084456789012 to claim, only 50p/min. Hurry, offer ends tonight! #i",1
"🚨Congratulations! You've won an iPhone X! Claim now by calling 0871-253-0001. Hurry, offer ends soon! 📱 #winner #Apple #iPhoneX",1
urgent! claim your £500 amazon gift card now! text win and your phone number to 09012345678. winnings announced daily. good luck!  limited time offer! unlock your iphone 13 pro max with our,1
"alert: unclaimed prize of £1000! call 07986452361 to claim, offer valid until midnight  warning: your account is about to be closed! act now and upgrade to premium service at 88811, save",1
"urgent: claim your free iphone 12 now! text confirm & number to 07987654321. limited time offer, act fast! ts&cs apply.",1
"urgent! you've won a brand new iphone 12! claim it now by calling 0800-123-4567 or click link in text to confirm your address! hurry, offer ends soon!",1
"Alert! Win a Samsung Galaxy S22! Text ""Claim"" to 555-555-1234. Offer ends midnight. Congrats, you're a winner! 🥇",1
"Win £1000! Call now to claim, line closes in 1 hour! Dial 09025252525, text ref: prize123. £5.99/min, 18+.  Cong",1
"urgent! congratulations! you've won a brand new iPhone X! claim now by calling 08432165345. limited time offer, only 24 hours left! don't miss out!  or  your lucky number has been",1
Alert! Win a <£1000> Amazon voucher. Claim now by calling 08712345678. Enter code: XYZ987. Expires in 24 hours!  or  Ur,1
"Win £1000 instant cash! Claim now at [scamwebsites.com](http://scamwebsites.com). Limited time offer, act fast! 18+, T&Cs apply. Text STOP to 66777",1
"win iphone13 now! hurry, last day to enter! txt win to 8675309 to claim ur prize! 18+ only! t&cs apply 08452983211 for info.",1
"Urgent! Win a £5000 holiday or £1000 cash! Reply ""Yes"" to 80062 and confirm your email for entry. Hurry, draw ends tomorrow! #lotterywin #prize #jackpot #freevac",1
"Win a brand new iPhone X! Hurry, text ""iPhone"" to 87654 to enter, offer ends soon! 123-abc-def-456/garden/suite7/w1a2bw london 18+ only",1
"Win a brand new iPhone 13! Reply with your name and address to claim, offer valid for 24 hours only. Call 08001234567 to confirm.  Unlock 5000 bonus minutes and 1000",1
"Win a brand new iPhone X! Hurry, offer ends tonight. Click the link to claim: bit.ly/iPhoneWin  Congratulations! You've been randomly selected for a £1000 Amazon gift card. Call 0845-12",1
"""Urgent: Win an iPhone 13! 50 lucky winners, enter now by texting WIN to 80012. Call 08453020123 for details. 18+, t&c's apply.""",1
"urgent! claim your â€œmillion pound lottery win"" before it's too late! call 09067123456 to speak with an agent, 18+ only, std txt rates apply. txt ""stop"" to opt out.",1
"urgent! you have been selected for a special promotion: win a brand new iphone 13! claim your prize by txting ""win"" to 81111. t&c apply: ww.freeiphone13.net limited time offer! act fast",1
"Urgent! You've won an iPhone 13! Call 0845-123-4567 to claim, limited time offer!  Congratulations! Unclaimed £1000 Amazon voucher, txt YES to 8",1
Urgent! You've won a brand new iPhone 13! Claim your prize now by calling 09032135678 or clicking the link: bit.ly/iPhone13Win. Offer ends soon!,1
Urgent! £100 Amazon voucher awaits! Click link to claim before it's gone: tinyurl.com/gq3ef8m  Limited time offer! Win an iPhone 13 Pro! Call 0800-123,1
"urgent: claim your â€śluxury watchâ€ť now! txt code: WIN123 to 8675309, offer ends soon! #luckywinner #timefortreats t&cs: www.luckywins.com,",1
urgently claim your £100 amazon voucher! reply with your email address and confirm win. limited time offer! click here to claim now!  or  last chance to enter our lottery! £1m jackpot up for grabs! reply yes to enter,1
Win £1000 instantly! Click link to claim: tinyurl.com/urgentprize Offer ends in 24 hours! 18+ only. msg & data rates apply.,1
alert ðŸš¨!! surprise £1000 Amazon voucher for u! claim now by texting claim to 07825345678 or call 09021234567 to verify 18+ t,1
"Attention: Last chance to claim your £500 Amazon voucher! Call 09082750635 now and confirm your win! Don't miss out on this amazing offer, limited time only! Text STOP to 07545",1
"Urgent! Unclaimed $10,000 prize waiting! Text ""claim"" to 90210, expires in 24 hours! info: prize2022.com text STOP to quit, 50 cents/msg.",1
"Alert! Congratulations, you've won a brand new iPhone 13! Claim now by calling 0203 123 4567 or click the link below. Offer ends in 24 hours! t&cs apply. opt-",1
"urgently claim your £50 amazon voucher! click link to verify eligibility now: shorturl.com/abcd1234  winning numbers alert! £10m lottery jackpot, check if you're a winner: call 08",1
"""Congratulations! You've won a brand new iPhone X! Claim your prize now by calling 0845-123-4567 or click the link below. Hurry, offer ends soon! www.iphonexgiveaway.com",1
"Attention! You've been selected to receive a free iPhone 13! Claim now by calling 08445678901, only 10p per minute. Hurry, offer ends soon! Customer support: 020313",1
"Win a brand new iPhone 13! Call 09025252525 now to claim, limited time offer! Text STOP to 88444 to opt out.  Discover hidden treasure worth £10,000! Click",1
Attention: You've won a brand new iPhone 13! Claim your prize by calling 0800-123-4567 before midnight tonight or lose your chance. Congratulations! #winner #iPhone13 #urgent,1
"urgent: you've been selected for a special offer! claim your â€¢1000 prize now by calling 08001234567 (texts cost Â£1.50 per msg, max 5 free) or visit link in",1
"Unclaimed Lottery Win: £50,000 awaits! Act fast at 0845-234-1234 or click link within. Don't miss your fortune! #urgent #winnings #lottery #18+",1
urgent! win iphone 13 pro max! click link to enter: tinyurl.com/iphone13giveaway  limited time offer! claim your free samsung tv! call 08445678901 now!  last,1
"Urgent! You've won a £3,000 cash prize! Call 0845-1234567 now to claim! Offer expires in 2 hours!  or  Last chance to claim your £50 Amazon vouch",1
"Win a brand new iPhone 13! Hurry, call 0800-123-4567 now to claim your prize! Offer ends soon. #winnow #iphone13giveaway #urgentactionrequired",1
"urgent! you've won a brand new iPhone 13! claim it now by calling 09062345678 from a landline. code: iphonewin345 150p/min, valid next 24hrs",1
Attention! You've been randomly selected to receive a special prize: a brand new iPhone X! Act fast and call 09025556666 to claim your prize before it's too late! Text CONFIRM and your phone number to confirm elig,1
"Unclaimed lottery winnings! Quick, call 0800-123-4567 to claim your £10,000 prize before it's too late! Don't miss out, act now! #win #lottery #fortune #",1
Urgent! Unclaimed $500 Amazon voucher awaits! Click link to claim: tinyurl.com/amazongift Offer ends soon! #winbig #shoppingspree #surprise #amazon #freevoucher #shopaholic #deal #,1
urgent! congratulations! you've won a brand new iphone 12! claim it now by calling 09050001234 from a landline. offer valid for the next 12 hours only.  or  breaking news,1
"Message 1: ""Congrats! You've won a $500 Amazon gift card! Hurry, claim now by calling 0844 567 8901. Offer ends midnight tonight!""  Message 2: """,1
"Text message:  ""Congrats! £5,000 Amazon voucher yours for the taking! Quick, claim now by calling 0844-567-8901 or click link in this text. Offer ends in 2 hours",1
"urgent! you've won a £5,000 lottery prize! call 09012345678 now to claim or miss out! code: xyz123, 18p per min.  or  amazing",1
"Unbelievable! $10,000 waiting for you. Quick, call 1-800-911-1234 to claim now! (Standard rates apply)  Mystery prize alert! Reply ""yes"" to this text to",1
"Alert! Your account has been randomly selected for a $10,000 cash giveaway! Claim your prize now by clicking this link: fraudulentwebsitelink.com/claim or call 0800-800-1234 (limited",1
"Urgent! You've won an iPhone 13! Call 0845-567-8901 now to claim, code: XMAS21. Don't miss out!  or  Congrats! £500",1
"Win £1000 instant cash! Text WINBIG to 80211 for entry, limited time offer! 18+, t&c apply. Reply STOPWIN to opt-out. SMS rates may apply.",1
"🚨 Congrats! Win an iPhone 13 Pro Max! Claim now by clicking link 👉 bit.ly/iPhoneWin. Hurry, offer ends tonight! 🏆 Cancel: text STOP to 077012",1
urgent! win a brand new iphone 13! text confirm entry to 07821 123456 or call 09032 789012 to claim! offer ends soon!,1
urgent alert! claim your £5000 surprise prize before it's too late! call 08453210123 to confirm eligibility and collect your winnings! offer valid for a limited time only!,1
Urgent: Unclaimed prize alert! £3000 awaits you. Call 09061882345 now to confirm details. Don't miss out! #winbig #prizes4u #urgentcall,1
"Attention! ðŸš¨ Win a brand new iPhone 13 Pro max! Call 07812345678 now and confirm your claim. Hurry, offer ends in 2 hours! 📱✨  or  Ex",1
"Win a brand new iPhone X! Call 09025151616 now to claim, standard rate call applies. Hurry, offer ends soon! #iPhoneXGiveaway #WinBig #CallNow",1
Win £1500 now! Call 0800 123 4567 before it's too late! 18+ only. Msgs @ £1.50. Text WIN to confirm.,1
Attention! You've won a brand new iPhone 13 Pro Max. Claim your prize by calling 09065123456 now! Valid for the next 24 hours only. Congratulations! 📱✨,1
urgent! win iphone 12 pro max! reply with color choice to 87123 now! limited stock offer expires soon! txt std rates apply. 16+ only. opt out by texting stop. prize draw terms: wwwnotewin,1
Urgent! You've won a brand new iPhone 13! Claim it now by calling 08712435678. Offer valid for the next 24 hours only! #iPhone13 #win #prize #callnow,1
"Win â€śThe Big Oneâ€ť - Â£500 cash prize! Reply ""jackpot"" to 80856. T&Cs apply 0845-567-8910. Hurry, ends soon!",1
"📱 Urgent: Claim your $1000 Amazon voucher! Reply ""Claim"" to 07512345678 to confirm delivery info. Offer ends tonight! Don't miss out! 💸",1
"Win a brand new iPhone X! Call 0800-123-4567 now to claim your prize, limited time offer! Standard rates apply. Text STOP to opt out.",1
"You've been chosen! Win a brand new iPhone 13 or £1000 cash. Act now and call 0800-123-4567 to claim (18+, standard rates apply) #urgent #prize #w",1
"Win a brand new iPhone 13! Hurry, offer ends tonight. Click here to claim: tinyurl.com/iphone13win Or call 09095234567 to confirm, std rates apply. Good luck!",1
win iphone 12 pro max! answer this: what's the color of money? txt answer & claim prize at 90123. urgently! only 24 hrs left! #luckywinner #iphinwyou #callnow #w,1
alert! you've won a brand new iphone 13! call 08445678910 and quote code XP876 to claim now! offer ends 15/12/23  urgent! your account,1
urgency: Congratulations! You've won a brand new iPhone 13! Claim it now by calling 0800-123-4567 or clicking the link within 24 hours. Don't miss out!  prize,1
Alert! Unclaimed prize: £500 waiting! Call 0845-567-8901 now or click link: shorturl.com/a/12345 to claim. Time is running out!,1
"Urgent! You've won a brand new iPhone 13! Claim now by calling 09065678901. Code: WIN123. Valid for 2 hours only! 18+, call charges apply.",1
Urgent: Unclaimed $5000 prize! Claim now at http://www.lotterywinnings.com/claim. Call 08451234567 to verify. Offer ends soon!,1
Congratulations! You've been selected for a special offer: a free 1-year subscription to our premium service. Call now at 07825 345 678 to claim before it's too late! Offer ends midnight tonight.,1
"urgent! you've won a <usd>5000 cash prize! call 09012345678 to claim now, valid for 24 hours only! text YES to confirm. congratulations! (msg and data rates may apply",1
"Win £10,000! Call 09065432101 now and press 1 to claim. Text ""WIN"" to 67890, 5p per message. Ends midnight. UK residents only. Over 18",1
"win â€š¢500 amazon vouchers instantly! text ""win"" to 88777, limited slots left, 18+ t.co/link hurry!  or  you've been selected! claim your iphone 1",1
"You've won a brand new iPhone 13! Call 0800-123-4567 to claim, delivery in 48 hours. t&c apply, msg & data rates may apply. limited time offer, act fast!",1
"Win a brand new iPhone 13! Text ""iPhoneWin"" to 888-555-1234 to enter now. Limited time offer, act fast! Winner announced daily. 18+ only. Terms apply.",1
Urgent! Win a brand new iPhone 13! Click here to claim: [link] Offer ends in 2 hours! Don't miss out! #luckywinner #iphone13 #winbig #freecontest,1
"Alert! Win a brand new iPhone 13! Hurry, claim now by calling 08457654321. Offer ends midnight tonight! Congrats, you're a lucky winner! 📱✨ #iPhone13",1
"todays text: your number ending in 5611 has won a surprise â£500 prize! call 08453020303 to claim, offer valid for 24hrs only. congratulations!",1
"win a brand new smartphone! click link to claim, limited time offer, hurry! [http://scamlink.com]  urgent! you've been selected for a free vacation package! call 08003211234 to confirm, offer",1
Urgent! Unclaimed $1000 prize waiting! Click link to claim now: shorturl.com/abcd1234  Limited time offer! Win an iPhone X! Call 08003567890 to confirm entry.,1
"🚨 Urgent! Win £10,000 now! Call 09020255252. Valid till midnight. Text ""WIN"" to confirm. 150p/msg. To stop, text ""STOP"" or call",1
"Win a brand new iPhone 13! Claim your prize by calling 0800-123-4567 now! Hurry, offer ends soon! #iPhoneGiveaway #WinBig #UrTurnNext!",1
"Attention! You've won a brand new iPhone 13! Click the link below to claim it before it's too late: [scammylink.com/iphone13] Hurry, offer ends in 24 hours! #winneraward #iph",1
"urgency: claim your £500 Amazon voucher now, call 0871 234 5678, offer ends tonight! fake prize: you've won an iPhone X, click link to claim, limited time only! urgent request",1
"Alert: Congrats! You've been selected for a special prize: £5000 cash! Hurry up, claim it now by texting ""claim"" to 09025556666 or call 0844433",1
"""Congratulations! You've won a brand new iPhone X! Claim now by calling 08435678901 or clicking the link: xyz.com/claimprize. Offer ends in 24 hours.""",1
Alert: You've been randomly selected to win a Samsung Galaxy S21! Claim your prize by calling 08455678901 or visit win.samsung.link within 24 hours. Congrats! #goodluck #,1
"Win a brand new iPhone 13! Hurry, claim your prize before it's too late. Reply with ""Claim"" now for instant delivery. Free for the first 100 winners! msg & data charges apply. txt WINIPHONE to 7856",1
urgent! your £1000 lottery winnings are waiting! claim now at www.bigwinlottery.com/claim or call 09050123456 within 24hrs. congrats!  your exclusive discount code: save,1
"Win a brand new iPhone X! Hurry, claim your prize by calling 1-800-555-1234 now. Don't miss out!  Late payment reminder: Your account balance is overdue. Call 090123",1
"Win big! Your email account secured with a hidden €10,000 prize. Claim now: confirm@winthemoney.com/1234567890 #urgent #prize #winthejackpot",1
win iphone x now! call 09095550121 to claim (rb call) t&c's apply 18+ txt STOP to opt out  get your free samsung galaxy s21! click here to claim (std,1
"win a brand new iPhone X! click the link to claim your prize before it's too late! (limited time offer, hurry up!)  or  urgent! you've been selected for a special offer: a free 1-year subscription to Netflix! replying with",1
"Attention! Unclaimed £500 prize waiting for you. Text ""claim"" to 83210 to confirm identity. 18+, t&c apply: www.lottery-win.co.uk, 10p/msg. Call 0",1
"urgent! you've won a brand new iphone 12! call 08712345678 to claim now, offer ends soon!  or  your account is about to be closed! confirm your details by clicking link: bit.ly",1
"Urgent! Win a brand new iPhone X! Reply with your number to claim, offer valid for 24 hours only! Call 0871-234-5678 to confirm. Text STOP to opt out.",1
"Win a brand new iPhone 13! Call 0800-123-4567 now to claim, limited time offer! Text CONFIRM and your serial number to 78901, standard message rates apply. Don't miss out!",1
🏆🎊 Urgent! You've won a brand new iPhone X! Claim your prize by calling 0844-567-8901 within 24 hours. Congrats! 🚀 #winning #tech #g,1
urgent! you've won a brand new iphone 13! claim now by clicking this link: scamlink.com/claimprize or call 08712345678 to confirm your win. offer valid for 48 hours only,1
"Text message: ""Congrats! You've won an iPhone 13! Claim now by calling 09033053053. Enter code XYZ. Hurry, offer ends soon!""",1
"urgently claim your £500 Amazon gift card! reply win with your email address to collect, offer valid until midnight tonight! 08451234567 call to confirm 100% free!",1
Urgent: Unclaimed $500 Amazon gift awaits! Click link to claim now: http://tinyurl.com/amazonwin  Important notice: You've been selected for a free iPhone 13! Call 0902555123,1
Congrats! You've been selected to receive a brand new iPhone 13! Claim now by clicking this link: bit.ly/iphone13win or call 0800-123-4567 (offer ends soon)!,1
"urgent! you've been chosen for a free iphone 13. claim now at www.iphone13win.com. limited time offer, act fast!",1
"Urgent! Unclaimed $10,000 prize waiting! Click link to claim now or call 08453210821 to verify. Don't miss out! #winning #prizealert #urgentactionrequired",1
Urgent! You've been chosen for a £500 Amazon gift card! Click here to claim now: bit.ly/3iBvB6J or call 02012345678 to confirm your win. Don't miss out!,1
"Alert! Unclaimed lottery winnings of £5000 await. Call 08001234567 to claim, or risk losing it all! Hurry, offer ends soon. #winnings #lottery #claimnow",1
"""Congrats! Win an iPhone 13! Hurry, last day to enter. Reply 'win' to 80182 for a chance. 18+, std txt rate, t&c's apply 0845281",1
"Win a brand new iPhone 13! Call 09061112233 now and confirm your delivery details. Hurry, offer ends soon! #iPhoneGiveaway #WIN #iPhone13 #UrgentCall #FreePhone #WinBig",1
"win a brand new iphone 13! click the link below to claim now, offer ends in 24 hours! [fake link]  urgent: you've been selected for a free holiday! call this number to confirm and make arrangements: 012",1
"Congratulations! You've won a £1500 shopping spree! Claim now by texting ""WIN"" to 78532. Offer valid for 24 hours only. www.shoppingspree.com/win (18+",1
Urgent alert! You've been selected for a £5000 lottery prize. Claim now by calling 0800-234-5678 or click the link in this message. Time is running out!,1
"Win big! You've been chosen for a free iPhone 13! Reply with ""claim prize"" to receive redemption instructions. Hurry, offer ends soon! 18+ only. 150ppm. txt ""help"" to opt out. sfs",1
Urgent! You've won a brand new iPhone X! Claim your prize by calling 1-800-WIN-APP now or click the link to confirm your details: textwiniphone.com. Offer ends soon!,1
"win a brand new iphone 12! click link to claim, limited time offer, hurry up! sms-lottery.com/iphone12 expires tomorrow! 18+, msg & data rates apply.",1
"Congratulations! You've won an iPhone X with our latest contest. To claim your prize, call 0845-123-4567 within the next 24 hours or miss out! #Winner #Apple #iPhoneX",1
"Win a brand new iPhone 13 Pro max! Hurry, only 24 hours left! Call 0800-123-4567 to claim, standard rate call. Text YES to confirm delivery address. Limited stock, don't miss out!",1
message: Congratulations! You've been randomly selected to receive a brand new iPhone 13. Claim your prize by clicking the link below within the next 2 hours: http://www.iphonewin.com/claim/1234567890,1
"Urgent! £1000 Amazon voucher up for grabs! Reply with ""Claim"" and your email address to win! Offer ends midnight tonight! www.winvoucher.com/claimnow  Or:  Congratulations! You'",1
urgent! you've won a brand new iphone 13! claim it now by calling 09058094454 from a landline. offer valid for 12 hours only!  big prize alert! the lottery has chosen you for,1
"Win £500 cash! Text ""lucky"" to 66778 now. 18+, t&cs apply: www.winbig.co.uk  Last chance to enter! Win an iPhone 13 Pro Max. Reply ""enter""",1
"Urgent! You've won an iPhone 13! Claim now by clicking the link: winiphone13.com/code: AB123456 Call 0800-123-4567 to confirm. Hurry, offer",1
urgent: you've been chosen! claim your £5000 prize now at http://www.prizewin.com or call 08458923456 (expires soon),1
Win £1000 now! Text back your name and number to claim your prize. (10p/text) www.luckywinnings.com/code: AB1234567890 # Urgent!,1
"Win a brand new iPhone 13! Hurry, claim yours before it's too late. Call 0800-123-4567 now! Free min. msg & data rates apply. Winner announced tonight! #luckywinner.",1
"urgent! claim your £500 cash prize, text confirm to 78901, expires tonight! 18+ t&c www.winbig.co.uk  private! your recent account activity shows suspicious transactions. call 084480",1
Attention! ðŸ”¤ You've won a brand new iPhone 13! Claim now by calling 08445678901. Offer ends midnight tonight! Don't miss out! ðŸ˜ž #winner #p,1
"Urgent! You've been selected for a surprise gift! Claim your £500 voucher now at www.prize-surprise.co.uk or call 02012345678 (18+, UK only) to",1
"win a brand new iPhone X! click link to claim now: tinyurl.com/iphonexwin urgent: your account is about to expire, renew for only $9.99/mo, reply renew or call 1-888-555-",1
"urgently claim your £1000 Amazon voucher, call 09065432101 to confirm info, time is running out!  you've been randomly selected for a free iPhone 12, click link to claim now: [sc",1
urgently claim your £1000 Amazon voucher! click link below before it's too late: text verify to 90011 call 0845 838 2888 for assistance #winner #freevoucher,1
"alarming! win a brand new iphone 13, claim now by calling 09051234567 from a landline, offer valid for 24 hours only!",1
"win a brand new iphone 13! click the link to claim now: bit.ly/iphone13win 18+ only, limited time offer!  or  urgent! your account is about to be suspended! call 02035",1
"win a free iPhone X! quick, call 0845-123-4567 to claim, offer ends soon!  urgent: unclaimed lottery prize of £10,000. text 'claim' to 67678",1
"win a brand new car! call 08455678901 now and claim your prize! hurry, offer ends tonight! no ads, only winners! txt confirmation to 67890.",1
"win a brand new iphone x! act fast, offer ends tonight. click link to claim: tinyurl.com/iphonexfree  urgent alert: unclaimed lottery prize of £500,000! claim now and secure your fortune: claimp",1
"Attention! Unclaimed prize alert: Win £10,000! Hurry, click now on http://www.prizewin.net to confirm your entry & collect your winnings! Don't miss out! 🏆💰 #LuckyYou #",1
Congratulations! You've won a brand new iPhone 13! Claim your prize now by calling 1-800-WIN-IPHONE. Offer valid for the next 24 hours only! Don't miss out!  or  Unlock,1
"Win a brand new iPhone 13! Hurry, last chance to enter! Click here to claim your prize before it's too late: bit.ly/iPhone13giveaway  Or,  Urgent: Unclaimed $1M lottery prize!",1
"urgent! win a free iphone x! click link to claim: sms-win.net/claimprize. act fast, offer ends soon! #luckydays! #iphonexgiveaway #winbig #winningisfun",1
"""Congratulations! ðŸŽ‰ You've been randomly selected to receive a $5000 Amazon gift card. Claim now by clicking here: [scammylink.com] Offer ends soon!""  ""URGENT! ðŸ”",1
"urgency! win a brand new iPhone 13, act fast, text ""claim"" to 8005551234 to confirm delivery, limited stock!  or  exciting news! you've been picked for a free vacation, call 0",1
"Urgent! Win a brand new iPhone 13! Click link to claim now: scamwin.com/iphone13 Limited time offer! Free iPads for new subscribers! Reply with name, email, and phone to opt-in: tabletde",1
"Win £300 weekly! Text ""LOTTERY"" to 67556. Winner announced in 48 hours. Claim prize by calling 08451234567. Info & T&Cs: www.luckyw",1
Urgent! You've won a brand new iPhone 13! Call 0800-123-4567 to claim now and unlock your prize! Don't miss out!  or  Attention! Unclaimed prize alert: £50,1
"Win an iPhone X! Reply with your name and email to claim, limited time offer! text winiphone to 78564. 18+ only. msg&data rates may apply. help: 1-800-999-999",1
"Congratulations! You've hit the jackpot! Text ""claim"" to 67890 to receive a $10,000 cash prize. Offer expires in 2 hours! Don't miss out!  Or,  Urgent",1
Urgent: Unclaimed $1000 prize! Click link to claim now: bit.ly/3jJjJjJ or call 0800-123-4567 to confirm details. Don't miss out!,1
Attention! You've been selected to receive a special offer: a brand new iPhone 13 or a £1500 cash prize. Hurry up and call 0800-123-4567 to claim before it's too late!,1
"Congratulations! You've been selected to receive a free iPhone 12 Pro! Hurry, claim your prize before it's too late. To confirm your win, call 08712400123 now. Message and data rates may apply. text",1
"win big! 💰 £500 cash or iPhone 13, call now 09023456789. txt KEYWORD to 84242, std msg rates apply. hurry, offer ends soon! 🏆",1
urgent! today's draw: you've won a â€˜5000 prize guaranteed! call 09050005121 from landline. claim x73. valid 12hrs only  or  camera - congrats,1
"win a brand new iPhone 13! hurry, offer ends midnight tonight. claim at www.iphonewin.com/abc123 #goodluck #urgent #free delivery #callnow",1
🚨 Urgent: Claim your £500 cash prize! Click link below to verify eligibility 👉 [scamlink.com] Offer ends soon! 🕒 #WinnerAnnouncement #FreeMoney #LuckyYou,1
"Win £500 cash! Reply with code ""jackpot"" to claim. Limited time offer, act fast! 18+, t&c apply. Call 0845 855 1234 to verify.",1
"Alert: Win a brand new iPhone 13! ⚡ Call 0800-321-0001 now to claim, offer ends soon! 📱 Or reply with ""Claim"" to confirm your entry. 💬 Good luck",1
"win a brand new iphone 13! click the link to claim now, limited time offer, hurry!  urgent: you've won a cash prize of £500! call 08445678901 to verify & collect,",1
Alert! Win £500 Amazon voucher! Answer this: What's the capital city of Australia? Text your answer to 80011 by midnight tonight! Hurry! #lotterywin #surprise #freevoucher #Amazon #winbig,1
urgent! you've won a brand new iphone 13! claim now by calling 08001234567 before the offer expires! identifier code: 987654 use it now!  or  warning! your,1
"alert! win iphone 13 pro max! text ""claim"" to 90011 for verification code. limited time offer, claim yours now! 18+ only. t&cs apply. msg & data rates may apply. win big!",1
urgent! congratulations! you've won a brand new iphone 13! claim now by calling 0800-123-4567 with code iwin. offer expires in 24 hours! don't miss out!,1
"Win £500 now! Text the word ""jackpot"" to 67676. 18+, t&c apply. www.win500.co.uk  Lost package containing 2 iPhones! Contact 0203",1
"Win a brand new iPhone 13! Urgent: Text ""iPhone13"" to 888-555-1212 to enter. Limited time offer, ends soon! Don't miss out!",1
"win a brand new iphone x! text 'iphonewin' to 67890, reply with ur email for delivery info. act fast, offer ends soon! #luckywinner #techprize",1
"congratulations! win a brand new iphone 13, act fast, call 0800-123-4567 to claim, offer ends soon! #wintheiphone #limitedstock #urgent #freecall #winbig #p",1
"win a brand new iphone 13! hurry, contest ends in 2 hours. click link to enter: fakeiphonecontest.com/1234567890  urgent: unclaimed prize alert! you've won a holiday to",1
"Win £1000 Amazon gift card! Click link to claim now: bit.ly/winbigprize Hurry, offer ends tonight!  or  Urgent! Missed call from royal bank. Call back to secure account, 0800-",1
"urgently claim your $10,000 prize! click this link now and enter code XYZ123 to confirm your win. offer expires midnight tonight!  or  final reminder: your free iphone 13 awaits! call 087",1
"Win a brand new iPhone 13! Call now 0800-1234567 and press 1 to claim, offer ends tonight! 18+ only, standard call rates apply. To opt out, text STOP to 99999",1
"urgent! you've been selected to receive a free iphone 13! call 08445678901 now to claim, offer valid for the next hour only!  or  lottery surprise! you've won a trip to b",1
"Alert! Win an iPhone 13 Pro Max! Reply with your name and number to claim, limited time offer! Text STOP to opt out. Message and data rates may apply. www.iPhoneGiveaway.com/claim",1
"Urgent! Claim your $1000 Amazon gift card now! Click link below before it expires: bit.ly/amazongift  Or, call 1-800-935-3278 to confirm details. Offer ends soon!",1
"* limited time offer! claim your free iphone x now by texting ""claim"" to 73216. valid until midnight tonight! 18+ only. msg & data rates apply. winbigoffer.net/iphonex - urgent! congrats",1
Breaking news! You've won a brand new iPhone 13! Claim now at www.iphonewin.com or call 09012345678 (£1.50/min) within 24 hours only! Don't,1
🚨 Urgent! Unclaimed $1000 iTunes gift card waiting for you. Claim now at www.applewin.net/code: ABCDEF12345 \*Offer expires in 24 hours!* ���,1
Act now and win an iPhone X! Click the link to claim your prize before it's too late: bit.ly/iphonexwin  Limited time offer: Get a free gift worth £100 with your order! Shop now at www.amazingdeals.,1
**urgent alert** you've won a brand new iphone 13! claim now by clicking http://www.iphonewin.net/claim before offer ends. congrats!  **exclusive offer** limited time only: 50% off all designer hand,1
"urgent! claim your $1000 amazon gift card now! click link: hxxps://scamwebsite.com/claimgiftcard or call 1-800-123-4567 to verify eligibility, offer ends soon!",1
"Unbelievable offer for you! 🎁 Claim your free iPad Air 3 now, but hurry, offer expires in 24 hours. Call 0203 123 4567 to claim. T&Cs apply. Opt",1
"Attention! Unclaimed prize alert: Win ₹1,000,000! Claim now by calling 09876543210 (standard rate). Don't miss out! #luckydraw #jackpot #prize",1
* limited time offer! claim your free smartwatch now! text WIN to 90011 and get a link to claim yours before it's too late! offer ends midnight tonight! * breaking news! you've been randomly selected to receive a brand new tablet! reply YES,1
"new iphone x giveaway! win now by txting win to 78564! hurry, contest ends tonight! #luckywinner #iphonexgiveaway",1
Congratulations! You've won an iPhone X and a $500 Amazon gift card! Click this link now to claim: tinyurl.com/winiphonexx  Limited time offer! Claim your £250 cash prize by calling 0203,1
Attention! You've been selected for a special offer: win a brand new iPhone X! Hurry up and call 08458-623-529 to claim code iWinX. Offer ends in 24 hours. 180pp,1
Attention! You've won a brand new iPhone 12 Pro! Claim now by calling 09020203030 or clicking the link within 24 hours. Congrats! #winner #ApplePrize #limitedtimeoff,1
urgent! claim your â€śmystery prizeâ€ť worth â€śthousandsâ€ť before it's too late! call 08007776666 now! (operator charges apply)  secret message awaits you at www,1
"Congratulations! You've been selected to win a brand new iPhone 13 Pro Max worth £1500. To claim your prize, simply call 09064321056 before the offer expires. Remember, only one call per number is",1
"Breaking news! Your Amazon voucher worth £1000 is ready. Call 09051234567 now to claim, offer valid for 48 hours only. #winbig #amazonvoucher #urgentactionrequired",1
"win an iphone 13 pro max! hurry, offer ends tonight. click link to claim: text ""claim"" to 555-555-1234 to confirm delivery details. winner announced tomorrow! don't miss out!",1
"📣 £10,000 lottery win! Claim now by calling 0871 234 5678. Hurry, expires soon! 💰🏆",1
"Attention: Win a brand new iPhone 13! Text WIN to 80011, limited spots available! Don't miss out, claim yours now! 18+, UK residents only. For more info, call 020313112",1
"Win a brand new iPhone X! Click here to claim: bit.ly/iPhoneXWin Offer ends in 2 hours, don't miss out!  Discover hidden treasure! Call 08445678901 now to claim your share",1
"Win a brand new iPhone X! Hurry, only 24 hours left! Call 09065321919 now from a landline, or text WIN to 80878. 18+, 150p/min.",1
"win a brand new car! click the link below to enter our contest and increase your chances! hurry, offer ends soon: examplelink.com/wincar 150p/click rcvd. help:08458458458.",1
"""Congrats! You've won an iPhone X! Claim now by texting 'claim' to 87878. Limited time offer, end in 24 hours! #winning #techprize""  ""URGENT: £50",1
Attention! You've been randomly selected to win a brand new iPhone X! Claim your prize and unlock it before it's too late. Call 08454321234 now! Msg & data charges may apply.,1
"Alert! Congrats, you've been selected to win an iPhone X! To claim, call 0845-123-4567 and use code X-PRIZE within 24 hours. Don't miss out!",1
"Exclusive offer! You've been randomly selected to receive a brand new iPhone 13. Claim now by calling 0845-123-4567 or click the link to verify. Hurry, offer ends soon! #winner #apple #free",1
"act now! claim your free iphone 13. text confirm to 07825631251 to activate, delivery in 7 days. don't miss out!  or  urgent! win ipad pro! click link to enter",1
Attention! Unclaimed $1000 prize waiting for you. Click link to claim now: textlink.com/prize4u #winnermustactfast #urgent #prizealert #free money,1
"Attention! Unclaimed $10,000 prize waiting for you. Claim now before it's too late: text ""claim"" to 91111. Don't miss out! #urgent #winnings #prize #free #money",1
"congratulations! you've won an iphone 12 pro! call 09025112345 now to claim your prize or text back ""claim"" to confirm! offer valid for 24 hours only!",1
"urgent! you've won a brand new iphone 12! claim it now by calling 0800-123-4567 or click the link below. limited time offer, claim yours before it's too late! [link]  or",1
"🚨 Urgent! £500 Amazon voucher waiting for you! Claim now by texting ""WIN"" to 07825 123456. Limited time offer, don't miss out! #winner #pri",1
urgent! you've won a brand new iphone 13! claim now by calling 1-800-955-3333 or text claim to 55667. offer valid for 24 hours only! sponsored by apple tech give,1
"📱 Unexpected win! Claim your new iPhone 13 Pro Max now. Reply ""claim"" to 08712345678. UK residents only, msg cost £2.50/text, over 18. Hur",1
"urgent! claim your £500 amazon gift card now, reply or call 08451234567 before it's too late. validate your code at www.winbigprize.com. act fast!",1
"Urgent! You've won a brand new iPhone X! Claim your prize by calling 08718726970 now, only 10p per min. Don't miss out!  Congratulations! You've been selected to",1
"text back NOW to unlock exclusive content and join our adult community! 18+ only, click here: http://www.xploreadultfun.com/join #yourturn #adultfun #exclusiveoffer",1
"Attention! You've won a brand-new iPhone X! Claim now by calling 09061112233. Limited time offer, don't miss out! #winner #freeiphone #callnow  OR  Exclusive offer",1
"win a brand new iphone 13! click the link now to enter the raffle, limited time offer, only 100 winners!  urgent! you've won a £50 amazon gift card, confirm claim by calling 0800",1
"""Congratulations! Win 500 Amazon voucher. Claim now by calling 08453655271 or click link. Offer ends tonight!""  ""Important: Your account is suspended. Reactivate now! Call",1
alert 🚨! massive £5000 lottery win! claim ur prize by calling 0845-345-6789 now! time is running out ⏳ don't miss out! ❌text STOP to 7,1
"""Congratulations! You've won a brand new iPhone X! Claim your prize by calling 09025151616. Standard rate call charges apply. To opt out, text STOP to the same number.""",1
alert! you've won an iphone 13 pro max! claim now by calling 02035678910 or clicking link in txt msg. offer ends midnight. congrats! #winning #iphone13 #techprize,1
Urgent: Win an iPhone X! Call 0871-471-2389 now to claim. Free delivery today only. Text STOP to opt out. Texts cost 10p. Over 18s only. t&c: www.,1
"urgent: claim your £500 amazon voucher! txt CONFIRM to 7890123. offer ends midnight tonight. t&cs: 1x/wk, msg fees apply. winners announced wkly. 18+. call",1
"Win £500 cash or an iPhone X! Call now to claim, limited time offer! 0845-123-4567  Get your exclusive access to the secret lottery, join now! Text YES to 67890 (",1
"alert: you've won a brand new iphone 13! claim now by calling 08458002020 or text ""claim"" to 65656. limited time offer, act fast!",1
"urgently claim your £500 amazon voucher! text confirm to activate, offer ends soon www.amazonsweepstakes.com dear winner, congrats, ur number drawn! call 02031234567 to claim prize, time",1
Urgent! Win a brand new iPhone 13! Call 0845-567-8901 now to claim! Offer ends soon!,1
"urgency! you've been randomly selected for a £5000 lottery prize. call 09065432109 to claim, valid 8 hours only. don't miss out!  important notice: your number has won a £1",1
"Get ready for a shock! You've been selected to receive a brand new iPhone 13. Claim it now by calling 08455678901. Don't miss out, offer ends soon! #winner #techupgrade",1
"Win £500 cash instantly! Reply ""Claim"" to 80001. Limited time offer, hurry! Terms: www.luckydraw.net, 18+, std rates apply. Customer support: 084512345",1
"Urgent! Congratulations, you've won a £3,000 holiday to Bali! Call 0845-567-8901 to claim or visit link to confirm winnings. Hurry, offer ends soon! #180pp",1
"win big in our lottery! 1st prize: £5000, call 08445678901 now to enter, 45p/min, winnings paid via bk transfer. time is running out!",1
"Attention! You've been randomly selected for a £5,000 cash prize. Claim now by calling 08718712345. Only 10p per minute, BT landline rate applies. Hurry, offer expires soon!",1
"Congratulations! You've been selected for a special offer: win a brand new iPhone X or £500 cash. Hurry, claim now by calling 0800-123-4567! (18+) Text STOP to opt out",1
"Unclaimed lottery prize worth £10,000! Claim now- text ""win"" to 07523123456 or call 02031234567 before it's too late! #luckyd",1
urgent! ðŸ”¨ win iphone 13 pro max! click link below & enter code XMAS123 to claim. time is ticking! [link]  or  last chance! claim your amazon prime membership for only £1! click,1
urgent: claim your £1000 Amazon voucher now! click link to confirm details & receive delivery by end of day 🚨📨 [www.prizewin.net/uk/1000amazon] 🔒 winners,1
"win a brand new iphone 13! click link to claim now: bit.ly/iphone13win hurry, offer ends tonight! 18+ only. msg ""claim"" to 69755, std rates apply. help: 087",1
urgency: last chance to claim your £1000 Amazon voucher! click link below before it's too late 💥 [https://scamlink.com/voucher] or call 08712536897 to,1
"Win £1000! Click link to claim: [bit.ly/win1000] Hurry, offer ends in 2 hours! Congrats, your prize is guaranteed! 🏆 #luckywinner #lottery #winbig #free",1
"urgent! congratulations, you've won a brand new iphone 12! claim now by calling 0800-123-4567 or click the link within 24 hours. don't miss out! #winner #iphone",1
"Exclusive offer! You've been chosen to receive a €1500 cash prize. Call 09071234567 to claim, limited time only. Do not miss out! 18+, call cost £1.50/min,",1
"""Congratulations! You've won a brand new iPhone 13! Call 0845-123-4567 now to claim, offer valid for 24 hours only. Text 'CLAIM' to opt out.""",1
"Win a brand new iPhone X! Quick, text ""claim"" to 90011 within the next 2 hours. 18+, msg & data rates apply. To opt out, text ""stop"" to the same number. Good luck!",1
"Urgent! Unclaimed $500 Amazon gift card for account 1234567. Call 08003211234 to claim, code: XYZ987. Expires in 24 hours!  Free Apple",1
"""Congratulations! You've won an iPhone 13. Claim your prize by calling 0208 123 4567 before midnight. Hurry, offer ends tonight! t&c's apply.""",1
urgent! claim your â€Šâ€Šâ‚¤5000 prize before it's too late! call 08451234567 now! 18+ only. t&cs apply.  december surprise! free iph,1
winning alert! claim your £500 amazon voucher now! reply with code WG500 and get it delivered instantly! msg & data charges apply. to opt out text STOP to 191122. offer ends tonight!,1
"You've won a brand new iPhone 13! Claim your prize by calling 1-800-555-1234 within the next 24 hours. Congratulations!  Or,  Urgent: Your account is about to",1
"Attention! You've won a brand new iPhone 13! Claim it now by calling 07825 321 321 or texting ""claim"" to 78901. Limited time offer, hurry up! #winning #i",1
"🚨 Urgent! Congrats, you've won a £3000 shopping spree! Call 0906654321 now to claim, msg ""WIN"" & number to 19001. Winners chosen daily",1
"urgent! you've won a brand new iphone 13 pro max! claim now by calling 09061234567 from your landline, or reply with ""claim"" to confirm delivery. offer valid for 24 hours only! 1",1
Attention! You've won a brand new iPhone 13! Claim it now by calling 0800-123-4567. Offer ends in 24 hours! Don't miss out!  Congratulations! A mysterious,1
"Win £5000 instant cash! Reply ""claim"" to 0906223322. Standard SMS rates apply. Winner announced in 24 hours. Good luck! #bigwinnings #lotterywin #cashprize",1
Alert: Your account is about to be closed! Act now to keep your prize. Click link: savemyaccount.com/reward  Urgent: Claim your £500 cash prize! Call 0800-321-0024,1
"Win a brand new iPhone 13! Hurry, claim your prize before it's too late. Click the link to confirm your entry: bit.ly/winiphone13 Offer valid for 24 hours only! Don't miss out!",1
"""Limited time offer! Win an iPhone X with 1000 mins & unlimited text. Reply 'Claim' to 08001234567 or call now to confirm delivery.""",1
"win a brand new iphone 13! call 0800-123-4567 now to claim, limited time offer! #winnenaiphone #contest #techprize #urgentactionrequired #freecall #winnerd",1
Urgent! Congratulations! You've won a brand new iPhone X! Claim your prize by calling 07825 345 678 within the next hour. Don't miss out! #winner #iPhoneX #urgent #call,1
"Urgent! You've been selected for a free iPhone X! Claim now by calling 08715203649, identifier code: 98765. Expires tomorrow! Only 10p/min, BT national rate.",1
urgently claim your £500 Amazon voucher! call 0800 123 4567 now or click link below before it's too late: text 'claim' to 80011 (msg & data rates apply) winbig,1
"Attention! You've won a Samsung Galaxy S21! Quickly call 0845-862-3231 to claim, using code XP987. Valid for the next 24 hours only! Don't miss out!",1
urgent! claim your £100 amazon gift card now! text yes to 78912 to confirm delivery details. offer valid until midnight!,1
"🚨 Limited time offer! 🏆 Win a brand new iPhone 13 Pro Max! Reply with ""Claim"" to 888-555-1234 or click link: bit.ly/iPhoneWin. Hurry,",1
Win a brand new iPhone 13 Pro Max! Call 08001234567 now and confirm your entry. Limited spots left! #iPhone13 #lottery #freeentry (text STOP to opt out)  Attention! You',1
"congrats! �� näär 5000 txt credits r yours. claim now! text activate to 55656, valid till 12pm tomorrow. send pics, play games, unlmt texting, new number 555-1",1
"Urgent! Win a brand new iPhone 13! Call 800-555-1234 now and confirm your entry before it's too late! Msg & data rates may apply.  Or,  You've been selected for a special",1
"Attention! You've been selected for a special offer! Win an iPhone 13 Pro Max worth £1,500. Text WIN to 07825 123456 to claim. UK residents only. Texts cost £1.50",1
"Congratulations! You've won a brand new iPhone 13! Claim your prize now by calling 1-800-WIN-IPHONE or visit www.iphonewin.net to confirm your details. Hurry, offer ends soon!",1
"""Congratulations! Win a brand new iPhone X! Hurry, claim now by texting 'claim' to 92345 or call 0800 123 1236. Free delivery, limited time offer!""  ""Unlock £",1
urgent! you've been selected for a special offer: win a brand new iphone 12! click this link now & confirm your info to claim. offer ends in 2 hours!,1
"""URGENT: Win an iPhone 13! Click link to enter: bit.ly/iphone13giveaway Hurry, draw on Sun! 18+ only. msg & data rates apply.""",1
"Win an iPhone X! Click link to claim now: m.me/fakeprizeclaim \*Limited time offer, claim yours before it's too late! \*Text ""claim"" to 555-555-5555 to confirm entry \",1
"win a brand new iphone 13! claim now by texting ""winiphone"" to 8007, limited time offer!  urgent! your amazon gift card code is ready, activate it here: [link] or call 0905",1
"Attention! Win £500 Amazon vouchers instantly. Text ""WIN"" to 88002. Hurry, offer ends tonight! #LuckyYou #AmazonPrize #ClaimNow",1
Urgent! Win a brand new iPhone 13! Click link to claim: bit.ly/iPhone13win  Limited time offer! Free Samsung TV with every order over £50! Shop now: shop.fastdealz.com  Congrat,1
"win a brand new iphone 13! click the link below to claim before it's too late! [link] 18+, text ""claim"" to 80011 to confirm delivery, std rates apply. hurry, offer ends soon!",1
"Win a brand new iPhone 13! Reply ""iWin"" to enter, answer 3 simple questions. Hurry, contest ends in 2 hours! #goodluck #freeiPhone13 #call080012345678 for help",1
Attention! You've won a brand new iPhone X! Claim your prize before it's too late at 0800-123-4567. Don't miss out! Offer valid until 31/05/23.,1
"urgent! your $10,000 visa gift card is ready. claim it now at winnings.com/abc123. offer expires midnight. call 1-800-win-now to verify.",1
"Congratulations! You've been selected to receive a free iPhone 13. Claim now by calling 0844-567-8901. Standard rate call. Hurry, offer ends soon!",1
"""You've won a brand new iPhone X! Claim it now by calling 0845-123-4567. Hurry, offer ends soon!""  ""Unlock your £500 Amazon voucher! Reply 'claim' to this",1
"Attention! You've won a brand new iPhone X! To claim your prize, call 1-800-999-1234 now or click the link: [fake-link.com] Hurry, offer expires soon!",1
"ðŸš¨ Urgent: Win â€£1000 Amazon vouchers! Text ""Claim"" to 67890 by EOD today. Don't miss out! ðŸŽ #LuckyWinner #AmazonDraw #ShopNow",1
lottery win alert! you've been randomly selected for a â€¨â‚¬5000 prize. claim now by calling 09112233444 or clicking link within 2hrs. congrats! ðŸŽ‰ #w,1
"Attention! Win an iPhone 13 Pro Max! Reply with ""Claim"" to this message now and get a unique code. Call 07825 123 456 to confirm and claim your prize before it's too late! *Terms and",1
"Attention! Unclaimed £5000 prize waiting for you! Dial 0902543210 to confirm your win and collect! Hurry, offer expires soon! #winner #prize #callnow",1
"Attention! You've won a brand new iPhone 13! Claim your prize by calling 0800-123-4567 now or click the link below to confirm your details. Hurry, offer ends soon!  www.scammer",1
"text alert! congrats, you've been randomly selected for a free iPhone 13! claim now by clicking http://getiphone13.co/1234567890 or call 09020201919 to confirm",1
"* exclusive! claim your â€śgolden ticketâ€ť prize worth Â£10,000. call 09025112312 now to confirm your win! tcs, s, po box 123, manchester,",1
"Attention: Win an iPhone 13 Pro Max! Hurry, claim your prize by calling 08001234567 now or click the link below. Limited time offer, don't miss out!  Or,  Congratulations!",1
urgent! you've been selected for a special offer: win a brand new iphone 13! click the link below to claim: bit.ly/iphonewin expires in 24 hours!  or  alert! your amazon prime membership is about to,1
"Win a new iPhone 13! Hurry, claim now by calling 09012345678. Your free trip to Bali and £500 cash await! P.O. Box 123, An1 2BZ. Rep",1
"Win â€˜5000 in cash! Call 0845-123-4567 now to claim, hurry offer ends soon! #winnings #prize #cash #callnow #urgent #winningmoment #freecash #p",1
urgent! claim your £500 amazon voucher! txt confirm to 07823456789 code: gifthour expires midnight tonight! #winbig #shopping #gift #prize #amazon #offer #de,1
"win a brand new iphone 13! claim now by txting ""claim"" to 87111. 18+, msg & data charges apply. winner announced in 24hrs! don't miss out!",1
"Alert 🚀: Congrats! You've won an iPhone 13 Pro Max! Claim it now by clicking the link in this message 👉 www.iphonewin.com. Hurry, offer ends in 24 hours! To opt out, reply STOP",1
"Win a brand new iPhone 13! Claim your prize by clicking this link now: tinyurl.com/iphone13win Limited time offer, don't miss out!  Or call 08455678901 to confirm your",1
urgent! your £5000 lottery winnings are ready. claim now by calling 08451234567 or clicking the link within. don't miss out!  or  last chance to enter our exclusive giveaway! win a brand,1
"last chance to claim your amazon voucher worth â€£500! text confirm and win, call 08454965656 now to verify details. hurry, offer ends tonight!",1
"alert! you've been selected to receive a special prize: a brand new iphone 13! click this link to claim: bit.ly/iphone13win act fast, offer ends soon! #winner #techupgrade #iphone13  urg",1
Win an iPhone X! Click link now to claim: bit.ly/iphonexwin Urgent: Offer ends in 2hrs! #contest #apple #freephone,1
"Congratulations! You've won an iPhone X! Call 09012345678 to claim your prize within the next hour. Text ""WIN"" to confirm. Good luck! (Msg & Data Rates Apply)",1
"win £5000 instantly! call 0800-123-4567 now and claim your prize! msg and call charges apply. validation required, call back number: 09025336635. hurry, offer ends tonight",1
Congratulations! You've won a brand new iPhone X! Claim now by calling 0845-123-4567 within the next 2 hours. Don't miss out! #winner #iPhoneX #urgent #callnow,1
"Attention! You've been randomly selected to receive a brand new iPhone 13 Pro! To claim your prize, call 0845-567-8901 within the next 24 hours. Hurry, limited time offer! #iPhoneWin #",1
"Attention! You've been selected to receive a special surprise: a brand-new iPhone X! Claim yours now by calling 1-800-WIN-APP or clicking the link below before it's too late! Hurry, offer ends soon!  Claim Your",1
"Win an iPhone X! Hurry, claim now by texting ""claim"" to 91123. Winner announced today! 📱💰 #lottery #iphonex #win #urgent #offer #free #prize #textnow #",1
"""Congratulations! You've won a brand new iPhone X! Call 0800-123-4567 now to claim your prize before it's too late!""  ""URGENT: £1000 Amazon voucher waiting",1
"urgent! win a brand new smartphone, reply ""claim"" to receive your prize! (surpriseprize opt out? stop texting back)  exclusive offer: you've been chosen for a free 48"" flat screen tv, reply ""collect"" now",1
"urgently: claim your £500 Amazon voucher, reply winnow. info: text stop to opt-out, 18+, terms: www.luckywin.com/offer",1
"Urgent: Claim your free Samsung Galaxy S21! Text ""WIN"" to 9021012345 and get a code to redeem your prize. Offer valid until midnight today. Don't miss out! #limitedstock #actfast #w",1
"Win an Xbox Series X and £1000 cash! Text ""win"" to 8675309. Offer ends in 24 hours! ibhltd ldnw17g 10p/msg.  Get your free daily scratch",1
Urgent! Win â€œThe Big Prizeâ€ - 10k cash or 50 travel vouchers! Click link now: hxxp://winnow.com/prize. Call 09021122333 to,1
"Congratulations! You've been selected to receive a brand new iPhone 13 Pro. To claim your prize, text ""iPhone13"" to 91123 now. hg/suite377/1high st/w2jqk 1",1
Attention: Unclaimed prize alert! You've won a brand new iPhone X! Call 0800-123-4567 now to claim or risk losing it! Don't miss out!,1
alert: your account has been upgraded! enjoy 500 free texts and 500 mins for just £3/week. call 0800-123-4567 now to confirm your new plan. offer ends soon!  urgent,1
"urgent! you've won an iphone 13 pro max! claim now by texting winiphone to 80055. call 08001234567 for delivery info. limited time offer, claim before midnight!  or",1
"Alert! Win <£1000> cash prize now! Text ""Claim"" to 0903212345 and confirm your details. Time is ticking! Offer valid for 2 hours only! 💷💰 #LuckyW",1
"Alert! Win an iPad Mini! Quick, click link to claim: bit.ly/ipadminiwin or call 0800-123-4567 to confirm info. Hurry, offer ends soon!",1
"Win an iPhone X! Hurry, offer ends in 24 hours. Click the link below to claim: bit.ly/iphonexgiveaway  Or call now to confirm your entry: 0800-123-4567 (standard rates",1
"Urgent! You've won a brand new iPhone 13! Claim your prize by calling 0800-123-4567 now! Offer expires soon!  Immediate action required: Win a £10,000 lot",1
Win a brand new iPhone X! Click this link now to claim: tinyurl.com/iPhoneWin Offer valid until midnight tonight. Hurry!  Or call 0800-123-4567 to confirm your prize.  Don',1
Attention! Unclaimed prize alert: Win £5000 instantly. Call 08712345678 now to claim or risk missing out!  Secret offer: Free iPhone X up for grabs! Click link to claim: hxxps://sc,1
"alert! £1000 cash prize waiting for you! claim now by calling 0800-123-4567! hurry, offer ends tonight! #winbig #urgent #prize #callnow",1
"win iph13 now! limited time offer, text ""winiph13"" to 87123 to enter, only 1000 winners! 18+, t&cs apply, call 08453456789 for",1
"alert! £10,000 iTunes gift card waiting for you. claim now at [link] before it's too late! hurry!  urgent! win a brand new iPhone X. enter to win at [link]. you only have until midnight tonight!",1
Attention! You've been selected for a special offer: win an iPhone 13 Pro Max! Click the link now to claim: bit.ly/iPhoneWin  Limited time offer! Hurry up and call 0800-123-45,1
"win a brand new iPhone X! call 0845-567-8901 now to claim, limited time offer! age 18+ only.  or  urgent: your £100 Amazon voucher is waiting! click here to",1
ðŸšš Urgent! Win a brand new iPhone X! Click link to confirm delivery address and claim now: shorturl.com/abc123 Offer valid until midnight. Good luck! ðŸšš #prize #win #iphone #claimnow,1
"Win £500 Amazon voucher! Act fast, text ""claim"" to 87111. Code: XYZ123. Offer expires midnight. Don't miss out! #urgent #prize #win #Amazon #shop",1
"Win a brand new iPhone 13! Text WIN to 99001, £1 charge. Hurry, offer ends soon! #AppleEvent2022 #iPhone13 #FreeDelivery #LimitedTimeOffer #MustClaimNow! #i",1
"urgent: claim your $1000 amazon gift card! click link below before it's too late: text verification required, act fast!  or  limited time offer: 3 free months of premium streaming service! activate now and enjoy unlimited access: www.stream",1
Breaking news! Your number has been selected to win a brand new iPhone 13. Claim your prize now by calling 09051234567 from a landline within the next 2 hours. Congratulations!,1
You've been selected for a special offer! Click here to claim your free smartphone and 1000 minutes: bit.ly/winphone123. Offer ends in 24 hours. Call 0800-123-4567,1
Congratulations! You've been selected for a free iPhone X. Claim now by texting claim to 88444. Valid until midnight tonight! hg/suite351/3landmark ave/w2a1jh,1
You've missed out on a huge prize! Claim your £1000 now by calling 09025551234. Use code XYZ123. Offer ends tonight!,1
"urgent! congratulations, you've won a brand new iphone 12! claim it now by calling 09066358361 from your landline. offer valid for 12 hours only.  free entry to win a brand new",1
"Urgent! Win an iPhone X! Text YOUR NAME, ADDRESS to 888-1234 to claim. Hurry, offer ends soon! #winnerannouncedtomorrow #iphonex #fortuneawaits #textnow #winbig #free #",1
"limited time offer! win an iphone 12 pro max! click link to claim: tinyurl.com/winiphone12 or call 08002795483 to confirm entry, hurry offer ends soon!",1
"Urgent! You've won a brand new iPhone 13! Claim now by texting ""claim"" to 888-555-1234. Limited time offer, don't miss out! Terms apply. 18+ only.",1
You've been selected! Claim your £500 Amazon gift card now. Text YES to 07825 678 901 to confirm and receive instructions. Offer ends soon!  Limited time offer! Win a brand new iPhone,1
"Urgent! Congratulations! You've won a <ukp>5000 cash prize! Claim now by calling 09061790125 from a landline. Valid for 24 hours only, 150ppm.",1
"you've been selected to receive a guaranteed £500 prize! claim now by calling 0800-123-4567 or click the link in this message (18+) limited time offer, act fast!",1
"""Congratulations! You've won a brand new iPhone 13! Claim now by calling 0800-123-4567 or clicking the link in this message before it's too late. Don't miss out!""",1
Attention! 🚨 You've won a brand new iPhone 13! Claim now by calling 09031234567. Offer ends in 24 hours! 📱 #winner #techprize,1
"win a brand new iphone 13! hurry, offer ends tonight. click here to claim: scamlink.com/iphone13 offer valid while supplies last. don't miss out! 18+ only.",1
"""Congratulations! You've won an iPhone X! Claim now by calling 0845-123-4567 or clicking the link in this message. Hurry, offer ends soon! #winner #iPhoneX""  ""Unlock",1
win big! claim your â€ślucky drawâ€ť prize of â€śiPhone 13 Pro Maxâ€ť. call now on 09066662222 to confirm details. winner announced tonight! #goodluck #freeiph,1
"urgent! claim your £500 amazon voucher now! click here: http://bit.ly/3j5hJK7 offer ends soon!  or  winning numbers: 3, 7, 11, 13, 17",1
**flash sale alert**! win a brand new car! txt 'claim' to 41111 before it's too late (std rates apply),1
"Win £1000 now! Reply ""claim"" to 07986 012345 with your email for instant entry. Hurry, offer ends today! #lottery #windfall",1
"Urgent: Claim your £10,000 prize! Call 0800-1234567 now to confirm details. Don't miss out!  Or:  Congratulations! You've been selected for a free iPhone",1
"win iphone 13! quick, text ""luckynumber"" to 67854 before midnight for a chance to claim. 18+, msg & data rates apply. see t&cs at winiphone13.com. good luck! ✨",1
"Urgent! Win a brand new iPhone 13! Reply ""Claim"" to 888-555-1234 now and be entered to win! Limited time offer, don't miss out! 18+, see website for full terms and conditions",1
"Win $1000 Amazon gift card! Hurry, claim now by calling 07825348672. Click link in msg to confirm entry. Offer ends tonight! #jackpot #winbig #amazon #exclusiveoffer #urgent #",1
"Win big! Ur name drawn in lottery draw, claim your £2000 prize, call 09050005678 before code 73511 expires. T&Cs/stop text 08718726",1
"Win an iPhone 13! Reply apple with your email to claim now! (limited time offer, hurry up!)  Mega Cash Raffle - £10k up for grabs! Join free & stand a chance! Text raffle to 8001",1
"🏆 Congrats! You've won a brand new iPhone 13! Reply ""Claim"" to 0845-123-4567 to redeem. Hurry, offer ends in 24 hours! ���",1
"Win a brand new iPhone 13! Hurry, call 08457654321 now to claim your prize! msg&call charges apply, 18+ only. claimyourphone.win",1
🚨 URGENT: You've been selected! Claim your £5000 Amazon voucher now 🛍️ Call 08445678901 before 12pm tomorrow or miss out! t&cs,1
"urgent: win iphone x, text 'claim' to 88007, offer expires midnight, don't miss out! t&c apply, 18+, text STOP to opt out, msg cost £1.50, help 08",1
"Win â€£1000 in cash! Hurry, claim your prize by calling 0908202020 now. Msg & data rates apply. 18+, 3 free messages then Â£3/day subscription. Ref: P",1
"Win a brand new iPhone X! Hurry, offer ends in 2 hours! Click the link below to claim: text ""claim"" to 91123 or call 0845-123-4567 now!",1
"Win a brand new iPhone X and unlock unlimited data for a month! Hurry, offer ends in 2 hours, tap here to claim: bit.ly/iphonewin. Call 0800-123-4567 to verify.",1
Attention! You've been randomly selected to receive a special Amazon gift card worth £500. Claim now by clicking this link before it expires: amazon-gift-claim.com/code: ABC123  Warning! Your account is about to be,1
"win a brand new iphone 12! hurry, offer ends in 24 hours, text ""claim"" to 08003334444 or call now! (std rates apply)  * limited time offer: get a free samsung galaxy",1
Congrats! You've won an iPhone X! Claim now by calling 0902525252. Standard rate call applies. Winner announced in 24 hours. Hurry!,1
"Urgent: Claim your £300 Amazon voucher! Text ""WIN"" to 07825 937 825, offer ends midnight. www.prizegiveaway247.com Terms & Conditions apply. 18",1
urgent! claim your free iphone x now! text confirm & number to 34567890 to receive activation code. offer ends soon!,1
"you've been selected! claim your £500 amazon voucher now, call 08712223344, only 12p per min, bt-national-rate, hurry! offer ends soon!",1
"unbelievable! claim your free iphone 13 now! call 09025153215, only 10p/min, winprize123 london sw1a 2zz 18+  m",1
"Urgent! Win an iPhone 13! Call 0845 567 8901 now and confirm your entry before midnight tonight! Offer subject to change. 18+, msg & data rates apply.",1
"Win a brand new iPhone 13! Hurry, call 0845-567-8901 now to claim! Limited time offer, don't miss out! 📱🚀 #techprize #winiphone13",1
"Congratulations! You've been selected to receive a brand new iPhone 13. Click this link to claim: [scammylink.com/iphone13] Hurry, offer expires in 24 hours!",1
limited time offer! win an iphone 13 pro max and join the elite club. text winip13 to 73827. std msg rates apply. call 08002183152 for help.  urgent! your,1
"Win £500 cash! Urgent response required. Click link to claim: bit.ly/win500quid. Age 18+, terms apply. Ends tomorrow!",1
"win a brand new iphone 13! click the link below to claim now, offer ends in 2 hours! www.winiphone13.com/yours #luckywinner  urgent account issue! your amazon prime membership is about to expire",1
"Alert: Congratulations! You've won an iPhone X! Claim your prize now by calling 07825 368 729 or click the link below. Hurry, offer ends soon! winiphonex.com/claim  Import",1
urgency: your account is about to be closed! contact 07825123651 now to verify info and keep your prize: £500  prize: exclusive offer: win an iphone 13! click link to enter:,1
"Attention! Unclaimed $10,000 prize waiting for you. Call 08457654321 to claim now, time is running out! 18+. t&cs apply. prizeinfo@winbig.com",1
"urgent! win iphone 13 pro max! text ""claim"" to 07825362586. limited slots! code: apple123 expires 15/11/21. click link for terms. good luck!",1
"🚨 Urgent! Claim your £500 Amazon voucher now! Text ""WIN"" to 87123 and confirm your details. Limited time offer! 18+, T&Cs apply. 🛍️ #shop",1
"Attention! Unclaimed prize alert: Win a brand new iPhone 13 or â£1000 cash. Call 0845-567-8910 now to claim, limited time offer! ts&cs apply.",1
"last minute chance: win iphone 13! click link to enter & claim yours before it's too late! hurry, offer ends soon. winiphoneoffer.com/claim  urgent notice: unlock $500 amazon voucher!",1
"Urgent! You've won an iPhone 13 and £500 in cash! Reply ""Claim"" to receive details. Opt out by texting ""Stop"". Valid until midnight tonight! #WinBig #Apple #FreeGift",1
"Congrats! You've won a brand new Samsung TV! Claim it now by calling 0845-123-4567 or texting ""TVWIN"" to 67890. Activation fee: £10, then £5",1
Win a brand new iPhone X! Text WINAPPLE to 87878 to confirm entry. Call 08432985674 to activate. UK residents only. Over 18. Ends midnight tonight. Good luck!,1
"Win a brand new iPhone 13! Hurry, offer ends in 24 hours. Reply with your name and number to claim, call 0800-123-4567 to confirm (standard rates apply). Don't miss out! #i",1
"Exclusive offer! Win a brand new iPhone 13 Pro Max. Call 08712223344 now and confirm your entry. Limited time offer, hurry up! To opt out, text STOP to 0795511223",1
"* ðŸš¨ alert! claim your £500 amazon voucher before it's too late. text ""win"" to 88444. offer ends midnight. validation code: hg321x/a1b2c3 dpd",1
urgent! you've been selected to receive a special prize: £3000! claim now by calling 09052223333 from a landline. offer expires in 24 hours! don't miss out! valid code: 5,1
Urgent! Win an iPhone 13! Click link to claim now: tinyurl.com/iphone13giveaway  Only 24 hours left! Call 08001234567 to secure your spot in the exclusive lottery.,1
Alert! Unclaimed prize: £1000 waiting for you! Click now to claim: shorturl.com/abc123 Offer ends in 24 hours! Don't miss out!,1
"Win a brand new iPhone X! Hurry, text ""Claim"" to 91122 for a chance to win. UK residents only. 18+. Standard text rates apply. Winner announced in 24 hours. Unsubscribe with ""Stop"" for a chance to",1
"Alert! Unclaimed prize of £3,000 awaits! Reply with full name, address, and pin: 1234 #winbig  Urgent! Secret admirer on our dating site! Contact 08458654",1
"Win a brand new iPhone X! Hurry, call 800-123-4567 now and confirm your entry. Limited time offer, don't miss out!  Or,  Unlock the secret door to free prizes! Click link: xy",1
"urgent! your account has been upgraded! claim your 500 bonus points & 1-year premium membership now. call 08453211234 code: XYZ987, expires soon!",1
urgent! you've won a brand new iphone 12! claim it now by calling 08001234567 or clicking the link below. offer ends soon! iphone12win.com/claimnow,1
"win big! urgently claim your £1000 prize at http://www.lotterywinnings.com/code: AB123456  urgent call: 08001234567 your account is suspended, reinstate it",1
"Win £1000 Amazon vouchers! Act now, offer ends in 2 hours. Click link to claim: amazonwin.com/claimprize #urgent #freemoney",1
"win a brand new iPhone 13! quick, claim it now at http://www.freesmswins.com/claim. ts&cs apply. limited time offer!",1
Alert: Congratulations! You've been selected for a special offer: £1000 Amazon voucher. Claim now by calling 09023456789. Code: w53. Offer ends in 24 hours!,1
urgent! you've been selected! claim your £2000 lotto winnings now. call 09012345678. code: w12. offer ends midnight. 180ppm,1
"Urgent: Your account has been selected for a special Amazon Prime offer! Get a free 4K TV by calling 0800-123-4567. Limited time offer, act now!  Congratulations! You've won an all-",1
"Win a brand new iPhone X! Hurry, offer ends midnight tonight. Text ""claim"" to 878787 and provide your address to receive yours! www.iphonewin.com optout 08453456789.50p",1
"Urgent: Unclaimed $10,000 prize! Click link to claim now: bit.ly/winbig123 Text STOP to quit, message and data rates may apply.",1
"Congratulations! Unclaimed $10,000 prize for you. Text ""win"" to 91123 to confirm. Valid till midnight. Sponsor: GlobalLuck, PO Box 392, NY10025. Standard text rates",1
Attention! Win an iPhone 13 Pro Max with 100GB data plan and a Apple Watch Series 7. Call 0800-123-4567 now to confirm your delivery address and claim your prize before it's too late! Off,1
"Urgent! You've won a brand new iPhone 13! Call 08455678901 to claim, limited time offer! Don't miss out!  Congratulations! Your account shows £500 bonus! Call 0",1
"Attention! Urgent prize alert: Your number has been selected to win a £3,000 lottery bonus. Contact us now at 0845-123-4567, offer code: LUCKYWIN123. Hurry,",1
"Attention orange user! Today's draw: win an iPad Pro! Hurry, claim your prize at http://www.luckywin.net Before it's too late!  Urgent notice: your £5000 prize or 5-star vacation waits",1
Urgent: Claim your £5000 Amazon voucher! Call 0845-123-4567 now and speak to a live agent. Don't miss out!  Important notice: Your account is about to expire. Ren,1
"urgent! claim your £1000 Amazon gift card now. text ""claim"" to 07825 345 678. limited time offer. t&cs apply. 18+ only. txt ""stop"" to opt out.",1
Urgent! You've won an iPhone 13! Claim now by calling 08452411234 or clicking the link within. Don't miss out! Offer ends soon.,1
"Attention! You've won a brand new iPhone 13! Claim your prize by calling 09034567890 now! Limited time offer, don't miss out! help3291, 60ppm.",1
"Win a brand new iPhone X! Text ""claim"" to 90011. Offer valid until midnight tonight. Hurry! #iPhoneXGiveaway #winningisfun",1
"Urgent! Congratulations, you've won a brand new iPhone 13! Claim now by calling 0845-123-4567 or text ""claim"" to 55555. Prize code: XYZ987",1
"Congratulations! You've won an iPhone X and a Samsung Galaxy S21 Ultra! Call 08445678901 now to claim, offer valid for the next 24 hours only! 18+, std rates apply. to opt",1
"Urgent! Win a brand new iPhone 13! Text ""iPhone13"" to 80055 to enter now! Winner announced tomorrow! Call 08001234567 for more info. Message & call charges apply. 1",1
"urgent! you've won a brand new iphone 12! call 09052312345 now to claim, offer valid for the next hour only!  or  your number, 0712345678",1
"last chance! claim your $10,000 prize before it's too late. click the link now: bit.ly/winbigmoney XYZ123profit  limited time offer: unlock 50% off on all purchases. shop now and save",1
urgent! you've won a brand new iphone 13! claim now by calling 09025151515 or text yes to 88800. msg & call charges apply. winbigprize.com xx,1
"Win a brand new iPhone 13! Hurry, only 24 hours left! Click this link now to claim: bit.ly/iphone13giveaway  Or, call 0800-123-4567 to confirm your entry",1
"winning alert! you've been selected for a special offer: £1000 cash prize, but hurry, claim it before it's too late! click this link to confirm your info: bit.ly/prizeclaim12345 valid for 24 hours",1
"urgent prize alert: you've won a brand new iphone 13! claim now by calling 0800-123-4567 or text ""claim"" to 67890. offer valid until midnight tonight! txt ""stop"" to",1
"win big! text ""lottery"" to 88444 and unlock a chance to win £5000. 18+, t&c apply. txt ""stop"" to opt out.  urgent: claim your £100 Amazon voucher",1
congratulations! you've been selected to receive a free smartwatch. claim it now at www.giftedtech.net/code: xyz123. offer valid until midnight. call 02031512345 for assistance. don,1
"Urgent! Unclaimed $10,000 prize waiting for you! Click now to claim at: http://www.prizewinning.net/claim #winning #urgent #prizealert #actfast #winnerannounced #goodluck #you",1
"Attention! Unclaimed prize alert: Win an iPhone X and a 128GB Samsung S21 Ultra. Reply ""claim"" to 87654 to confirm delivery address. Hurry, offer ends soon! #winbig #prizedelivery #",1
"Text message:  🚨Congratulations! £5000 instant cash prize waiting for you! Call 0844 567 89 01 now and confirm your win! Hurry, offer ends in 24 hours! #",1
"Alert! ðŸš¨ Win a brand new iPhone 13! Click here to claim: tinyurl.com/iPhone13Giveaway. Hurry, offer ends soon! ðŸš¨ Text STOP to opt out, standard rates apply.",1
"win a brand new iphone 13! txt name and number to claim, limited time offer! 08001234567 (std rate) to opt out: 09025252525 (£1.5/",1
"urgent! win iphone 13 pro max! txt ""claim"" to 91122 for instant entry. 18+, msg & data charges apply. end in 24hrs. winners announced soon! #goodluck!",1
"Urgent! Win a Samsung Galaxy S22 5G! Reply with ""Claim Prize"" or call 08001234567 to confirm details. Limited time offer, don't miss out! #WIN #Samsung #5G #Free",1
urgent! you've been chosen for a £500 amazon gift card! claim it now by clicking this link: tinyurl.com/giftcardwin offer ends soon! txt STOP to opt out. msg & data rates apply.,1
"win iphone 13 now! answer 3 quiz questions -> first prize guaranteed! txt answer1, answer2, answer3 to 5555555  urgent! claim your £100 amazon voucher, txt confirm code XY",1
"urgent! win a brand new iphone 13! call 08001234567 to claim, limited time offer! dont miss out! #winnow #iphone13 #urgentcall #freephone #prize #win #",1
"win a brand new iphone 13! call 0800-123-4567 now to claim, limited time offer!  urgent: click here to unlock £1000 amazon voucher, offer expires soon!",1
urgent! 🚨 you've won a brand new iphone 13! claim now by calling 0845 862 1234 or click the link below before it's too late! https://scamlink.com/win,1
+1329 Congratulations! You've won a brand new iPhone 13! Claim your prize by calling 09050011222 before the offer expires! t&cs/stop 871882345,1
"win a brand new iPhone 13! urgent action required, click link to claim: tinyurl.com/iphone13giveaway or text YES to 90011 to confirm entry, deadline is tonight! don't miss out!",1
"Urgent! You've won an iPhone 13! Claim now by calling 0800-955-1212 or replying with ""claim"" to 888-333-4444. Congrats! �",1
urgent! claim your £1000 amazon voucher! click link below and enter code XYZ123 before it expires. [http://scamlink.com/offer](http://scamlink.com/offer)  or,1
Urgent! You've won a brand new iPhone 13! Claim your prize now by calling 08718712345. Only 10p/min. Call now and be a winner! #iPhoneGiveaway #LuckyYou,1
"Attention! You've been selected for a special offer: 7 free premium texts! Reply ""WIN"" to 66777 now and unlock them! After 7 free, standard rates apply. Don't miss out!",1
"Breaking news! Claim your exclusive £10,000 lottery win now! Call 09067853211 to activate, t&cs apply. Hurry, offer ends soon! #luckydays #jackpot",1
"urgent! claim your â€ślucky winnerâ€ť title and win a brand new iphone 13! call 09082135276 now and follow the instructions to secure your prize. limited time offer, don't miss out!",1
"Win a brand new iPhone X or £5000 cash! Hurry, claim your prize before it's too late! Click here to confirm your details: www.prizediscovery.com 18+ 150p/call northstar enterprises l",1
"Win a brand new iPhone X! Click here to claim: x PrizeWin123.com Call now, offer ends soon! #iPhoneXGiveaway #win #freeiphone #urgent",1
"Alert!: Your account has been selected for a special surprise - £1,000 cash reward! Contact us immediately at 0845-567-8901 or click the link below before it's too late.  ClaimYourRewardNow",1
"Alert! Unclaimed prize waiting for you! Text ""claim"" to 67890 to win a brand new iPhone X! Offer ends soon! terms: www.iphonexgiveaway.net support: 02012345678",1
"Last chance to claim your free iPhone X! Text ""iPhoneWin"" to 8005 and unlock the deal before it's gone! www.iPhoneFree.net/code: XMAS2022",1
"1. ðŸš¨ Urgent! You've won a £5,000 cash prize! Call 0871-234-5678 within 2 hours to claim! 2. Attention! Last chance to claim your £3",1
"urgent! you've won a brand new iphone 13! call 09051234567 to claim, offer valid for 24 hours only!  or  free ringtone: reply with ""ringtone"" to get",1
"Alert! Congratulations, you've won a £5,000 lottery! Claim your prize now, call 08445678912. Valid until midnight tonight!  Or:  Urgent! You've been",1
"Win £1000! Click link to claim: text code WON to confirm. Hurry, offer ends tonight! #lottery #prize #windfall",1
"Attention! Unbelievable offer: Win an iPhone 13 Pro Max! Text ""WINIPHONE"" to 555-555-1234 to claim. Hurry, contest ends in 24 hours! #iPhoneGiveaway #",1
alert! you've won an iphone 13 pro max! call 07988765432 now to claim your prize before it's too late! ref: #W1234567890,1
"Win a brand new iPhone 13! Hurry, claim your prize by clicking this link or call 800-123-4567 now! Offer ends soon! #iPhoneGiveaway #WinBig #LimitedTimeOnly",1
📱 Urgent! Win a brand new iPhone XS Max! Call 07891234567 now and enter code #APPLEWIN! Don't miss out on this amazing offer! #iPhoneGiveaway #WinBig #Call,1
"Win £500 now! Call 07825 345 678. Verify your number, claim your prize. txt confirm to 19112. 18+. Ts&Cs apply.",1
"""Congrats! Win an iPad Pro! Click link to confirm info, then call 09055566777 to claim. Hurry, offer ends soon!""",1
"Alert! Unclaimed lottery winnings of £500,000 await you. Claim now by calling 08457654321. Hurry, offer ends soon!  You've been selected for a free iPhone X! Conf",1
"Win £500 Amazon vouchers now! Text ""win"" to 67556. Limited spots available! 18+ only. T&Cs apply. www.giftwin.com/draw/1234567890.",1
"win a brand new iPhone 13! claim your prize by calling 0800-123-4567 now, hurry offer ends soon! t&c apply 18+ only.  urgent! claim your £500 cash prize, text",1
"Congratulations! You've won a brand new iPhone 13! Claim your prize by calling 09058094565 now, standard rates apply. To stop messages, text STOP to 87239. Don't miss out",1
"""Congratulations! You've won an iPhone X! Claim your prize now by calling 0800-123-4567. Standard rates apply. Hurry, offer ends soon!""",1
"Win a brand new iPhone X! Hurry, offer ends in 2 hours. Click link to claim: tinyurl.com/iphonexgiveaway  Urgent! Your account is about to be closed. Call 0845-123-45",1
**Congratulations!** You've won a brand new iPhone 13! Claim it now by calling 09065551234 or clicking the link: [scamlink.com](http://scamlink.com) Offer ends,1
"Win a brand new iPhone X! Reply with your name to 888-555-1234 to claim. Hurry, offer ends tonight! Free activation & shipping. Visit www.iphonewin.com to opt out. 18+ only.",1
"Attention! You've been selected for a limited-time offer: 1000 free minutes and 500 text messages. Reply with ""accept"" to claim now, or call 08001234567 for more info. Hurry",1
Urgent! Win £1000! Click link: [scamlink.com/prize](http://scamlink.com/prize) - Enter code XYZ123 before 31st. Don't miss out!  or,1
"You've won a brand new iPhone 13! Hurry, claim it before it's too late. Call 09051234567 to verify your info and receive instructions. 18+, 150p/min, privacy policy",1
"Congratulations! You've won a brand new Samsung Galaxy S21! Claim your prize by texting ""win"" to 67890. Activation fee: £2.50/msg, 1 msg/day. #SamsungSweep",1
"Win £10,000 now! Text WIN10 and send to 80055. 18+, 5 messages at £1.50 each. Winner announced in 2 hours. Reply HELP for info.  Lim",1
"Attention! Your number +1 (555) 123-4567 has won a $500 Amazon gift card. Call 0845-123-4567 to claim, offer expires in 24 hours! Conf",1
"Win an iPhone X! Call 09082345678 now and press 1 to claim. Free text ""iPhone"" to 87111 to confirm entry. Winner announced in 24 hours! (Standard rates apply, over 1",1
"urgent: claim your €500 Amazon voucher! text ""claim"" to 80011, offer ends today 🏆 #winning #shopping #amazon #discount #limitedtimeoffer #freemoney #urgent #actfast #call",1
"Win an iPhone 13 Pro Max! Urgent response required. Text ""claim"" to 91123 and confirm your details to secure your prize! 50p/msg, 18+, UK only. Winner announced soon! #luckywinner #",1
"Attention! Win an iPhone X or £500 cash instantly. Reply ""WIN"" to 888-555-1234 or call 09012345678. Limited time offer, claim yours now!",1
"Exclusive offer! Win a brand new iPhone X with just a simple call! Dial 0845-123-4567 now and press 1 to claim! Hurry, only 100 lucky winners will be chosen! Don't miss out!",1
"Alert! Unclaimed £10,000 prize waiting! Text ""WIN"" to 80055 to confirm ID. Claim before 22nd or lost! 🚨🏆 #LuckyYou 🌟 #U",1
"""Congrats! You've been selected for a special offer: a free iPhone 13. Claim yours now by calling 08458625432. Hurry, offer ends tonight!""",1
"Urgent: You've been selected for a $10,000 cash prize! Claim now by calling 1-800-932-1234. Standard rates apply. Hurry, offer ends soon!",1
"Urgent! Claim your €10,000 prize now! Call 09031234567 to confirm your win. Msg and call charges apply. Hurry, offer ends soon!",1
"Win a brand new iPhone 13! Reply ""claim"" to 800123 for instructions. Hurry, offer ends soon! #AppleEventExclusive. txt msg rates apply.",1
"Attention! You've been selected for a special offer: 50GB extra data for free. Reply ""claim now"" to activate, limited time offer. www.yourISP.com/offer  Urgent! Congrats! You've won a",1
"🚨 Urgent:Claim your £5000 prize! Call 09065171142 now, limited time offer! 📱 Text STOP to opt-out, 18+ only.",1
"Win £10,000! Call 07812345678 now and enter your details to claim. Hurry, offer ends tonight! 📱💰 #lottery #winbig #urgent #prize #callnow",1
Attention! You've been selected for a special offer: win a brand new iPhone X or £1000 cash! Hurry and call 09065551234 now to claim! Standard rate call charges apply. Text STOP to opt out.,1
urgent! claim your £5000 prize now! go to <http://www.wintodayprize.com> or call 0800 133 7788 before it's too late! terms apply.,1
"Text from an unknown number: 🚨 Urgent: Claim your £10,000 prize! Reply with your full name, mobile, and address to 09066532111. Offer ends midnight tonight! Don't",1
urgent! claim your £5000 prize before it's too late! call 0800 756-1071 now! (18+) valid until 31/3/23. don't miss out!  important notice,1
"Urgent: Congratulations! £500 Amazon voucher yours, claim now at www.winningprize.co.uk/12345 or call 09012345678 (calls cost £1.50 per min",1
Win â€˜10K Cash'! Answer this: Who discovered penicillin? Text ANSWER to 90011 NOW! #LimitedTimeOffer #Urgent #WinBig,1
"Win an iPhone X! Hurry, claim now by calling 0208 123 4567. Offer ends 15th March. t&cs apply. Opt-out available.  Unlock free 4G data worth £100!",1
"Win £10,000 now! Click link to claim: bit.ly/win10k. Urgent response required!  or  Congrats! You've won a free vacation! Call 0800-123-45",1
"Win big! Dial 8005551234 now & claim your £50 Amazon voucher! Subscribe for daily prizes, £1/day. Reply ""STOP"" to quit. Terms: www.winbig.co.uk",1
"Urgent! Claim your £500 Amazon voucher now! Reply with ""Claim"" or call 0845-123-4567 before midnight. Don't miss out!",1
urgent! unclaimed prize alert: $5000 in bitcoin waiting for you! claim now by clicking the link below or call 08457654321 before it's too late! offer expires in 24 hours. t&c apply,1
"🚨 WIN £10,000 NOW! 🎊 Click link to claim: m.me/luckywinningsuk. Offer ends in 24 hours! 🕒 #UKResidentsOnly #Congratulations",1
"you've been chosen! win a brand new iphone 13 or £1500 cash! call 0800-123-4567 now to claim, offer ends soon! (18+)  or  get your free",1
"Congratulations! Unclaimed prize of £5000 waiting for you. Call 0800-1234567 to claim now (standard rates apply). Hurry, offer ends soon!",1
"Win £10k now! Call 0800-955-1234 to claim, limited time offer! Hurry!  Urgent: Unclaimed £500 Amazon voucher, claim yours at http://bit.ly/3y",1
"Win £500 Amazon vouchers! Act fast, txt ""claim"" to 7890123, limited slots available! tscs: www.winamazon.com, 18+, msg & data rates apply.",1
"Alert! Congrats, you've been selected to receive a free iPhone X! Claim now by calling 09035678901 or txt ""claim"" to 60777. Winner announced in 24hrs! #",1
"**Congratulations!** You've been selected for a special offer: 50% off your next online purchase! Hurry, this deal ends soon. Click here to shop now: [link] or call 08458623567 for assistance",1
📱🎊 Hurry! Claim your free Samsung Galaxy S21 by clicking this link & sharing on social media! Offer ends midnight tonight! 💻📲 #winning #techupgrade #limitedstock #actfast #sp,1
"Attention! Win an iPhone 13 Pro Max with 1000 free minutes and 500 text messages. Hurry, offer ends soon! Reply ""claim"" to 0800-123-4567 or click the link below.",1
"txtwinprize: - Congrats! You've been randomly selected to win an iPhone 13 Pro Max! To claim, text 'Claim' to 07812345678. Standard text rates apply. Ends midnight tonight.",1
"win iphone x, limited time offer! click link to enter: bit.ly/iphonexgiveaway hurry, only 24 hours left! msg ""stop"" to opt out.",1
"Congratulations! You've won a brand new iPhone X! Hurry, call 08451234567 to claim now and get free delivery within 48 hours. Claim your prize before it's too late! #winner #iphone",1
"urgent! text ""claim"" to 55667 before midnight. win a brand new iphone 12 pro max & 1000 free texts/month. call 02031234567 to activate. offer ends soon!",1
"Text ""Claim your free iPhone X!"" to 73266. Limited time offer, hurry! www.iphonexgiveaway.net. Must be 18+.",1
"urgently claim your €500 Amazon voucher! text claim to 80012, offer expires tonight 18+ t&cs apply txt STOP to opt out.  or  limited time offer: win an iPhone 13! text WIN",1
"urgent! claim your £50 amazon gift card now! text win amazon to 80055, limited time offer, claim yours before it's gone! to opt out text stopwow wow1234.",1
"urgent! claim your £5000 lottery prize before it's too late! call 09012345678 to confirm your winnings. text ""claim"" to opt out. validation code required: xyz123.",1
"Urgent! Unclaimed prize: $10,000 in bitcoins. Claim now by calling 07812345678. Use code: LUCKYWIN. Expires soon!  New text message:  Exclusive",1
Congratulations! Urgent: Claim ur £1000 Amazon voucher now. Click link to verify & collect: bit.ly/win1000amazon. Offer ends tonight!,1
"Win an iPhone X! Quick, click this link to claim: bit.ly/iphonexgiveaway Time is running out! Don't miss your chance to win a brand new car! Reply ""WIN"" to 41111. Unlock massive savings!",1
"Win £1000! Click link to claim now! Hurry, offer ends soon!  or  Limited time offer: 50% off Samsung phones! Call 08458623456 to order!  or  U",1
"Alert! Unclaimed prize: $1000 iTunes gift card. Text ""claim"" to 555-555-1234 to confirm details & collect. Offer ends midnight.",1
"urgent! win a brand new iphone 12 pro max! call 09020123456 now and claim your prize! limited time offer, don't miss out! msg and data rates apply.",1
Unbelievable! You've won a brand new iPhone X and a 1-year Netflix subscription. Click here to claim now! Offer expires in 24 hours! www.winiphonexnetflix.com  Or  Attention! You've,1
Urgent! Win a brand new Samsung Galaxy S22! Click link to claim: bit.ly/samsungwin  Hurry! Claim your £200 Amazon voucher before it's too late! Text YES to 87123,1
"last chance: win £500 shopping vouchers! text ""claim"" to 88444 or call 0800-123-4567 to confirm, hurry offer ends soon! terms apply. msg & call charges may apply. 1",1
"urgent! you've won an iphone 13 pro! call 07812345678 to claim, offer ends soon! don't miss out!  or  exciting news! unclaimed $1000 amazon gift",1
"""Congratulations! You've been selected to receive a brand new iPhone 13 Pro Max! Claim now by calling 08001234567 or texting 'claim' to 88811. Hurry, offer ends soon",1
"alert! your account has been credited with £500 bonus! call 08458635678 to claim, code: gh241 expires 14/12/21  urgent! congrats! you've",1
"Win a brand new iPhone 13! Hurry, only 24 hours left to claim. Click the link to enter now: bit.ly/iphone13giveaway  You've been selected for a life-changing opportunity! Call 0906-",1
"win big! ur recent search for ""lottery numbers"" reveals ur eligibility for a £10k prize. claim it now at winnertoday.com/claim or call 02031314321 for assistance. msg & data rates apply.",1
"Attention! Win a brand new iPhone 13 Pro Max! Text ""WIN"" to 555-555-1234 to enter, only 100 winners will be chosen! Limited time offer, hurry up! 18+, msg & data",1
urgent! you've won a brand new iphone 13! call 09066358421 to claim. offer valid for 8 hours only. congratulations!,1
"urgent! ðŸš¨ win iphone 13 pro max! click link to claim: bit.ly/iphone13win limited time offer! only 100 winners, claim yours now! 18+, call 080012",1
Urgent: Win £1000! Click now to claim: [link] Offer ends in 2 hours. Don't miss out! #luckywinner #prize #winbig,1
"Congratulations! You've been selected to receive a free smartwatch! Reply ""Claim"" to 8675309 or call 02035678910 to confirm your delivery details. Hurry, offer ends soon!",1
"Limited time offer! Claim your free Samsung Galaxy S21 now. Call 09080012345 to activate, or text activate to 8007. Offer ends soon! Call or text now to secure your prize.  Important notice",1
"urgent! ðŸš¨ your account has been upgraded! claim your â€£5,000 bonus now, but hurry! call 0800-123-4567 or click link within 2 hours. offer ends soon! ðŸ",1
"Win a brand new iPhone 13! Hurry, offer ends today. Text WIN to 87352 to claim. You might also receive exclusive offers and prizes!  Or,  Unlock a secret surprise! Text SURPRISE to 888",1
"Win £10,000 instantly! Call 09050111222 now and enter code XYZ. Free entry, but std rates apply. Claim before midnight tonight!  Limited time offer: Free iPhone X with every purchase over £",1
Urgent: You've been selected to receive a brand new iPhone! Claim now by calling 0845-567-8910. Limited time offer!  Or:  Congratulations! You've won a free vacation to Bali,1
**urgent!** congrats! you've won a brand new iphone 12 pro! claim now by calling 0800-987-5432 or click the link to verify & receive delivery details. offer ends in 24 hours!,1
"win big! claim your £500 prize, call 0871-234-5678 now! hurry, offer ends tonight! prize courtesy of luckywinnings ltd, ln1 3st. text STOP to opt out.",1
Text now to unlock your hidden £500 prize! Reply win@12345 to claim. Time is running out! 18+ t&c apply. txtwin.co.uk/prize  Urgent: Your account is about to exp,1
"You've won a brand new iPhone X! Claim it now by calling 0800-123-4567 or click the link to confirm your details. Hurry, offer ends soon! #winner #iPhoneX #freephone #prize",1
"win a brand new iPhone X! quick, click link to claim: m.fakegiveaway.com/iphone. act fast, offer ends soon! help@support.fakegiveaway.com for queries, 08001234567 to speak",1
"🚨 Urgent! Claim your £5000 prize now! Text ""claim"" to 0903212345. Limited time offer, don't miss out! 🎁 #winnings #prizefund #",1
"Alert!: You've been randomly selected to receive a £10,000 cash prize! Claim now by calling 0845-123-4567. Offer valid until midnight tonight! Hurry!",1
"win a brand new iphone 13! act fast, offer ends soon. text ""winiphone"" to 41122 for a chance to claim. msg & data rates apply. winningspree.com/iphone #goodluck",1
urgent! you've won a brand new iPhone 13! claim your prize by calling 09032123456 from a landline within the next 2 hours. validate your win with code XYZ123. don't miss out!,1
urgent! you've been selected for a free iphone 12! claim now by calling 0800 555 1212 or click the link in this message before offer expires. congrats!,1
📣 Urgent: Unclaimed $1000 prize waiting! Call 07821534921 now to confirm details. Don't miss out! #lastchance #winner  📨 Important: Your Amazon,1
"Win a brand new iPhone X! Hurry, claim your prize by clicking this link before it's too late!  Unlock $10,000 in hidden cash! Reply with ""claim"" to receive instructions!  URGENT: You've been selected for",1
"Attention! You've won an iPhone 13 Pro Max! Hurry, call 09031234567 to claim or text ""WIN"" to 88772 by EOD! Your prize awaits at prizeclaim.net,",1
Win a brand new iPhone 13! Click here to claim: tinyurl.com/iphone13giveaway Urgent: Act now and secure your prize! 📱📱 #luckywinner #iPhone13contest,1
Congratulations! You've won a brand new iPhone X! Claim it now by calling 0845-123-4567. Offer valid for the next 24 hours only! #winner #iphoneX #claimnow,1
"""Congratulations! Win a brand new iPhone X! Call 08712300111 now and enter code A1B2C3 to claim. Time is running out!""  ""Claim your £500 Amazon voucher! Text '",1
"Attention! Unclaimed lottery prize worth €5000 waiting for you. Claim now by clicking the link: text ""claim"" to 91123 to receive details. Hurry, offer ends soon!",1
"Win big! $10,000 cash prize waiting for you. Claim now at megasweepstakes.com/code: XYZ123. Hurry, offer ends tonight! 🏆💰 #luckyluckyyou",1
"Win an iPhone X and 100GB iCloud storage! Hurry, claim now by texting ""win"" to 27891. Offer ends in 2 hours! #iphoneXwin #techprize #urgent #actnow",1
alert! you've won a brand new iphone 13! claim it now by clicking this link: fakeiphonewin.com/claim or call 08009998888 to confirm #winner #freeiphone #limitedtimeoffer,1
"urgent! you've won a £10,000 lottery prize! claim now before it's too late, call 0800-123-4567 or click the link in this message to confirm your winnings! offer expires in",1
"Alert: Last chance to claim your £1000 cash prize! Text ""claim"" to 07895123456 to verify and collect. Offer ends midnight. Hurry! #luckywinner #winbig",1
You've been selected for a free vacation! Confirm now and get your tickets by calling 09055555666. Limited time offer! #winavacation #urgent #travel #free #prize #callnow,1
- Congratulations! You've been chosen to receive a free iPhone X. Claim now before it's too late: call 020 1234 5678 or visit www.iphonewin.com - Urgent! Your account is about,1
"win a brand new iPhone 13! call 0800 123 4567 now and claim your prize!  or  urgent! claim your â£10,000 lottery winnings, call 0908",1
"urgent! your lotto winnings of £1000 await! call 08455123456 to claim, expires in 24 hours! #luckyloser #jackpot #winbig",1
"🚨Congratulations! £1500 Amazon gift card yours, claim now! Click link in text to verify & collect. Offer ends midnight. 💳 #winbig #urgent #Amazon #prize #giftcard #",1
"Win a brand new iPhone 13! Hurry, offer ends in 24 hours. Text 'Claim' to 87123 to confirm participation. Winner announced tomorrow. 16p/msg. Good luck!",1
"📣 Congratulations! You've been selected for a free iPhone 13! Hurry, claim now by calling 0845-712-3456. Offer valid until midnight. 📱 #Winner #App",1
"win a brand new iphone 13! act fast, offer ends tonight. text ""iphone13"" to 555-1234 to claim. don't miss out!  or  urgent! claim your free samsung galaxy s2",1
"urgent! you've won a brand new iphone 13! call 08009552255 now to claim, or risk missing out! offer expires in 2 hours. 18+ only, 10p/min. congr",1
"Alert! Limited-time offer: Win an iPhone X and £1000 cash! Reply ""claim"" to enter, or ""stop"" to opt out. Winner announced tomorrow! txt winiphone to 67890.",1
Alert! Win an iPhone 12 Pro Max! Call 07878961234 now and be the lucky one! Offer ends in 2 hours! t&c's apply. 18+ sender: winiphone. #urgent,1
"Win a brand new iPhone 13 Pro Max now! Hurry, only 24 hours left. Call 0800-234-5678 to claim, or text YES to 90123 for more info. Don't miss out",1
"Win a brand new iPhone X! Hurry, last chance to enter. Text WIN to 67890, standard rates apply. Over 18 only. Closes midnight tonight!",1
urgent! congratulations! you've won a brand new iphone 13! claim it now by calling 08712223333. code: apple123. valid for 24 hours only. don't miss out!,1
urgently claim your £1000 Amazon voucher! call 0871-234-5678 now and provide your email for verification. offer ends tonight! #winning #shoppingspree #amazon #discounts #winbig #freev,1
"text back ""claim"" to win a brand new iPhone X! limited time offer, hurry! 18+, t&cs apply: www.iphonewin.com/textcomp (Msg & Data Rates May Apply)",1
"Win a brand new iPhone X! Quick, text ""claim"" to 98765 to confirm your entry. Winner announced in 24 hours. Good luck!  Or:  You've been selected for a special offer! Click this link to claim your free",1
"Win a brand new iPhone 13! Reply with your email to claim and receive a verification code. Limited time offer, claim now! #iPhone13Giveaway #WinBig #FreeiPhone13 #AppleEvent2021",1
"Win a brand new iPhone 13! Text ""iPhone13"" to 88000 to claim, limited time offer! hg/suite342/1highst12/q3jhg 5€/wk  or",1
"Alert: £10,000 instant win! Dial 09020112345 now and press option 1 to claim. Calls cost £1.50/min. Winner announced in 2 hours. Good luck!",1
urgent! congratulations! you've won a <usd>5000 iTunes gift card! claim now by calling 09021234567 from a landline. offer expires in 24hrs. valid 17,1
"Urgent: Unclaimed €5000 lottery prize! Call 09050123456 to claim, deadline ends soon. Text STOP to opt out, text HELP for info, £2.50/week, max 5 m",1
"Attention: Your number has been randomly selected to receive a free iPhone 13! Claim now by calling 0800-123-4567 or clicking the link below. Hurry, offer ends soon!  win-iphone13-now",1
"Alert! Unclaimed lottery winnings of £1000 waiting for you. Call 09012345678 now to claim! Hurry, offer ends soon!  Exclusive offer! Win a brand new iPhone X. Click link to enter",1
"urgent! congratulations! you've won a brand new iphone 13! claim your prize by calling 08457654321. offer valid for the next 2 hours only! text STOP to opt out, standard rates apply.",1
"""Congratulations! Win a brand new iPhone 13 or £1000 cash. Text 'claim' to 87123. Winner announced in 2 hours. t&cs apply. age 18+ £1.50/week""",1
Congratulations! You've been selected to win a brand new iPhone X! Claim your prize by calling 09051234567 before the offer expires. Text STOP to 87123 to opt out. Over 18 only,1
"Alert! Win a brand new iPhone 13! Quickly call 07825345678 to claim, offer ends soon!  Urgent! Get your free Samsung Galaxy Tab S7 now! Click here: http://samsungtablet",1
"Attention: Unclaimed $1000 Amazon voucher! Reply ""Claim"" to 07555123456 to confirm delivery details. Hurry, offer ends soon!",1
"urgent: claim your $1000 Amazon gift card! reply ""claim"" to 555-123-4567 or code expires soon.",1
Alert: Last chance to claim your £500 Amazon voucher! Click this link now and confirm your details: bit.ly/win500amazon. Offer ends midnight tonight! Hurry!,1
"Win £500 now! Answer this question: What's the capital city of France? Call 09025551234 to claim, calls cost £1.50 per minute. Text STOP to opt out.",1
"Win a brand new iPhone 13! Call 09066623456 now and claim your prize! T&Cs apply. pobox 5, w1a 1ab 150ppm 18+",1
Attention! You've been randomly selected to win an iPhone 13 Pro Max! Claim your prize by calling 0845-567-8901 within the next 24 hours. Congratulations! #Winner #iPhone13Pro,1
"Alert! Your number has won a £3,000 bonus SMS prize on 15/7/04. Final attempt to contact you! Reply with YES to 07988981122 to claim. PrizeID: pq",1
"Win a brand new iPhone 13! Hurry, contest ends in 2 hours! Reply ""Yes"" to this SMS and text your name to 07823456789 to enter. Standard rates apply. Winner announced tomorrow! Good luck!",1
"you've been selected for a free Samsung Galaxy S21! act now and text ""claim"" to 555-1234 to receive instructions. prize valid for 24 hours only! no purchase necessary. msg & data rates may apply. sponsor: megaw",1
"Attention! Today's draw announces your win of a brand new iPhone X. Call 09055556666 to claim prize code x12. Valid for 12 hours only, 150ppm. Don't miss out!",1
"Win an iPhone 13! Claim now by calling 0845-123-4567 or click link within to verify eligibility. Hurry, offer ends soon! #iPhoneGiveaway #winaniphone #techprize #",1
"Unmissable deal! Win a brand new iPhone X and get 1000 free texts for just a call to 080012345678. Hurry, offer ends tonight! #winner #freeiphone #textnow",1
"Attention! Unclaimed lottery prize of £5000 awaits you. Call now to claim: 09055556666. Text ""WIN"" to confirm. Hurry, offer ends soon!",1
"Win a brand new iPhone X! Text WINIPHONE to 66655 and confirm your entry. Hurry, contest ends tonight!  Discover hidden treasure! Call 09023456789 to claim your £500 prize.",1
"alert ðŸš¨! you've won an iphone 13 pro max! claim now at www.winiphone13.com or call 08002732432, offer ends soon! ðŸ¤³ðŸŽ",1
"* Urgent! Win a brand new iPhone X! Click the link now: bit.ly/iphonexwin \- limited time offer! 18+ only, msg & data rates apply. call 1-800-123-4567 for help",1
"alert! winning £5000 lotto prize for you. claim before it's too late, call 08449876543. winner id: w123456. valid till midnight. txt STOP to opt out.",1
"win big! text ""lottery"" and your number to 55555. winner announced in 2 hours. claim your prize! help: 08454321234. good luck!",1
"win a brand new iphone 13! click the link below to claim now, offer ends in 24 hours! https://scamlink.com/iphone13 \*free shipping* limited stocks! dont miss out! #giveaway #apple #iphone",1
"Alert! You've won a brand new iPhone 13! Claim now by calling 0800-555-1234 or clicking the link in this text. Hurry, offer ends soon! #winner #iPhone13 #freephone",1
"Urgent: You've been selected! Claim your £500 Amazon voucher now. Reply ""Claim"" to 90010. Offer valid until midnight. Don't miss out!",1
urgent! claim your free iphone 13 now! call 0800 123 4567 before offer ends tonight! #limitedstock #winningfeeling #actfast,1
Urgent: Congratulations! You've won a brand new iPhone X! Claim now by calling 09053750005 before 31-03-2023. Winner selection is final. Terms & conditions: 08,1
"Win a brand new iPhone 13! Hurry, offer ends in 2 hours. Click this link to claim: bit.ly/iPhone13Win  Or, call now to unlock your £500 Amazon voucher: 0800-12",1
Urgent! Unclaimed £500 Amazon gift card waiting for you. Activate now: bit.ly/3iNbQjG Code: AB12C34 Expires in 24 hours!  or  Congratulations! You've,1
"Win €500 Amazon vouchers! Text ""win"" to 85111 now. 18+ t&c www.lotterywin.net customer service 0844 567 8901. Hurry, offer ends soon",1
"Congratulations! You've won a brand new iPhone 13! To claim, call 09035556666 now and press 1. Standard rate call charges apply. Hurry, offer ends soon! #winner #iPhone13 #",1
"Urgent! Win a brand new iPhone 13! Text WIN to 54321, call 02012345678 to confirm. Offer ends midnight tonight! Don't miss out! #iPhone13Giveaway #",1
"Urgent: Congratulations, you've won an iPhone X! Claim now by calling 0845-123-4567 or click the link below. Winner verification required. http://scam.link/winiphone #prize #",1
"win a brand new iPhone 13! text 'claim' to 88123. limited time offer, hurry! age 18+. £1.50 per week. txt help for more info. skilfulwinnings. tscs1234",1
"urgent alert: win an iphone 13! claim now at www.iphone13giveaway.com or call 08002793663 to confirm delivery tomorrow. hurry, offer ends soon!",1
"win a brand new iPhone 13! text ""win"" to 90011 to enter, limited time offer! terms apply. txt msg rates apply. 18+ only.",1
"win a brand new iPhone 13! answer 3 simple questions now and be the lucky winner!  flash offer: claim your $1000 Amazon gift card, act fast before it's too late!  urgent: click here to receive a secret code for a",1
"win a brand new iPhone X! urgent action required, call 0800-123-4567 now to claim! offer ends tonight! text STOP to opt out. msg & data rates apply.",1
urgent! claim your £500 amazon voucher before it's too late! click here to confirm your details and receive your code: bit.ly/3BvD7Z6 offer ends in 24 hours!  sexy alert! your personalized adult,1
"claim your £5000 Amazon voucher! click link below before it expires: tinyurl.com/winbig123 18+ only, msg & data rates may apply. hurry, offer ends soon!",1
"Attention! You've been selected to receive a free smartwatch! Reply ""claim"" now and we'll arrange delivery to your doorstep. Hurry, offer ends tonight! #win #tech #gadgets #free #timekeeper #smartwatch #discountedrate",1
"Urgent: Unclaimed £1000 prize! Call 09064012345 to claim, text YES to confirm, msg cost £1.50/call. Winner announced in 24 hours, good luck! #prize",1
"Win £500 now! Text WIN500 to 84321. First text free. Hurry, offer ends soon! 15p/text. Reply hlp for help. 141 #winbig. To unsubscribe, text STOP",1
"""Congratulations! You've been chosen to receive a brand new iPhone 13! Claim it now by calling 09065171142. Message and call charges apply. Offer ends in 24 hours.""",1
"urgently claim your £5000 Amazon gift card! text confirm and number to 07821 123456 or call 01234 567890 to verify. act fast, offer ends soon!",1
"Attention! Congratulations, you've been selected for a free 1-year Netflix subscription. Activate now at netflixwin.com/activate or call 0800-123-4567 to claim. Offer ends soon!",1
"urgent! your £10,000 iPhone X prize is waiting! call 09012345678 to claim xprizedwinner a1b2c3 18+ text cost 15p/min",1
"urgent! claim your £1000 Amazon gift card now! text ""claim"" to 556677 and confirm your details, limited time offer! opt-out: text ""stop"" to cancel. www.winbigprize.com",1
urgent! you've been selected for a special offer! claim your free iphone x at http://www.iphonewin.com before it's too late! validate your number now!  or  winning numbers announced! check if yours is among them at http://www,1
"Urgent! $1000 Amazon gift card yours, claim now at winnermail.net/abc123. Offer ends in 2 hours! Call 08458745678 to verify.",1
"win big! claim your â€œgolden ticketâ€ prize: $1000 or iPhone X! reply CLAIM to 67890, t&cs apply. hurry, offer ends soon!",1
"urgent! your account has been upgraded! claim your £500 bonus now, call 08445678901, code: XYZEXPIRES2DAYS  limited time offer! win iphone 13, text PRI",1
"Win a brand new iPhone X! Ur number selected, claim ur prize at www.winnerspree.com now or miss out! 18+, msg & data charges apply. 5 digit code: 12345. Hurry! Ends tomorrow!",1
urgent! claim your â€śgolden ticketâ€ť prize worth â€ś5000â€ť. call 0844 567 8910 now or miss out! t&cs apply. 192pm. 30,1
"Alert! Win an Apple Watch! Reply ""Claim"" to 8005556667. Limited time offer, act fast! #AppleWatchGiveaway #YoureIt #DontMissOut #Urgent #WinBig #FreeGift",1
"**URGENT:** Unclaimed prize alert! Win a brand new iPhone X! Reply with ""claim"" to confirm details. Don't miss out, act now! http://bit.ly/iphonewin #limitedtimeoffer",1
"Urgent! Win £1000 now! Click link to claim: bit.ly/winnings123 t&c's apply, 18+ only. Hurry, offer ends soon!",1
urgent! you've been selected! claim your £1000 amazon gift card now. text confirm and share your email to 07855552345. offer valid for 24 hours only.  or  last chance to win a,1
"win a brand new iphone 13! hurry, offer ends midnight tonight. click here to enter & claim your prize: smsrewards.com/winiphone13 #urgent #freeiphone #contest",1
"""Congratulations! You've won a brand new iPhone 13! Claim now by calling 0871-471-2345. Offer ends soon!""  ""Unlock your £1,000 Amazon voucher prize!",1
"Urgent! Congratulations, you've won a brand new iPhone 13! Claim now by calling 084556789012, open 24/7. Valid for 24 hours only! Text STOP to opt out,",1
urgent! win an iphone 12 pro max! call 0845-123-4567 now to claim! offer ends tonight! text STOP to opt out. visit www.iphonewin.com for more info.,1
"win an iphone 13! text ""lucky"" to 90011 to claim. limited time offer! 18+ only. help: 08457654321. txt msg cost 50p. t&c",1
"Congratulations! Unclaimed £10,000 prize awaits. Call 09031234567 now to claim, standard rate call. Delivery in 28 days. T&Cs apply. PO Box 456, Manchester",1
Win a brand new car! Call now on 0800-123-4567 to claim your prize! Offer ends soon! #urgent #winnings #lotterywin #car #free #winbig #callnow,1
"Urgent! Unclaimed prize alert: You've won a brand new iPhone 13! Claim now by calling 0845-345-6789. Limited time offer, don't miss out! (Standard rate call)  Exclusive offer",1
"urgency! claim your $10,000 prize, call 0845-862-1234 now! offer valid until midnight, don't miss out! 18+ only. to opt out, text STOP to 789",1
urgency! your account is about to expire! renew now and get a free 3-month membership! click here to renew: [link] or call 0800 123 4567  time is running out! claim your £500,1
"urgent! win iphone 13! text ""claim"" to 73529 now! limited time offer! 18+ only! t&c apply. 100% real prize! hurry!",1
"Urgent: Unclaimed $10,000 prize! Click link to claim now: hxxp://scamwebsite.com/prize - Expires tomorrow! Don't miss out! 🚨📅 #WinnerAlert #L",1
"* Urgent: claim your $500 Amazon gift card! text ""claim"" to 555-1234 within 24 hours to activate. Don't miss out! * Exclusive offer: win a brand new iPhone X! text ""winiphone",1
win up to $5000 in our lucky draw! call 1-800-999-1234 now to enter. msg & data rates apply. winner announced tomorrow!  urgent: claim your £100 amazon voucher!,1
"Last chance to claim your free Apple Watch! Reply ""claim"" to 888-555-1234 and confirm your details to secure your prize. Hurry, offer ends tonight! #winthewatch #limitedstock #actnow",1
"urgent! you've been selected for a special offer! win a brand new iphone 13, act fast! click here to claim: http://www.iphone13win.com offer ends in 24 hours!",1
"winning £10,000! click link to claim now or risk losing your fortune: bit.ly/winbig10k urgent reply required! 18+ only. call center open 24/7.",1
"congratulations! you've won a brand new iphone 13! call 08001234567 to claim now, offer ends in 24 hours! #winner #iphone13 #urgent #limitedstock #tc1",1
"Attention! Your account has been upgraded, claim 500 free iTunes gift cards. Dial *567# and enter code XYZ123 before 30th. Don't miss out!",1
"urgent: claim your £500 amazon gift card now! click link below before it's too late: [scammylink.com] win-win: get a free smartwatch and earn £50 weekly, join now: [scammynumber.com] limited",1
"Win a brand new iPhone X! Hurry, claim now by calling 0800-123-4567 or click the link within to confirm your prize. Don't miss out!  Unclaimed lottery prize worth €10,000!",1
urgent! you've won a brand new iPhone 12! claim your prize by calling 09033344555 from your landline. valid for 24 hours only! don't miss out! #winning #techupgrade #iphone1,1
Urgent: Congratulations! You've won an iPhone 13 Pro! Claim now by calling 08445678901 or clicking the link within. Don't miss out! Offer expires in 24 hours. #winner,1
"Exclusive offer! Win an iPhone X with a single text! Quick, text ""WIN"" to 07988123456! Limited time only! #luckywinner #iphonexgiveaway #dontmissout",1
Urgent: You've won an iPhone 13! Claim your prize by calling 09032123456 or clicking the link: fraudulenttechsupport.com/claim. Don't miss out!,1
"winning lottery alert! claim your £10,000 prize now, text confirm info to 87124 to activate! 18+ only, msg & data charges apply. 60p/msg, max 5/day. winbigprize",1
"""Congratulations! You've won a brand new iPhone 13! Claim now by calling 08445678901 (calls charged at your phone company's standard rate). Offer ends soon! Ref: IW2345",1
"Win a Samsung Galaxy S22! Text ""win"" to 80086 and claim your prize. 18+ t&c www.txttowin.com  Limited time offer: Free iPhone 13! Call 0800-1",1
Urgent! Win a brand new iPhone 13! Click the link below to claim now: bit.ly/iPhone13Win Limited time offer! Call 08448005555 to verify & unlock your prize.  Congrat,1
"🎊 Massive surprise for you! Click here to claim your free iPhone X! Hurry, offer ends soon! 📱 bit.ly/winiphone #urgent #freeiphone #winnow #callnow #winning #prizes #",1
"""Congratulations! You've won a brand new iPhone! Claim your prize by calling 09023456789. Text 'Claim' to confirm and pay just £1.50/min. Hurry, offer ends soon!""",1
"Congratulations! You've been selected to receive a brand new iPhone X or a stunning diamond ring worth £10,000! Reply ""claim"" to 0845-123-4567 within the next 2 hours to confirm your prize",1
"Win £500 now! text claim to 84444. Hurry, offer ends today! t&cs: winnersclub, po box 78, m1a 2ww. 18+. gbp2.00/msg.",1
"alert! unclaimed lottery prize worth £5000 waiting for you. call 0800-123-4567 to claim now, offer expires soon! #winner #fortune #lottery #prize #winning #money #",1
win an iphone 13! claim now at http://www.iphone13giveaway.com/win before it's too late! offer ends in 24 hours.  or  urgent! £1000 cash prize waiting for you,1
urgent! claim your â€œlottery winningsâ€ of â€œâ£5000 or a brand new carâ€. text confirm info & phone num to 09012345678 or call 08712,1
"win a brand new iphone 13! click link to claim: hxxp://scamwebsitetodiscover.com/iphone13 \*limited time offer\* unsubscribe text ""stop"" to cancel, msg & data rates may apply.",1
"Exclusive! You've won a brand new iPhone 13! Claim now by calling 07895234567. Free delivery and only 10p/min! Hurry, offer ends soon! #winner #iphone13 #",1
"win a brand new iPhone 13! text WINIPHONE to 888-555-1234 to claim. limited time offer, act fast! age 18+, £1.99/wk subscription.  urgent: claim",1
"Attention! You've been selected to receive a brand new iPhone 13! Claim now by texting ""Claim"" to 888-123-4567. Offer expires soon! #winner #freeiphone #limitedtimeoffer",1
"""Congratulations! You've won a brand new iPhone 13. Claim now by calling 0800-123-4567 or text YES to 67890. Hurry, offer ends soon!""",1
"urgent: win a brand new iphone 12! click the link to claim now, offer ends midnight tonight. limited stock, claim yours now! #winning #techupgrade #iphone12 #freephone #winnerdrawn #actfast #clickhere #youre",1
"win a brand new iphone 13! act fast, offer ends soon. txt claim to 87121, 18+, 6*â£1.50 (msg & data rates apply) ls1 3aj xxxxxxxx",1
"Attention! Win a brand new iPhone 13! Hurry, claim your prize by calling 09055556666 before it's too late! Don't miss out!",1
"Alert! Unclaimed $10,000 iTunes gift card. Claim now: sms2win.com/itunes \*urgent\* offer ends soon!  Congrats! Win iPhone X! Call 079809",1
"Attention: Unclaimed $10,000 prize waiting! Call 0800-123-4567 to claim now. Hurry, offer ends soon! #winnermail #prizealert #fortuneawaits",1
"Congratulations! You've won an iPhone X! Claim now by clicking the link: [scamlink.com] Hurry, offer ends soon! To opt out, reply ""STOP"". Customer support at [scamnumber] is ready to help.",1
Last chance to claim your £500 Amazon voucher! Click this link now: tinyurl.com/winnermail. Offer expires in 2 hours! Hurry!,1
"Congratulations! You've been chosen to receive a brand new iPhone 13! To claim, call 0800-123-4567 within the next 24 hours. Don't miss out! #winner #iPhone13 #",1
"🚨 Urgent! Win £1,000 now! Click link to claim: http://winner123.com/prize/1234567890  📣 Customer notice: Delivery attempted, call",1
"win iphone x! act fast, click link to claim: http://bit.ly/3nBqgT9 #limitedtimeoffer #freecontest #techprize",1
"Last chance to claim your free iPhone X! Click here to activate: http://scamlink.com/iphoneoffer  Mystery prize worth £500, claim now before it's too late! Dial 0800-123-4",1
"Unclaimed prize alert! 🏆 Win £10,000 instantly. Click link to claim: fakeprizes.com/win10k  Urgent: Missed delivery! Sign for package & get a free iPhone 12. Confirm",1
"Urgent! You've won an iPhone 13! Claim now by clicking this link: scam-site.com/win-iphone13 Or call 0800-123-4567 to confirm, but hurry, offer ends soon!",1
"Congratulations! You've been randomly selected to receive a brand new iPhone 13! To claim, call 08002795301 now and press 1. Offer ends midnight tonight! Don't miss out! #winner #freeiph",1
"win iphone 13 Pro max! answer 3 easy ques - be 1st in line! text ""yes"" to 888-555-1234 now! #limitedstock #winningfeeling #exclusiveoffer #dontmiss",1
urgent! you've been selected as a lucky winner in our weekly draw! claim your â£1000 prize by calling 09066358361 from your landline within the next 12 hours. congratulations! valid for a limited time,1
"Congratulations! You've been selected for a special offer: 🎁 Win an iPhone 13 Pro Max! Hurry, claim now by calling 08445678910. Free minutes apply, but act fast! #iPhone",1
+1: Attention! You've won a brand new iPhone 13! Claim now by calling 09012345678. Code: WIN123. Expires soon!  +2: Urgent! Unclaimed £50,1
"Alert: Congratulations! You've been selected for a £10,000 cash prize! Hurry, claim now by clicking this link: bit.ly/win10kprize or call 0800-WIN-NOW. Offer",1
"win big! urgent: claim your £1000 prize at winnermail.net login: abc123 click now to confirm your details & collect your winnings! hurry, offer ends soon!",1
"Urgent! Unclaimed lottery winnings of £500 waiting for you! Reply with name and contact info to claim. wcl LotteryTeam, winbig22. Standard text rates apply.",1
Attention! 🚨 You've won a brand new iPhone 13 Pro! Claim now by calling 0844-567-8901 or clicking the link below. Don't miss out! http://wintophone13,1
"""Congratulations! Win an iPhone X! Quickly call 09012345678 to confirm info. Text 'iPhone' to 88877 for more details. Standard rate msg. Ends tonight!""",1
"urgency! you've won an iphone 12 pro max! claim now before it's too late, call 0800-123-4567 to verify and collect. unsub to opt out, msg and call rates apply. congrats",1
"Win a brand new iPhone X! Reply ""iPhone"" with answer to question - chance to be the first user! Hurry, limited time offer! Opt out: 8912345678.",1
"win a brand new iphone 12! call 08009876543 now to claim, limited slots available! 18+, msg & data charges apply. sponsor: techgift  or  urgent! claim your free",1
"Alert: Congrats! You've won a brand new iPhone 13! Claim now by texting ""claim"" to 888-555-1212 or call 020-1234-5678 (int",1
"Urgent! You've been selected for a surprise £5000 lottery win! Claim before 31st, or it's gone! Dial 09021234567 now! text STOP to opt out. Call costs £",1
"Win an iPhone 13 Pro Max! Hurry, last chance, reply ""iPhone"" to 91123 to claim. Offer ends midnight.  Congrats, you've been selected! Claim your £500 Amazon voucher,",1
urgent! claim your $1000 amazon gift card now! click the link below before it expires 💸🛍️ [link] or call 1-800-999-0001 to verify and collect!,1
"Attention! Unbelievable offer: win an iPhone 13 or a brand-new Tesla! Hurry, click the link below to enter now: myluckywin.net/claim  or  Congratulations! You've been randomly selected to receive",1
urgent! you've won a brand new smartphone! claim now by calling 08712345678 or clicking the link in this message. don't miss out! offer expires soon! #winner #freephone #smarttech  or,1
urgent! claim your £500 amazon voucher now or lose it! click here to confirm details: bit.ly/3nDyMh7 call 0845-765-4321 to verify. offer ends today!,1
alert! you've won an iphone 12! claim now by calling 08455123456 within 24hrs. msg & data rates apply. congrats!  urgent! surprise £500 amazon vouch,1
"Win a brand new iPhone 13! Reply ""claim"" to 90011 to confirm entry. Winner announced in 24 hours. Good luck! 🍎💰 #iPhoneGiveaway #iLuckYou  OR  Alert",1
Win £1000 instant cash! Claim now and spend it before it's too late! Text claim to 80055. 18+ only. Msg & data charges apply. To opt out text STOP. Winner chosen daily. Good luck!,1
"Win a brand new car! Click here to claim your prize before it's too late: www.luckywin.com Call 0800-123-4567 to confirm your entry. Hurry, offer ends soon!",1
"Missed out on a brand new iPhone 13? Claim it now! Reply ""Claim"" to 555-555-5555 or call 0800-123-4567 to confirm. Offer ends tonight!",1
Win an iPhone X! Ur code: 12345. Click link to claim: m.scamsite.com/iphonex. Offer ends tonight! Hurry! #iPhoneGiveaway #win #techprize,1
"win a brand new iphone 13! click here to claim now: bit.ly/iphone13giveaway time is running out, don't miss your chance! 0800-123-4567 #techprize #",1
"urgent! claim your â£5000 lottery win, call 0800 214 2145 now or miss out! #winning #lottery #prize #callnow #urgent #limitedtimeoffer",1
urgent! claim your £500 amazon voucher now! click link in msg or call 08001234567 to verify & collect #winning #shopping #exclusiveoffer,1
urgently claim your £1000 Amazon voucher! click now on www.winprize.net or call 0800-123-4567 to confirm details. offer ends soon!,1
"alert! you've been selected for a special offer: win a brand new iphone 13! text WIN to 07955552345 to claim. limited time offer, act fast! #iphone13giveaway #urgent #",1
"winning alert! you've been selected for a free iphone 12. claim now by calling 09025151515 or click link to confirm number. hurry, offer ends soon! #luckywinner #techprize",1
urgent! you've won a brand new iphone 13! claim your prize by calling 0845-862-0261 ext 765 before it's too late! congratulations ðŸŽ‰ #winner #free,1
"Win a brand new iPhone X! Hurry, contest ends in 2 hours. Click link to claim: bit.ly/winiphonex or call 09020203030 to confirm. Standard rates apply.",1
"Win a brand new iPhone 13! Call 09012345678 now to claim, text YES to confirm delivery address, £1.99/day, max 5 mins. T&Cs: pobox1234,",1
Urgent! Unclaimed prize: £1000 in your name! Click link to claim now: shorturl.com/abc123 Limited time offer: Free 1-year subscription to premium service! Call 09082012345,1
Attention! 🚨 Unclaimed prize alert 🚨 You've won an amazing iPhone X! Claim now at www.prizewin.com before it's too late ⏰ Text STOP to 0782112,1
urgent! congratulations! you've won a brand new iphone 13. claim it now by calling 09058094672 from a landline. valid for 24 hours only. don't miss out!  or,1
"win a brand new iPhone 13 Pro Max! text ""claim"" to 90011 to redeem, offer ends soon!  big savings on designer handbags, click here to shop now and get 70% off! limited stock available!  c",1
Attention! Win a brand new iPhone 13! Call 08009876543 now and speak with a live agent to claim! Offer ends soon! Hurry!,1
"win iphone x instantly! call 09032221111 or text ""win"" to 78956. msg cost £1.50/msg. 18+ only. t&c apply. prize draw closes in",1
"Attention! You've been selected for a special offer: a brand new iPhone X with unlimited data! Claim now by calling 0845-123-4567. Limited time offer, act fast! #winnermail #iphoneX #",1
urgency: your £100 amazon gift card is ready! claim now by calling 0800-123-4567. offer expires in 2 hours. don't miss out!  fake prize: congratulations! you've,1
"win iphone 13! text ""win"" to 67854 to enter, limited time offer, hurry! 18+, msg & data rates apply, t&cs at m.scamsite.com/123456789",1
"Win an iPad Pro! Hurry, text ""claim"" to 78564 to confirm entry. Winner announced today! 18+, msg & data rates apply. Good luck!",1
"Alert! You've won a brand new iPhone X! Claim it now by calling 0845-123-4567 or click the link within to verify your details. Hurry, offer ends soon! #winner #freeiphone #lottery",1
🚨 Urgent! Win £5000! Click link to claim: m.me/luckysweepstakes.uk/23456 🎊 Time running out! 💔 Don't miss out!,1
alert! you've won a brand new iphone 13! claim your prize by calling 08455678901 or click link within 24 hours to confirm delivery details. congrats! #winner #iphone13 #priz,1
"urgent! win iphone 13 pro max! text 'win' to 41124 to enter, 18+, ends soon! info: www.freeiphone13.net 08458008000 text'stop",1
"urgent! you've been selected for a special offer: win a brand new iphone 12! act fast, offer expires in 24 hours. claim now by calling 09025151515 or click the link in this msg. good",1
"win a brand new iphone 12 pro! text ""lucky"" to 90056 to enter, time is running out! 18+ only, msg & data rates may apply.",1
Attention! Your number has been randomly selected to receive a free iPhone X! Claim now by calling 0800-987-6543 or clicking the link: textlink.com/abc123. Offer ends soon!,1
"Attention! Unclaimed prize alert: Win a brand-new iPhone X! Hurry, claim now by calling 0800-123-4567 or click the link within. Don't miss out!  Congratulations! You've been",1
"""Breaking news! You've been selected to receive a free iPhone X. Claim now by calling 07825 123456 or clicking the link within. Hurry, offer ends soon!"" #winner #freeiphone",1
"urgent! win an iPhone 13 Pro max! click here to claim: http://www.iphone13win.com limited time offer, act fast! prize guaranteed! no hidden fees. call 08001234567 for help.",1
"win a brand new iphone 13! txt 'claim' to 737369 and confirm number to opt in (standard rates apply) hurry, offer ends soon!",1
"Attention! Unclaimed prize alert: You've won a brand new iPhone 13! To claim, call 0845-234-5678 within the next 24 hours. Don't miss out!  Congratulations! You",1
"Attention! Unclaimed lottery prize worth £10,000 awaits you. Call now on 09065231231 to claim or risk losing it forever. 18+, 50p/min, your privacy guaranteed.",1
"Text message:  Congratulations! You've been randomly selected to receive a brand new iPhone X! Call 09082022022 to claim now, delivery within 7 days, limited time offer! #winnow #iPhoneX #",1
text message:  urgent! congratulations! you've won an iphone 13! claim now by calling 08432192555 from your landline. offer valid until midnight tonight! text confirm to 19600,1
"urgently claim your â€œlucky winnerâ€™ prize of â€œ10k cash!â€ call 07891234567, code xyz, expires in 24hrs. 18+ only.",1
"Win £10,000! Call 09065551234 now to claim. Enter personal details carefully. Hurry, offer ends soon!  or  Congratulations! You've won a free smartphone. Call 0",1
🚨Win £1000 instant cash! Text UNCLAIM to 888-1234. Offer expires in 6 hours. 💸💰🔓 #goodluck #winner #prize,1
"Win a brand new iPhone X! Text ""claim"" to 87878 to confirm delivery address. Offer ends in 24 hours!  Congratulations! You've been chosen for a special offer! Text ""claim"" to 73249",1
"Attention! 📣 You've been chosen! Claim your brand new iPhone 13 or a stunning diamond ring by calling 07825 432 567 now! T&Cs apply. text ""claim"" to 84",1
"alert: congrats! you've won a £3000 lottery! claim now by texting claim to 80066 or call 09052233442, std rates apply. ref: #1234567",1
"urgent! congrats, you've won an iphone 12! claim now by calling 08715203685 or click link within to verify & collect! don't miss out! #winner #iphone12 #prize",1
Urgent! You've won a brand new iPhone 13! Claim now by calling 08001234567. Enter code: XYZ987. Offer expires in 24 hours!  or  Attention,1
"Congratulations! You've won a brand new smartphone! Call 09064567890 now to claim, delivery in 7 days. Winner's fee applies. Text ""stop"" to opt out. msg@â£3.99",1
"Alert! Win a brand new iPhone X! Hurry, call 09021234567 now and press 1 to claim! 18+, message and data rates apply. Offer ends soon! #iPhoneXgiveaway #lucky",1
"Win £500 now! You've been randomly selected, reply with your full name and address to claim: 08009523456 #WinnerDraw #Congrats  Your package is ready for delivery! Click the link below to track",1
Attention! 📣 You've been selected to receive a FREE iPhone 13 Pro Max! 📱 Claim yours now by calling 0800-123-4567. Offer ends tonight! 💥,1
"urgent: claim your â€œiPhone 13 Pro Maxâ€ prize, text claim to 73521 now! offer valid till midnight. hg/suite123/1high st/sw1a 18+ terms apply.",1
"last chance to claim ur £200 amazon voucher! text confirm to 87123, limited time offer, hurry up! offer details 08007789512, normal text rates apply.",1
"🎊 Congratulations! You've won a brand new iPhone 13! Call 0800-123-4567 now to claim, offer valid for the next 24 hours only! 📱 #winner #",1
"urgent!: your account has been upgraded! claim your bonus of £3,000 now by calling 0845-234-5678 box#12345. offer valid until midnight.  or  you've won a",1
"Alert! You've been selected for a special offer: win an Apple Watch Series 7! Text ""claim"" to 82255 to confirm & get instructions. Limited time offer, end in 24 hours! t&c: www.luckywatch.com",1
Urgent: Claim your £500 Amazon voucher! Reply YES to 07825 932-123 or call 0203-1234-567 to confirm. Offer ends midnight tonight!,1
Urgent: Win a brand new iPhone 13! Click the link to enter now and claim your prize before it's too late! http://scamlink.com/iphone13 Offer valid for 24 hours only. Good luck! (Message and data rates may,1
"urgent! win iphone 13 pro max! text ""claim"" to 555-1234 to enter & get a free trial of our premium service. msg & data rates apply. text ""stop"" to opt-out. offer ends soon!",1
"Win a brand new iPhone 13! Click the link to claim now: www.iphone13giveaway.com Hurry, offer ends soon! 18+ only. To opt out text STOP to 07786200117.",1
"Congratulations! You've been chosen to receive a brand new iPhone X! Call 08718735678 now to claim, only 15p per minute. Limited time offer!",1
"📱 Urgent! Claim your free iPhone 13 now! Text ""WIN"" to 33311 and be entered to win! Limited time offer! 📱 #iPhoneGiveaway #WinBig #FreeiPhone13",1
"urgent! win iphone 13 pro max! call 08457654321 now and claim your prize! 18+ only. msg ""claim"" to opt out. t&c's apply. offer ends soon!",1
"win a brand new iphone 13! click the link below to claim now, offer ends soon: http://www.iphone13win.com/claim/xyz1234567890 ts&cs apply.",1
"alarming! unclaimed £500 amazon voucher, act fast! click link: savemoneynow.com/prize/12345 to claim, offer ends soon! t&c apply.  urgent! £1000 cash",1
"winning alert! claim your £500 Amazon voucher, but hurry, offer ends midnight! click here to confirm details & claim now: [link] txt HELP to 888-8888. message and data rates apply. winner verification: 08",1
"Win a brand new iPhone X! Reply ""iwin"" to this number now and be entered to win! 10p/msg. Texts may be charged. Winner announced in 24 hours. Good luck! 07825329876",1
"🚨 URGENT: Congratulations! You've won a £3,000 holiday! Call 0800-777-1234 now to claim or text YES to confirm and get instructions. Offer ends soon!",1
"Attention! Win an iPhone X! Reply with ""claim"" to secure your prize. Msg & data charges apply. Hurry, offer ends soon!",1
"win iphone 13! answer 3 quick ques - be 1st to claim, reply now!  you've won a samsung smart tv! call 07021234567 to claim, limited time offer!  ex",1
"urgent: claim your £500 amazon gift card, text confirm & number to claim@winprize24.com or call 02031501234, limited time offer!",1
Urgent! Win a brand new iPhone 13 Pro max! Click link to claim now: textwins.com/iphone13 Limited time offer: Free Samsung Galaxy S21 Ultra with 3-month Netflix subscription. Call 080012,1
"urgently claim your lottery winnings of £5000, text back ""claim"" to 07825 345 678 or call 09021 222 111 now! age 18+ only,",1
"Urgent! You've been selected for a £500 Amazon gift card. Claim now at www.winprize.net/1234567890. Act fast, offer ends soon! (txt STOP to 41411",1
"Attention! You've won a brand new iPhone 13! Claim now by calling 0845-313-1234 or clicking the link below. Hurry, offer expires soon!  Win a stunning Samsung 65"" Smart TV",1
Attention! You've been selected for a special offer: win a brand new iPhone 12 Pro max worth £1000. Call 0845-567-8901 now to claim! Time is running out!,1
Congratulations! You've won an iPhone X! Call 09082123456 now to claim and unlock exclusive deals! msg & data charges may apply. offer expires soon. 18+ only. text STOP to opt out. PO Box,1
"Win a brand new iPhone 13! Hurry, offer ends soon. Text WINIPHONE to 80055 to enter. Confirm number to claim prize. www.iphonewin.net/prize12345",1
urgent! win an iphone 13 pro max! reply claim now-123 to confirm delivery address! (winnerannouncements.com/ip13 win guaranteed!) stop to opt out 555-555-1212. limited time,1
urgent: you've won a brand new iphone 13! claim now by calling 0800-123-4567 or clicking the link in this message. don't miss out! #winner #prize #iphone13,1
"Win a brand new car or â€˜5000 cash! Hurry, call 0800-123-4567 now, limited time offer. Text STOP to opt out, standard rates apply.",1
"Urgent! Claim your free iPhone X or £1000 cash prize now! Text ""claim"" to 87123. Offer ends midnight. wintech.uk/prize cs 0844 800 2222.",1
"urgent: unclaimed lottery prize worth £5000! claim now by calling 09021234567, text cost 15p per msg, 18+ only.  exclusive offer: win a brand new car! simply click",1
"Urgent! You've won a brand new iPhone 13! Call 08001234567 now to claim your prize and activate within 24 hours! Don't miss out! box123pqr, 10ppm",1
"Win an iPhone X! Text ""iPhone"" to 91123 to claim, limited time offer! Hurry, offer ends soon! 📱📱📱 #winnerdraw #prizedraw #iphonex #winning",1
"Attention! Unclaimed prize alert: You've won a brand new iPhone 13! Call 08001234567 now to claim, or risk losing out! Text STOP to opt-out. ref: 5432109",1
"limited time offer: win iphone 13! click link to enter: [insert malicious link here] or call 09064231234 to confirm entry. act fast, contest ends soon!",1
"Attention! Unclaimed lottery winnings of ê10,000 await at 0845-567-8901. Enter reference code: LUCKY-WIN-563 to claim. Hurry, expires 12",1
"""Urgent! Unclaimed prize: £5000 awaits! Call 0845-456-1234 to claim now (std rate). Don't miss out!""",1
"""Congratulations! You've won a brand new iPhone X! Claim it now by calling 0844-567-8901 within the next 24 hours. Don't miss out!""  ""Limited time offer! Get",1
"urgent! you've won a brand new iphone 12! claim it now by calling 09066358361 from your landline, code: w123. offer valid for 12 hours only!  or  send",1
"win a brand new iphone 13! click the link now to claim before it's too late. limited time offer, act fast! #iwonone #iphone13giveaway  or  alert! your account is about to be suspended. call",1
"Win a brand new iPhone 13! Hurry, text ""iPhone"" to 87654 and confirm your entry now. Winner announced in 24 hours! Sponsor: TechLoot Ltd. text STOP to opt-out. Standard message rates apply",1
"urgent: claim your £500 cash prize! text ""win"" to 80361, 18+ t&c apply, www.prizewin.com, help 08458338323. offer ends soon!",1
urgent! claim your £500 amazon gift card now. text yes to 07986012345 or call 01234567890 to confirm. offer ends in 2 hours. 18+ t&cs,1
Win $1000 now! Urgent: Click link to claim prize before it's gone: http://winnings.com/prize123  or  Limited time offer: Get a free iPhone 13! Call 1-800,1
"Congratulations! Unclaimed lottery prize of £5000 awaits. Reply ""claim"" to 27345 to verify eligibility. Time is running out!",1
"Urgent! Unclaimed $10,000 prize waiting! Click link to claim: hxxp://scam.site/prize#yourrefcode  Limited time offer: Free iPhone 12! Call 090255512",1
urgent! you've won a brand new iphone 13! claim your prize by calling 1-800-555-1212 or click the link below to verify your info. time is running out! winnow.com/iphone13,1
Urgent: Congratulations! You've won a brand new iPhone 12! Claim now by calling 0845-862-0123 or clicking the link within to verify & collect your prize. Time is running out! #Winner #i,1
win a brand new iPhone X! urgently claim your prize by calling 09012345678. msg cost Â£1.50/min. winner announced in 24 hours. don't miss out!,1
"Urgent: Claim your $10,000 prize before it's too late! Click here: www.winsweepstakes.com/code: ABC123 Unsubscribe: text ""stop"" to 555-555-55",1
"ðŸ’Ž Surprise! You've won a brand new iPhone X! ðŸ“� Call now on 0844-567-8901 to claim your prize! Hurry, offer ends tonight! 18+ only. msg &",1
"Win £500 cash now! Reply ""Jackpot"" to 83210. 18+, 3 msgs/week, max charge £1.50. Winner announced Mon. Privacy policy.  Claim your free Samsung Galaxy S22",1
"Win £1,000 instant cash! Claim now by calling 0845 874 5678. Calls cost 15p/min from mobiles. Hurry, offer ends soon!",1
win a brand new iphone 12! reply win with answer: apple for a chance to claim 09012345678 text STOP to opt out msg & data rates may apply 18+,1
"Breaking news! Unclaimed lottery winnings of £5,000 await you. Call 08457654321 to claim now before it's too late!  Win an iPhone XR and £200 Amazon vouchers!",1
"Win a brand new iPhone 13! Hurry, claim your prize before it's too late. Click here to enter: bit.ly/iphone13giveaway  Limited time offer! Get a free trial of our premium dating service. Meet locals now! D",1
"urgent: unclaimed prize, claim now! www.prizesuccess.net/win #expiressoon  text STOP to quit, text HELP for help, text WIN to claim  message and data rates may apply. 18+ only. invalid",1
"urgent! claim your $1000 amazon gift card now! click link below before it's too late: www.wintogift.com/offer123 ts&cs apply. text STOP to 80055 to opt out, msg &",1
"""Congratulations! You've been randomly selected to receive a brand new iPhone 13! Claim your prize now by calling 0871-253-0123. Standard rate call. Hurry, offer ends soon!""",1
"Win a brand new iPhone 13! Hurry, last chance! Call 08718882222, only 15p/min. Reply STOP to opt out. Winner announced tomorrow!",1
"Win an iPhone X! Click link to claim now: text confirm and number to 08455678901 or call to secure delivery. Hurry, offer ends soon!",1
"Win a brand new iPhone X! Text WIN to 80011, limited time offer, reply HELP for info, 18+ only. www.iphonewin.com t&c's apply, msg costs £1.50 per entry.",1
"Win a brand new iPhone X! Text WINAPPLE to 66111 now, limited time offer! Call 0800-123-4567 for more info.  Unlock a secret prize worth £1000! Click the link:",1
"Win an iPhone 13 Pro Max! Urgent action required, text ""WIN"" to 3456789 and confirm your entry. Limited time offer, don't miss out!",1
"Win an iPhone X! Reply with ""Claim"" or call 08001234567 to confirm delivery. Hurry, offer ends tonight!",1
"urgently claim your $10,000 iTunes gift card, text confirm and share your email to win! act fast, offer ends tonight! txt confirmwin@lottery.com or call 1-800-555-1234 (msg",1
"Win a brand new iPhone 13! Text ""claim"" to 07825 901234 and get your unique code. Hurry, offer ends in 2 hours! 18+, msg & data rates apply.",1
"win a brand new iphone 13! hurry, offer ends in 2hrs. click link to enter: textwiniphone to 80001 (msg & data rates apply)",1
"urgency: you've won an iphone 13! claim now before it's too late, click the link to redeem: [scamlink.com/iphone13] congrats!  prize: unlock 1000 dollars in",1
"Act now! Text ""win"" to 87123 and unlock your chance to claim a brand new iPhone X or £5000 in cold hard cash! Hurry, offer ends soon! 📱💰 #LuckyYou! #WinBig #Limited",1
urgent: claim your £500 amazon gift card! click link to verify eligibility & activate > www.winbigprize.com/uk < offer ends soon!  or  new voicemail: missed call from 0712345,1
"You've won a brand new iPhone 13! Claim it now by calling 09025252525 or texting ""claim"" to 89898. Limited time offer, hurry! (winiphone13team100",1
congratulations! you've won a brand new iphone 13 pro max! claim now by calling 09064321231. code: winiphone. offer valid for 24 hours only!  or  urgent:,1
"prizewin4u: youvewon £1000 amazon vouchers! click link to claim now, offer ends midnight, www.prizewin4u.com/claim123456 #urgent #win #prize #amazon #",1
"urgent: claim your £500 Amazon voucher now! activate at www.winamazon.net or call 09031234567 to confirm. limited time offer, only 50 winners! 18+ 15p/min,",1
"congrats, you've been randomly selected for a free iphone 13! claim now by calling 09065989182 or click the link below. t&cs apply, standard txt rates, winnings may be subject to vat. valid",1
"Attention! You've been randomly selected to receive a brand new iPhone 13! Claim your prize by texting ""win"" to 878787. Limited time offer, claim now! t&c apply: www.iphonewin.net. Call",1
urgent! you've won a brand new iphone 13! claim it now by calling 0800356356 or clicking the link in this text 📲💰 #winner #iphone13 #free #limitedtimeoffer,1
"Win £10,000 today! Urgent: Claim your prize by clicking this link now: http://www.winbig.com/yourcode: AB123456 #LimitedTimeOffer",1
"Attention! Unclaimed lottery winnings of £10,000 await you. Click now to claim: http://www.winningslottery.com/claim10k  Limited time offer! Get a free 1-year Netflix subscription. Activate now",1
"Attention! Unclaimed prize alert: You've won a brand new Samsung Galaxy S21 Ultra. Act fast, claim now at winningnumbers.com/12345 before the offer expires! Code: URGENTWIN. Don't miss out!",1
"Win £10,000 instantly! Call 09012345678 now and press 1 to claim. UK residents only, 18+, call charges apply. Hurry, offer ends soon! #lotterywin #fortune #jack",1
"Win a brand new iPhone 13! Hurry, draw takes place tomorrow. Text CONFIRM to 87156 to confirm entry. Winner announced soon! 18+ only. Msg & data rates may apply. To opt out text STOP. Privacy policy",1
urgent! win iphone 12! text confirm entry to 80011. limited time offer. t&cs apply. 18+ sender: applewin  or  your special surprise! click link to claim: win ipad pro! act fast!,1
"Congratulations! You've won a brand new iPhone 13! To claim, call 0800-123-4567 within the next 2 hours or miss out! #winner #freeiphone #urgentactionrequired",1
"urgent: claim your free iphone 12 now! text ""claim"" to 08001234567 to confirm delivery address. offer expires soon!",1
"Free iPhones for you! Reply ""Claim Now"" to win. Limited time offer! www.iphonegiveaway.com/win123 Stop to opt-out. Text STOP to 555-555-5555.",1
"urgent: claim your £5000 Amazon gift card! call 08445678901 to activate, limited time offer.  winning notification: congratulations! you've won an iPhone 12! call 087123",1
urgent! you've won a brand new iphone 12! claim it now by calling 09065821234 or click the link to confirm your info. congrats! 📱📱 #winner #freeiph,1
"Attention! You've been randomly selected to receive a special prize! Click here to claim your £1,000 winnings: http://www.prizeclaim.com/win1000 Act fast, offer expires soon!",1
"Urgent! You've won a brand new iPhone 13! Claim now by calling 09062234567 or clicking the link below. Don't miss out, limited time offer! text STOP to 78910 for help",1
"You've been selected for a special offer! Win a brand new iPhone 13. To claim, call 08457654321 now and press option 1. Hurry, offer ends tonight!",1
Last chance: claim your £5000 lottery win! Call 09061234567 now or lose your fortune. T&Cs: www.winbig.biz 18+ 150p/min. Please call back,1
urgent: you've won a brand new iphone 13! claim now by calling 0800-123-4567 or click the link in this message to confirm your details. offer valid until midnight tonight! congratulations!,1
"""Congratulations! You've won a brand new iPhone X! Call 0845-123-4567 now to claim, offer ends midnight tonight!""  ""Attention: Your Amazon account is about to be suspended! Save it by clicking the",1
"urgent! congratulations, you've won a brand new iphone 13! claim now by calling 08445678901. code: xmas123. offer ends tonight!",1
"Urgent! Unclaimed prize: £1000 awaits! Call 0845-1234567 now, closing date: 05/11/22. Use code w98x32 for instant entry, limited spots left!",1
"win ï€1000 amazon voucher! act fast, call 0845-123-4567 now & confirm code #XJ321 to claim ur prize! offer ends soon! #shoppingfun #winneralert #",1
"Urgent! Congratulations, you've won a brand new iPhone X! Claim your prize by calling 0800-123-4567 now, valid for 24 hours only. Don't miss out! #win #iphoneX #",1
urgent! your 2023 account bonus: $1000 waiting. claim now at bit.ly/claimprize identifier code: XYZ987 expires 30min  free! enter weekly lottery for BMW X5. text L,1
"Win a brand new iPhone 13! Hurry, text ""iPhone"" to 90210 to claim your prize before it's too late. Limited time offer! valid for next 24 hours only. www.iphonewin.com/1234",1
"Win a brand new iPhone X! Hurry, claim your prize before it's too late. Click the link to confirm your details and receive your device!  OR  Unlock $10,000 in hidden rewards! Call 090580945",1
"urgently claim your £500 Amazon voucher, text confirm to 07825 890321 or call 08001234567 to redeem, offer ends tonight!",1
"Win £10,000 instantly! Claim now at www.lotterywinnings.co/prize321. 18+, UK only. 55p/msg, max 5 msg/day. t&cs apply. gs1",1
"Attention! You've been selected for a special offer: win a brand new iPhone X by texting ""win"" to 85111. Limited time offer, act fast! t&c's: www.iphonexgiveaway.com support: 0",1
"Attention! Your account has been selected for a special promotion: win a brand-new iPhone X! Hurry, claim your prize by calling 09065522121 within the next 2 hours. Use code FREESMAS15. Don'",1
"win a brand new iphone 13! hurry, claim before it's too late. call 09051234567 now to confirm eligibility. std rates apply, max 10 mins. s. no: PO Box 1",1
urgent! claim your £1000 cash prize now! call 09098811222 to verify eligibility. message and data rates apply. win big!  attention! your account is about to be terminated! contact support on 0,1
"Win a brand new iPhone 12 Pro Max! Quick, text ""iPhone"" to 67626 now to enter. Limited spots available! Free to enter, message and data charges may apply. 18+ only. Winner chosen randomly. #luckylittle",1
"""Congratulations! You've been selected for a free iPhone X. Claim now by calling 0800-123-4567 or clicking the link in this message. Offer valid for 24 hours only!""",1
congratulations! you've won a brand new iphone 13. claim it now by clicking this link: [scamlink.com/iphone13] or call 08718726270 to confirm your details. offer valid for,1
urgently claim your $1000 Amazon gift card! click the link below before it expires 💸🛍️ [link]  limited time offer: win an iPhone X! call 1-800-WIN-NOW to confirm,1
"urgent! claim your free iphone x and £5000 cash prize now! text ""winiphone"" to 888-12345, offer expires soon! #limitedstock #winnerannouncedsoon #goodluck #freegift",1
"urgent! win a brand new iphone 13! call 08445678901 now to claim, limited time offer! don't miss out!  lucky winner alert! claim your amazon gift card worth â£500,",1
"Attention: Unclaimed $10,000 iTunes gift card! Claim now by calling 0800-123-4567 or click the link within to secure your prize. Hurry, offer ends soon! #win #itunes #",1
"Win â€œThe Big Money Potâ€ - txt 'Lucky Number' to 66778 to enter, time running out! #URGENT #WIN #MONEY #LOTTERY  Discover your hidden talent - join our exclusive community, txt",1
"win iphone 12 pro max now! text ""yes"" to 85258 to enter, limited time offer, claim yours today! www.iphonewin.com 08458008123 (national rate call)",1
"Win £1000!Claim now by texting ""WIN"" to 888-222. Hurry, offer ends tonight! www.luckywinnings.com 0845-567-8901 (£1/msg)",1
"Congratulations! You've been selected to win a brand new iPhone 13. To claim, call 0845-123-4567 now and provide your IMEI number. Hurry, offer expires soon! #winner #iphone",1
"Congratulations! You've won a brand new iPhone 13. To claim, call 0800-123-4567 before midnight tonight. Don't miss out! #winner #iPhone13 #urgent #claimnow",1
"Win a brand new iPhone 13! Hurry, claim your prize by calling 07825312467 before it's too late. Don't miss out! #iPhoneGiveaway #WinBig",1
Alert! Unclaimed prize: Win a brand new iPhone 13! Click link to claim: m.scamsite.com/iphone13 Limited time offer: Urgently call 0800-955-1234 to confirm delivery,1
"Urgent! Congratulations, you've won a brand new iPhone 13! Call 08445678901 now to claim, offer valid for the next 2 hours. Don't miss out! t&c apply, 18+",1
"Win £10,000! Claim your prize now, call 09080070707, text 'WIN' & send your mobile number. Winner announced in 2 hours. 30p/msg. Over 18s only",1
"Win a brand new iPhone 13! Our system has selected you as a lucky winner. Call 07895 678 901 to claim your prize now. Limited time offer, don't miss out!",1
"urgent! you've won a brand new iphone 13! contact 0845-862-0161 to claim before it's too late! code: XPQ321, 12p/msg. congratulations!",1
"urgent! your account has been upgraded, claim your 1000 bonus points & win a brand new iphone 13! click link: bit.ly/3yjMhBk code: A1B2C3 expires soon! hurry!",1
"win iph13! call 0800-123-4567 now & confirm your delivery address to claim. limited stock! 18+, opt out 07700001111. txt message, std rates apply.",1
"""Congrats! £10K lottery win! Claim now or lose it! Call 0845-123-4567. Code: WIN10K. Valid 24hrs only. 75p/min. txt",1
"win a £500 Amazon voucher! act fast, text ""claim"" to 84243. tscs1234567890 winnow.18+ £2.50/weeksub. hurry, offer ends soon!",1
"congratulations! you've won a brand new iphone 13! call 09032135678 to claim, offer expires soon! txt ""claim"" and your phone number to confirm. standard sms rates apply.",1
"Urgent! Your number +1 (555) 123-4567 has won a $5,000 international prize. Call 0800-123-4567 to claim now! Offer expires in 2 hours",1
"Attention! Your account has been selected for a special promotion: win 5000 dollars now. Reply ""Claim"" to confirm eligibility. Limited time offer, act fast!  Congratulations! You've won a brand new iPhone X. To accept,",1
"""Congratulations! You've won an iPhone X! Claim now by calling 0800-123-4567. Limited time offer, call now to secure your prize!""  ""URGENT: £500 Amazon voucher",1
"Unclaimed prize alert! You've won a brand new iPhone 13! Hurry, call 09021122333 to claim now and activate, only 15p/min, ref: PRIZE1234. Congrats",1
"win a brand new iPhone 13! hurry, contest ends in 2 hours. click the link below to enter & claim your prize! bit.ly/iPhone13giveaway (msg & data rates apply)  or  attention! you've been selected",1
"Urgent! Unclaimed £5000 prize waiting for you. Call now to claim: 0800-123-4567. Hurry, offer expires soon! #winning #lottery #fortune #money #prize #call",1
"Attention! Win a brand new iPhone 13 Pro Max worth £1000. Call 08451234567 now to claim, limited time offer! #winnerannouncedtomorrow #dontmissout #applemania #freeiph",1
"Win big! Click link now to claim your £500 Amazon voucher: [scammylink.com/winbig] Hurry, offer ends in 2 hours! #luckywinner #surprisegift",1
"Attention: Win £10,000! Call 09066371234 now and enter your info at the prompts. Hurry, offer ends soon!  Or:  Urgent: £5,000 cash prize",1
"""Win a brand new iPhone X! Text 'iPhone' to 80055. Limited time offer, claim yours now!""  ""URGENT: Your account is about to be suspended! Renew your subscription at 0901234567",1
"alarming! you've won a brand new iphone 13 pro max! claim now by calling 08458621111, offer expires in 24 hours!  urgent! unclaimed prize of $5000 await",1
Alert! Unclaimed lottery prize worth £5000 waiting for you! Call 0845-765-4321 to claim now or reply with your name to confirm eligibility. (18+)  Amazing deal! Get a,1
"""Mega Lottery Win: Congrats, your number 12345678 was picked! Claim your £10,000 prize by calling 0906432123 now! Text 'Claim' to confirm.""",1
Attention!(phone number)! You've won a brand new iPhone 13! Claim now by calling 0800-987-5522 or click the link: shorturl.com/abc123 #urgent #prize,1
"Win â€śMega Cash Prizeâ€ť! Reply ""Yes"" to 07825321962 to confirm participation. Hurry, offer ends in 2 hours! #LuckyYou #WinBig #PrizeDraw",1
"Congratulations! Your £5000 Amazon gift card is ready for collection. Call 0871-234-5678 now to claim. SMS charges apply, max 5 mins.  Exciting news! You've won an",1
"urgency! claim your £1000 amazon voucher before it's too late! call 09050012345 now to confirm details. std msg rates apply, max 10 mins. winner selected randomly. don't miss",1
"Win a brand new iPhone X! Hurry, call 0871-253-1234 within 2 hours to claim. Message & data rates apply. Enter code: LUCKYAPP. Don't miss out!",1
"urgent! claim your free iPhone 13 now, call 08009559555 before line closes! don't miss out!  or  warning! $10,000 lottery winnings for you, reply ""claim""",1
Win a brand new iPhone 13! Urgent: Claim your prize before it's too late. Click now to confirm your details: winiphone13.com  Unlock a secret discount! Save 70% on designer clothes. Shop now & get free shipping:,1
"Win £1000! Claim your prize now, call 08432183525 or click link: tinyurl.com/prize4u. Hurry, offer ends soon!",1
"Win ô£500 cash! Claim now by calling 0800 055 1234 or click link in next txt! Hurry, offer ends soon! #prize #win #money #callnow #urgent #textback",1
"Urgent! Unclaimed £500 prize! Call 08711112222 now to confirm & collect! 18+, 10p/min. Don't miss out!  Or:  Congrats! You",1
No 1 polyphonic tone 4 u mob every week! only txt pt2 to 87575. 1st free tone ! so get txtin now and tell your friends. 150p/tone. 16 reply hl 4info,1
rt-king pro video club>> Need help? info@ringtoneking.co.uk or call 08701237397 you must be 16+ exchangeable club credits at www.ringtoneking.co.uk! enjoy!,1
8007 free for the 1st week! no1 nokia tone 4 ur maf every week just txt nokia at 8007 get txting and tell partners www.getzed.co.uk pobox 36504 w4 5wq norm 150p/tone 16+,1
local married women looking for discreet action now! 5 real matches instantly to your phone. text correspondence at 69969 msg cost 150p 2 stop txt stop bcmsfwc1n3xx,1
What do you want for Christmas? How about 100 free text messages and a new video phone with half line price rental? Call now at 0800 0721072 to find out more!,1
he if ur lookin 4 Saucy daytime fun wiv busty married woman am free all week next chat now 2 time sorting 09099726429 janinexx callsâ£1/minmobsmorelkpobox177hp51fl,1
"please call our customer service representative at 0800 169 6031 between 10 am and 9 pm, as you have won a guaranteed â £ 1000 cash or â £ 5000 prize!",1
"Congratulations! 1 special year movie pass for 2 is yours. Call 09061209465 now! c suprman v, matrice3, starwars3, etc. All 4 free! bx420-ip4-5we. 150pm. do not miss!",1
gsoh? good with spam the ladies?u can b a male gigolo? 2 do you join the response of the fastest growing men's club of the uk on call. mjzgroup. 08714342399.2stop response stop. msg@â£1.50rcvd,1
"Auction round 4. the highest bid is now â £ 54. next maximum bid is â £ 71. to offer, send bids e.g. 10 (to offer â £ 10) to 83383. good luck.",1
"sms. ac jsco: the energy is high, but you may not know where 2channel. 2 days ur leadership skills r strong. psychic? answer ans w/question. end? answer ans jsco",1
network operator. service is free. for visit of t & c 80488.biz,1
"The police room has been stolen, the cops have nothing to do!",1
You will receive your sound within the next 24 hours. for conditions please see channel u teletext pg 750,1
expensive 0776xxxxxx u've been invited to xchat. this is our last attempt to contact u! txt chat at 86688 150p/msgrcvdhg/suite342/2lands/row/w1j6hl ldn 18yrs,1
You will be torn down! get your mobile content from www.clubmoby.com call 08717509990 poly/true/pix/ringtones/games six downloads for only 3,1
Are you quite unique? discover from August 30th. www.areyouunique.co.uk,1
dirty stories and girls waiting for you,1
as a registered optin subscriber ur draw 4 â€100 voucher will be entered at the reception of a correct ans at 80062 whats no1 in bbc graphics,1
"well done! your 4* costa del soil holiday or â £5000 wait for the collection. Call 09050090044 now toclaim. sae, tcs, pobox334, stockport, sk38xh, costâ £1.50/pm, max10mins",1
life has never been so fun and great until you came in. you made it really special for me. I won't forget you! enjoy @ one gbp/sms,1
we have tried to contact you re your response to our offer of a new fone nokia and camcorder response or call 08000930705 for delivery,1
"Loans for any purpose, even if you have bad credit! Tenants welcome. call noworriesloans.com on 08717111821",1
"freemsg hey u, I just got 1 of these video/pic photos, answer wild to this txt & wrong send or my photos, hurry im so boring at work xxx (18 150p/rcvd stop2stop)",1
"hey boys. want hot xxx pics sent directly 2 ur phone? txt porn to 69855, 24 hours free and then only 50p per day. to stop text stopbcm sf wc1n3xx",1
from 88066 aid lost to £12,1
"Orange customer, you can now claim your free update of the camera phone for your loyalty. call now at 0207 153 9996. offer ends 14thmarch. t&c's apply. opt-out availa",1
"the hottest photos directly to your phone!! see me wet and want, just for you xx photos text at 89555 now! txt costs 150p textoperator g696ga 18 xxx",1
"Do you realize that in 40 years, we'll have thousands of old ladies with tattoos?",1
"Goal! arsenal 4 (henry, 7 v hiverypool 2 results henry with a simple shot from 6 yards of a bergkamp pass to give arsenal a margin of 2 goals after 78 minutes.",1
Winner!! as a valued network customer you were selected to receive a â£900 prize reward!Call 09061701461.Application code kl341. only valid 12 hours.,1
"For a weekly response new tone tone tones2u 2 this text. www.ringtones.co.uk, the rates of network operators n best. tones 3gbp of origin apply",1
What do you want for xmas? How about about 100 free SMS and a new video phone with half-price rental line? Call for free now at 0800 0721072 to find out more!,1
hi 07734396839 ibh Customer retention offer: the new nokia6600 mobile of only £10 at txtauction!txt word:start to no:81151 & get yours now!4t&,1
"Please call our Customer Service Representative on free phone 0808 145 4742 between 9:00-11:00 because you earned a guaranteed amount of £1000 cash or £5,000!",1
"free msg. sorry, a service that you ordered from 81303 could not be delivered as you do not have sufficient credit.",1
urgent! we try to contact you. last weekend's draw shows that you have won a guaranteed £900 prize. call 09061701851.,1
maby pub quiz.win a 100th high street prize if you know who will be the new duchess of cornwall? txt your first name at 82277.unstop â€1.50 008704050406 sp,1
natalie (20/f) invites you to be her friend. answers yes-165 or no-165 see her: www.sms.ac/u/natalie2k9 stop? send stop frnd to 62468,1
babe: u want me including u baby! im bad and have one thing 4 dirtytyguys. fantasy a rude moment with a sexy slut. how about you go slo n hard! txt xxx slo(4msgs),1
"freemsg: claim ur 250 sms messages text ok to 84025 now!use web2mobile 2 ur mates etc. join txt250.com for 1.50p/wk. t&c box139, la32wu. 16. remove txtx or stop",1
"This is the second time we have tried 2 contact & u have won the 750 pound prize. 2 claim is easy, call 08712101358 now! only 10p per min. bt-national rate",1
Call Germany for only 1 pence per minute! Call from a fixed line via the access number 0844 861 85 85. no advance payment. direct access! www.telediscount.co.uk,1
<prepared by 448712403000>please call 08712404000 immediately as an urgent message is waiting for you.,1
Please call our customer service representative at 0800 169 6031 between 10am-9pm as you have won a guaranteed prize of 1000 pounds or 5000 pounds!,1
new textbuddy chat 2 horny guys in ur range 4 only 25p free 2 get search postcode or at gaytextbuddy.com. txt a name to 89693,1
"Congratulations! 2 mobile 3g videophones r yours. call 09061744553 now! videochat wid ur mates, play java games, dload polyh music, noline rentl. bx420. ip4. 5we. 150pm",1
"Today's Voda numbers ending with 7634 are selected to receive a £350 reward. If you have a match, please call 0871230220, the claim code indicates 7684 standard rates.",1
100 service dates cal;l 09064012103 box334sk38ch,1
"eerie nokia tones 4u, rply tone title to 8007 eg tone dracula to 8007 title: ghost, addamsfa, munsters, exorcist, twilight www.getzed.co.uk pobox36504w45wq 150p",1
save money on wedding underwear at www.bridal.petticoatdreams.co.uk choose from an excellent selection with national delivery. brought to you by boyfriend,1
I hope you enjoyed your new content. text stop at 61610 to unsubscribe. help:08712400602450p provided by tones2you.co.uk,1
"Important information for 02 users. Today is your lucky day! 2 find out why , log in to http://www.urawinner.com there is a fantastic surprise waiting for you !",1
"has been specially selected to receive a ""3000 prize! call 08712402050 before the lines are closed. cost 10ppm. 16+. t&cs apply. ag promo",1
December only! was your mobile 11mths+? you have the right to free update the latest mobile color camera! call the mobile update co for free at 08002986906,1
as a registered subscriber and draw 4 to € 100 gift voucher b will be entered at the reception of a correct ans. when are the next Olympic games. txt ans at 80062,1
you have won a guaranteed prize 32000 or maybe even £1000 cash to claim the call for free ur award on 0800 ..... (18+). its legitimate number efreefone wat you think??,1
Urgent! your mobile phone number has been assigned with a bonus call price â£2000. Call 09058095201 from the landline. Valid 12 hours only,1
"Will you meet your dream partner soon? is his 2nd career a flyng start? 2 discover free, txt horo followed by the star sign, for example horo aries",1
You have won a guaranteed 32000 award or maybe even â £ 1000 cash to claim ur award call free on 0800 ..... (18+). its a legitimat efreefone number wat do u think?????,1
sms. ac sptv: New jersey devils and red strait wings play ice hockey. correct or incorrect? end of answer sptv,1
Private! your 2003 account for 07753741225 shows 800 unretrieved points s. i. m. call 08715203677 ID code: 42478 expires on 24/10/04,1
I'd like to tell you my darkest fantasies. Call me 09094646631 just 60p/min. to stop texting call 08712460324 (nat rate),1
"your free ringtone is waiting to be collected. just text the password ""mix"" to 85069 to check. get usher and britney. fml, po box 5249, mk17 92h. 450ppw 16",1
You are now unregistered all services. get tons of sexy babes or hunks directly on your phone! go to http://gotbabes.co.uk. no subscriptions.,1
"Congratulations! Thanks to a good friend u have won the â£2,000 xmas prize. 2 claim is easy, just call 08718726971 now! only 10p per minute. bt-national rate.",1
your next amazing xxx picsfree1 video will be sent to you enjoy! if a video is not enough for 2 days of text again the keyword picsfree1 to get the next video.,1
1000's of girls many local 2 u who r virgins 2 this & r ready 2 4fil or every sexual need. can u 4fil them? cute text at 69911(+1.50p.m),1
Urgent! we try to contact u. Drawing today shows that you have won a â£800 prize guaranteed. call 090500003091 of land line. call c52. only valid12h.,1
"your chance to be on a reality fantasy call now = 08707509020 just 20p per min ntt ltd, po box 1327 croydon cr9 5wb 0870 is a national call = tariff.",1
"text yes to 85023 now! savamob, member offers mobile! t cs 08717898035. â£3.00 sub. 16 . unsub reply x",1
Wonder Mobile play the official ultimate spider man game (â £ 4.50) on ur Mobile now. Text spider on 83338 for the game & we send u a free 8-ball wallpaper,1
free entry in 2 wkly comp to win fa cup final tkts 21 May 2005. text fa to 87121 to receive the entry question (std txt rate) t&c's apply 08452810075over18's,1
07732584351 - rodger burns - msg = we have tried to call you for your answer to our messages for a free nokia mobile + free camcorder. please call now 08000930705 for delivery tomorrow,1
Kit Stripes - They were charged 150p. netcollex ltd. po box 1013 ig11 oja,1
"0a$ networks allow companies to bill for SMS, so they are responsible for their ""suppliers"", just like a store has to give a guarantee about what they sell. b. g.",1
text and meet someone sexy today. u can find a date or even flirt your up u. join 4 just 10p. answer with name and age for example sam 25. 18 -msg recd@thirty8 pence,1
Panasonic & bluetoothhdset free. nokia free. motrola free & doublemins & doubletxt on orange contract. call mobileupd8 on 08000839402 or call 2optout,1
double mins & double txt & 1/2 price linear on the latest mobile orange bluetooth. call mobileupd8 for the latest offers. 08000839402 or call2optout/lf56,1
Urgent! please call 09061743811 from the landline. Your abta free 4* tenerife vacation or â £ 5000 cash waiting collection sae t&cs box 326 cw25wx 150ppm,1
someone you know is trying to contact you through our dating service! to find out who it might be calling from your mobile phone or landline 09064015307 box334sk38ch,1
"you are guaranteed the latest phone nokia, an MP3 player ipod 40gb or a price â£500! txt word: collect to no: 83355! ibhltd ldnw15h 150p/mtmsgrcvd18",1
u have a secret admirer. reveal who thinks u r so special. call 09065174042. to refuse answer reveal stop. 1.50 per msg recd. cust care 07821230901,1
you are now unsubscribed to all services. get tons of sexy girls or buffoons directly to your phone! go to http://gotbabes.co.uk. no subscriptions.,1
I'm 20 years old and I work like a lapdancer. I like sex. text live me - I'm my room now. text read to 89555. by textoperator g2 1da 150ppmsg 18+,1
Do you want a new video phone? 750 at any time any network minutes? half line of free text rental price for 3 months? answer or call 08000930705 for free delivery,1
"last chance! claim ur â£150 discount vouchers today! text yes until 85023 now! savamob, member offers mobile! t cs savamob pobox84, m263uz. â£3.00 subs 16",1
Enjoy the Jamster Videosound Gold Club with your credits for 2 new Videosounds+2 logos+musicnews! more fun from jamster.co.uk! 16+only help? call: 09701213186,1
ur going 2 bahamas! callfreefone 08081560665 and talk to a live operator to claim either bahamas cruise fromâ £ 2000 bar 18+only. to opt out txt x to 07786200117,1
"You have a new message, please call 08712400200.",1
freemsg: fantasy of a flirting? answer the date now and join the fastest growing mobile dating service of uks. msgs rcvd just 25p to optout txt stop at 83021. answer the date now!,1
u r a winner u ave has been specially selected 2 receive £ 1000 cash or a 4* vacation (flights inc) speak to a live operator 2 claim 0871277810710p/min (18 ),1
83039 62735?450 uk break accommodationvouchers terms and conditions apply. 2 claim that must provide your claim number which is 15541,1
Do you want explicit sex in 30 seconds? ring 02073162414 now! costs 20p/min,1
"please call 08712402972 immediately, as an urgent message is waiting for you",1
Thanks 4 your continued support your question this week u give in2 our draw 4 â £ 100 cash. Name of the new us president? txt ans to 80082,1
txt ansr a 82277. â€1.50 sp:tyrone,1
you are a winner who has been specially selected to receive â€1000 cash or a prize â€TM 2000. Talk to a live operator to claim the call 087147123779am-7pm. cost 10p,1
We have tried to contact you re our offer of new 750 video phone at any time any network minutes at half price rent camcorder call 08000930705 or answer for delivery wed,1
freemsg: hey - I am Buffy. 25 and I love to satisfy men. home just feel Raddy. answer 2 c my pix! qlynnbv help0870062117150p to msg send stop to stop txts,1
thesmszone.com allows you to send free anonymous and masked messages..im sending this message from there.. Do you see the potential for abuse???,1
líricalladie (21/f) invites you to be her friend. answer yes-910 or no-910. candle: www.sms.ac/u/hmmross stop? sent stop frnd to 62468,1
"You won't believe it, but it's true. it's amazing txts! answer g now to learn really amazing things that will blow your mind. of o2fwd only 18p/txt",1
Do you want a new video handset? 750 any time any network minutes? unlimited text? camcorder? answer or call now 08000930705 for del sat am,1
"You will be contacted by our partner service from someone you know! to find out who it is, call from your mobile phone or landline on 09064017305 pobox75ldns7",1
ur hmv quiz cash balance is currently â £500 - to maximize ur cash-in now send hmv1 to 86688 only 150p/msg,1
"wan2 win a meet+greet with 4 u westlife or a m8? they are currently on which tour? 1) unbreakable, 2) untamed, 3)unkempt. text 1,2 or 3 to 83049. cost 50p +std text",1
Your mobile number has been awarded a bonus call prize â€2000. Call 09058095201 from the ground line. valid only 12 hours,1
"Boredom of speed dating? try speedchat, txt speedchat up to 80155 if you don't like em txt swap and get a new chatter! chat80155 pobox36504w45wq 150p/msg rcd 16",1
"Urgent! your mobile no 07xxxxxxx won a â£2,000 bonus call prize on 02/06/03! this is the 2nd attempt to reach you! call 09066362231 asap! box97n7qp, 150ppm",1
+123 congratulations - in this week's competition draw or have won the 1450 prize to claim just call 09050002311 b4280703. t&cs/stop sms 08718727868. over 18 just 150ppm,1
rt-king pro video club>> Do you need help? info@ringtoneking.co.uk or call 08701237397 You must redeem 16+ Club Credits at www.ringtoneking.co.uk!,1
okmail: Dear Dave this is your last warning to pick up your 4* holiday tenerife or #5000 cash prize! call 09061743806 from landline. tcs sae box326 cw25wx 150ppm,1
"please call 08712402902 immediately, as an urgent message is waiting for you.",1
"Thank you for your call tone order, reference number x29. Your phone will be charged 4.50. If your tone does not arrive please call customer service 09065989180",1
I don't know u and u don't know me. send cat to 86688 now and find us! only 150p/msg rcvd. hg/suite342/2lands/row/w1j6hl ldn. 18 years or older.,1
free entry in 2 a weekly comp for a chance to win a pod ipod. txt at 80182 to get input (txtstd rate) t&c apply 08452810073 for details 18+,1
"Congratulations! 2 mobile 3g videophones r yours. call 09063458130 now! videochat with your buddies, play java games, dload polyph music, noline rentl.",1
as an opt-in registered subscriber draw 4 to £100 gift voucher will be entered upon receipt of a correct year at 80062 what n° 1 in the charts bbc,1
a â£400 xmas reward is waiting for you! our computer has randomly chosen you from our loyal mobile customers to get a â£400 reward.,1
free for the 1st week! no1 nokia tone 4 ur mobile every week just txt nokia at 8077 get txting and tell partners. www.getzed.co.uk pobox 36504 w45wq 16+ norm150p/tone,1
"u can win â£100 of music gift cards every week from now on txt the word draw to 87066 tscs www.ldew.com skill game,1winaweek, age16.150permessSubscription",1
private! your 2003 account statement to display 800 points s.i.m. not repaid. call 08718738001 ID code: 49557 expires on 26/11/04,1
you haven't heard of u4 for a while. call 4 rude chat private line 01223585334 a cum. wan 2c photos of me gettin fucked then text pix at 8552. 2end send stop 8552 sam xxx,1
"for your chance to win a free Bluetooth headset, then simply answer back with ""adp""",1
Congratulations for awarding either a series of CDs from virgin records or a secret gift guaranteed call 09061104283 ts&cs www.smsco.net â £ 13.50pm about 3mins,1
We tried to call you re your answer to our sms for a video mobile 750 minutes unlimited text + free camcorder response from call 08000930705 now,1
You now have an important customer service announcement. free call 0800 542 0825!,1
"Dear holder of the voucher, to request this offer of weeks, please go to http://www.e-tlp.co.uk/reward. ts&cs apply.",1
"Hot fantasies now call 08707509020 just 20p per min ntt ltd, in box 1327 croydon cr9 5wb 0870..k",1
freemsg: Our records indicate that you may have been entitled to 3750 pounds for the accident you had. for free answer with yes to this msg to request to disable text stop,1
"5 free top polyphonic tons call 087018728737, national rate. get a toppoly tune sent every week, only text subpoly to 81618, â £ 3 per pole. unsub 08718727870.",1
Lord of the Rings: Return of the King in Camp Now!Reply Lotr of 2 June 4 Chance 2 win Lotr soundtrack CDs stdtxtrate.Answer stop to finish txts,1
"Call 090663350750 from your landline. your 4* free ibiza vacation or 10,000 cash await the collection sae t&cs po box 434 sk3 8wp 150 ppm 18+",1
Congratulations ur award-winning 500 cd bonus or 125gift free entry guaranteed 2 100 wkly draw txt music at 87066 tncs www.ldew.com1win150ppmx3age16,1
<published by 88877>free entry in our â£250 weekly comp simply send the word to 88877 now. 18 t&c www.textcomp.com,1
dirty stories and girls waiting for your,1
we have tried to contact you re your response to our offer of a video handset? 750 times any network minutes? unlimited text? camcorder? answer or call 08000930705 now,1
you are a winner you have been specially selected to receive £1000 cash or a prize â £2000. talk to a live operator to claim phone 087123002209 at 7pm. cost 10p,1
Lord of the Rings: King's return in store now! answer lotor for 2 June 4 chance 2 win soundtrack cds stdtxtrate. reply stop to end txts,1
"You are being contacted by our dating service by someone you know! to find out who it is, call from your mobile or landline phone 09064017305 pobox75ldns7",1
"1000's of girls many local 2 &, the r virgins 2 this & r ready 2 4fil ur every sexual need. can u 4fil theirs? text cute to 69911(â£1.50p. m)",1
This message is free. welcome in the new and improved sex and doggystyle club! to unsubscribe from this response stop service. msgs@150p 18 only,1
save money on wedding lingerie at www.bridal.petticoatdreams.co.uk choose from an excellent selection with national delivery. brought to you by wedding friend,1
our mobile phone number has won â£5000 to call us back or ring the hot line demands to 0905005321.,1
great new offer - double minutes and double txt at the best orange rates and get the latest 4 camera phones for free! call mobileupd8 free at 08000839402 now! or 2stoptxt t&cs,1
"January men's sale! Hot gay cat now cheaper, call 08709222922. national price from 1.5p/min cheap to 7.80p/min peak! to stop texts call 08712460324 (10p/min)",1
"You are guaranteed the latest nokia phone, a 40gb ipod mp3 player or a â £500 prize! txt word: collect on no.: 83355! ibhltd ldnw15h 150p/mtmsgrcvd18",1
"please call 08712402578 immediately, as an urgent message is waiting for you",1
"Today's voda numbers ending in 5226 are selected to receive a reward?350. If you have any correspondence, please call 08712300220 citing claim code 1131 standard rate app",1
"3 free tarot texts! discover your love life now! Try 3 free! text luck at 85555 16 only! after 3 free, msgs â£1.50 each",1
important information message for the user of o2. today is your lucky day! 2 find out why log in at http://www.urawinner.com there is a fantastic surprise that awaits you,1
Your weekly cool mob tones are ready to download !This week new tones included: 1) crazy frog axel f>>>> 2) akon-lonely>>> 3) black eyes dont p >>more info in n,1
your single user id is 1172. to remove send stop to 87239 customer services 08708034412,1
free>Rington! reply real or poly eg real1 1. Button 2. dontcha 3. babygoodbye 4. golddigger 5. webeburnin 1. Sound free and 6 more when u join for â £3/wk,1
u 447801259231 have a secret admirer who seeks to make contact with u-find who they r*revel who thinks ur so special-call on 09058094597,1
answer with your name and address and you will receive by mail a week of completely free accommodation at different global locations www.phb1.com ph:08700435505150p,1
Life has never been so fun and awesome until you've entered. You've really made it special for me. I won't forget you! Enjoy @ a gbp/sms,1
not heard of u4 for a while. call 4 rude chat private line 01223585334 to cum.wan 2c pictures of me gettin shaped then text pix to 8552. 2end send stop 8552 sam xxx,1
Urgent! we are trying to contact u. today's draw shows that you have won a prize of 800 € guaranteed. call 09050001295 from the earthline. claim a21. valid only 12 hours,1
"This is the second time that we have tried to contact u. u have won the â £ 400 prize. 2 claim is easy, just call 087104711148 now! only 10p per minute. bt-national-rate",1
freemsg: hey - I'm buffy. 25 and love to satisfy men. at home alone feeling randy. answers 2 c my pix! qlynnbv help08700621170150p a msg send stop to stop txts,1
"The balance is now at £600. next question: complete the benchmark, great, a. bob, b. barry or c. ben ?. text a, b or c to 83738. good luck!",1
"Download as many ringtones as u as no restrictions, 1000s 2 choose. u can even send 2 yr Buddys. txt Sir 80082 â £3",1
free video phones with half-price rental line for 12 mths and 500 minutes cross ntwk 100 txts. call mobileupd8 08001950382 or call2optout/674,1
reminder: you have not downloaded the content you have already paid. goto http://doit. mymoby. tv/ to collect your content.,1
"congratulations - thanks to a good friend u have won the prize â £2,000 xmas. 2 claim is easy, just call 08712103738 now! only 10p per minute. bt-national-rate",1
Tap Txt of which there are 80082 to enter weekly draw 4 a £250 gift voucher 4 a store of choice of year. t&cs www.tkls.com age16 to stoptxtstopâ £1.50/week,1
With which flower is it compared? d= violet e= tulip f= lily txt d e o f to 84025 now 4 chance 2 win â€100 in cash wkent/150p16+,1
Urgent! we try to contact u. Drawing today shows that you have won a â£800 prize guaranteed. call 0905.0001295 from land line. call a21. only valid 12hs,1
I hope you enjoyed your new content. text stop to 61610 to unsubscribe. help:08712400602450p provided by tones2you.co.uk,1
private! Your 2003 account statement for shows 800 un-redeemed s. i. m. Points. Call 08715203652 Code: 42810 runs from 29/10/0,1
Free 4 star ibiza vacation or 10.000 € cash needs your urgent collection. 09066364349 now from landline to not lose! box434sk38wp150ppm18+,1
Urgent! please call 09061743810 from the landline. Your abta free 4 * tenerife vacation or #5000 cash waiting collection sae t&cs box 326 cw25wx 150 ppm,1
"Today's Vodafone numbers, ending with 0089 (my last four digits), are selected to receive a £350 award. If your number fits, please call 09063442151 to receive your £350 award.",1
"double mins & 1000 txts on orange prices. last motorola, sonyericsson & nokia with free bluetooth! call mobileupd8 to 08000839402 or call2optout/hf8",1
Hi I am Sue. I am 20 years old and work as lapdayer. I love sex. text I live - I am my bedroom now. text sue 89555. by textoperator g2 1da 150ppmsg 18+,1
win a â £ 1000 cash prize or a prize worth â £ 5000,1
NETHERLANDS AND NETHERLANDS,1
get the officer from England poly ring tone or color flag on your mobile for tonight game! text tone or flag at 84199. optout txt eng stop box39822 w111wx â€1.50,1
1st wk free! gr8 tones str8 2 u per wk. txt nokia on 8007 for classic nokia tones or on 8007 for polys. nokia/150p poly/200p 16+,1
"smsservices. for your including text credits, pls goto www.comuk.net login= 3qxj9 unsubscribe at no additional charge. help 08702840625.comuk. 220-cm2 9ae",1
You can donate € 2.50 to unicef's Asian tsunami disaster support funds by donating to 864233. € 2.50 will be added to your next bill,1
"orange customer, you can now claim your free camera phone upgrade for your loyalty. Call now to 0207 153 9996. Offer ends 14thmarch. t&c's apply. opt-out available",1
okmail: dear dave this is your last message to collect your 4 * Tenerife holiday or #5000 Cash Award! call 09061743806 from the landline. tcs sae box326 cw25wx 150ppm,1
"We know someone you know who dreams you. Call 09058097218 to find out who. pobox 6, ls15hb 150p",1
"Customer service announcement. we have recently tried to make you a delivery, but have not been able to do so, please call 07099833605 to re-program. ref:9280114",1
free tones hope you enjoyed your new content. text stop to 61610 to subscribe. help:08712400602450p provided by tones2you.co.uk,1
Good luck! draw takes place 28 feb 06. good luck! for removal send stop to 87239 customer service 08708034412,1
Important information 4 orange users . Today is your lucky day!2 find out why it is a fantastic surprise awaits you on http://www.urawinner.com!,1
can u get 2 phone now? I want chat 2 set up meet call me now 09096102316 u can cum 2moro luv jane xx callsâ £1/minmoremobsemspobox45po139wa,1
"lookatme!: Thanks for buying a video clip from lookatme!, you have loaded 35p. think you can do it better? why not send a video in a mmsto 32323.",1
we have tried to contact you re your reply to our video phone offer 750 at any time any network mins half price line rental camcorder reply or phone 08000930705,1
bought a ringtone and now get texts costing 3 pounds offering more tones etc.,1
"(shraccob. shracomorsglsuplt)10, ls1 3aj",1
The police have nothing to do!,1
How about getting in touch with the people who are waiting for the company? just txt back your name and age to choose! enjoy the community (150p/sms),1
"guess what! someone you know secretly, fantasies you! do you want to find out who it is? call us at 09065394973 from the landline datebox1282essexcm61xn 150p/min 18",1
free video camera phones with medium rental price line for 12 mths and 500 minutes ntwk cross 100 txts. call mobileupd8 08001950382 or call2optout/674,1
burger king - want to play footy in a top stadium? get 2 burger king before the 1st Sept and go big or super with coca-cola and go out of a winner,1
join the uk's horny dogging service and u can sex 2nite!. just log in and follow the instructions. txt entry to 69888 now! nyt.ec2a.3lp.msg@150p,1
freemsg: 1 month unlimited free calls! enable smartcall txt: call n°: 68866. subscriptn3gbp/wk unlimited calls help: 08448714184 stop?txt stop landlineonly,1
Camera - You will receive a sipix digital camera! call 09061221066 from the landline.Delivery within 28 days,1
<forwarded from 21870000>hi - this is your email alert mailbox sms. you have 4 messages. you have 21 matches. please call 09056242159 to recover your messages and matches,1
promotion number: 8714714 - ur assigned a city break and could earn a 200 £ summer shopping spree every wk. txt store to 88039 . skilgme. tscs087147403231winawk!age16 â£1.50perwksub,1
Do you want a new video phone? 750 at any time any minutes network? unlimited text? camcorder? answer or call now 08000930705 for sat am,1
1st free wk! gr8 tones str8 2 or each wk. txt nokia in 8007 for classic nokia tones or hit in 8007 for polys. nokia/150p poly/200p 16+,1
freemsg:feelin somehow hope u like 2 keep me company! jst got a cam moby will c my pic?txt or answer date to 82242 msg150p 2rcv hlp 08712317606 stop to 82242,1
xmascoming & ur rewarded either â€TMTMTMTMTMTMTMTMTMTMTMTMTMTMTMTMTMTMTMTMTMTMTMTMTMTMTMTMTMTMTMTMTMTMTMTMTMTMTMTMTMTMTM87066tnc www.ldew.com1win150ppmx3age16Subscription,1
"January men's sale! hot gay chat now cheaper, call 08709222922. National rate 1.5p/min cheap at 7.8p/min peak! to stop calling messages 08712460324 (10p/min)",1
"09066362231 urgent! your mobile no 07xxxxxxx won a bonus call prize of £2,000 on 02/06/03! this is the 2nd attempt to reach you! call 09066362231 as soon as possible!",1
Why does it take so little time for a child who fears darkness to become a teenager who wants to stay out all night?,1
"Remembrance of o2: at 2.50 pounds free call credit and details of large offers pls reply 2 of this text with your valid name, house number and postal code",1
Urgent! we try to contact u. Drawing today shows that you have won a â£800 prize guaranteed. call 090500003091 from land line. call c52. only valid 12 hours,1
"free nokia or motorola with up to 12mths 1/2price linerental, 500 free x-net mins&100txt/mth free b'tooth*. Call mobileupd8 at 08001950382 or call 2optout/d3wv",1
Call Germany for just 1 penny per minute! Call from a fixed line via access number 0844 861 85 85. no prepayment. direct access!,1
"for our chance to win a â £ 250 money each wk txt: action on 80608. t's&c www.movietrivia.tv custcare 08712405022, 1x150p/wk.",1
you are a winner who has been specially selected to receive â€1000 cash or a prize â€2000. talk to a live operator to claim the call 087123002209am-7pm. cost 10p,1
back 2 work 2morro half time over! can u c me 2nite 4 some sexy passion b4 have I 2 go back? chat now 09099726481 luv dena calls â£1/minmobsmorelkpobox177hp51fl,1
"Do you want to have 2nite sex? Do you want choked real places sent directly to your mobile? join the largest choking network in the UK. txt park at 69696 now! nyt. ec2a. 3lp â€ 1,50/msg",1
"Your mobile was awarded a bonus prize of €1,500 on 27/6/03. our final attempt 2 contact u! call 08714714011",1
"Hi, I'm Amy, we'll send you a free phone number in a couple of days, which will give you access to all the adult parties...",1
you have won a 7250i nokia. this is what you get when you win our free auction. to participate send nokia to 86021 now. hg/suite342/2lands row/w1jhl 16+,1
free entry 1st week 2 textpod 4 a chance 2 win 40gb ipod or £250 cash each wk. txt pod at 84128 ts&cs www.textpod.net custcare 08712405020.,1
18 t&c www.textcomp.com,1
Warner Dorf 83118 c colin farrell in swat this wkend @warner Dorf & get 1 free med. Popcorn! show only msg+ticket@kiosk.valid 4-7/12. c t&c @kiosk. answer sony 4 mre film offers,1
xmas iscoming & ur receives either £500 cd gift vouchers & free entry 2 r â £100 weekly print txt music at 87066 tnc www.ldew.com1win150ppmx3age16 subscription,1
SMS auction - a brand new nokia 7250 is up 4 auctions today! auction is free 2 join and take part! txt nokia at 86021 now!,1
"for the chance to earn £250 of money each wk txt: action at 80608. t&c's www.movietrivia.tv custcare 087124050022, 1x150p/wk",1
"This is the second time we have tried 2 contact & u have won the 750 pound prize. 2 claim is easy, call 08718726970 now! only 10p per min. bt-national rate",1
denied a loan? secured or unsecured? can not get credit? call for free now 0800 195 6669 or text back 'Help' & we will!,1
"Thanks for your call tone order, ref number r836. Your phone will be charged €4.50. If your tone does not arrive please call customer services at 09065069154",1
get a free movie mobile video player for free. to pick up the text go to 89105. it's free! additional movies can be ordered t's and c's apply. 18 years only,1
"ree entry in 2 a weekly comp for a chance to win an ipod. txt pod to 80182, to get entry (std txt rate) t&c's application 08452810073 for details 18+",1
"pdate_now - double minutes and 1000 txts at orange rates. latest motorola, sonyericsson & nokia & bluetooth free! call mobileupd8 at 08000839402 or call2optout/!yhl",1
08714712388 between 10:00 a.m. and 7:00 p.m. cost 10p,1
you have won a guaranteed 32000 prize or maybe even â€1000 cash to claim our free prize call at 0800.... (18+). is a legitimate number efreefone wat u think????,1
"for your chance to win a free bluetooth helmet then just answer with ""adp""",1
Great news! call freefone 08006344447 to claim your warranty of â€TM 1000 cash or â€TM 2000 gift. talk to a live operator now!,1
"Please contact us at http://www.e-tlp.co.uk/expressoffer ts&cs. to stop texts, txt stop to 80062",1
hmv bonus special 500 pounds real hmv coupons are won. simply answer 4 simple questions. play now! send hmv to 86688 more info:www.100percent-real.com,1
"freemsg: our records indicate that you may be entitled to 3,750 pounds for the accident you had to. to ask for a free answer with yes to this msg. to refuse the text stop",1
has an important premier customer service announcement.,1
panasonic & bluetoothhdset free. nokia free. motorola free & doublemins & doubletxt on orange contract. mobileupd8 on 08000839402 call or call 2optout,1
Urgent! we try to contact u. today's draw shows that you have won a guaranteed £800 prize. Call 09050003091 of the terrestrial line.,1
You are a winner u have been specifically selected to receive 2 â £ 1000 cash or a 4* holiday (flights inc) talk to a live operator 2 claim 0871277810810,1
I am 20 years old and work as a lapdancer. I love sex. text me live - i'm i my bedroom now. text sue to 89555. by textoperator g2 1da 150ppmsg 18+,1
We have tried to contact you for your answer to our offer of a 750 video phone at any time any network minutes half line price video camera rental answer or call 08000930705,1
"Urgent! You have a 1 week free membership in our â£100,000 prize jackpot! txt the word: claim to No: 81010 t&c www.dbuk.net lccltd pobox 4403ldnw1a7rw18",1
hard live 121 chat only 60p/min. Choose your girl and connect live. call now 09094646899! cheap chat uk largest live service. vu bcm1896wc1n3xx,1
"free msg. Sorry, a service that you ordered from 81303 could not be delivered because you do not have enough credit. please complete to receive the service.",1
free top ringtone -sub a ringtone-get weekly 1st week free-send subpoly to 81618-?3 per week-stop sms-087187277870,1
Join the most horny uk heist service and you can have sex 2nite!. just register and follow the instructions. entry txt to 69888 now! nyt.ec2a.3lp.msg@150p,1
new textbuddy chat 2 guys excited in the ur zone 4 just 25p free 2 receive the postal search code or at gaytextbuddy.com. txt a name at 89693. 08715500022 rpl stop 2 cnl,1
u subscribe to the best mobile content service in uk for â£3 per ten days until you send stop at 83435. helpline 08706091795.,1
someone met our dating service and entered your phone because they want you! to find out who it is call from the landline 09111030116. pobox12n146tf15,1
your next amazing video xxx picsfree1 will be sent to you enjoy it! if a video is not enough for 2 days of text back the keyword picsfree1 to get the next video.,1
Valentines special day! earn more than £1000 in our quiz and take your partner on the journey of a life! send go to 83600 now. 150p/msg rcvd. custcare:0871872001.,1
ur hmv quiz cash-balance is currently at £500 - to maximize ur cash-in now send hmv1 to 86688 only 150p/msg,1
send a logo 2 ur lover - 2 names joined by a heart. txt love name1 name2 mobno eg love adam ve 07123456789 to 87077 yahoo! pobox36504w45wq txtno 4 no ads 150p,1
"Hello, this is mandy sullivan calling from hotmix fm... you are chosen to receive €5000.00 in our Easter prize draw....please call 09041940223 to claim before 29/03/05 or your prize will be transferred to another person....",1
"5 high polyphonic tones free at 087018728737, national rate. get a toppoly air sent every week, just subpoly text at 81618, â£3 per pole. unsub 08718727870.",1
hope you enjoyed your new content. text stop to 61610 to subscribe. help:08712400602450p provided by tones2you.co.uk,1
Private! your 2003 account account for shows 800 unretrieved points s.i.m. called 08715203685 identifier code:4xx26 expires on 13/10/04,1
you have won! as a valued Vodafone customer our team has chosen you to win a prize of 150 €. to collect is easy. just call 09061743386,1
"themob> review our new selection of content, games, tones, gossip, girls and sports, keep your mobile fit and funky wap text to 82468",1
"Fantasy football is back on your TV. to heaven gamestar on sky active and play â £ 250k dream team. Scoring starts on Saturday, so register now!sky opt out to 88088",1
freemsg: our records indicate that you may be entitled to 3750 pounds for the accident you had. to claim for free response with yourself to this msg. to opt for the text stop,1
freemsg: 1-month unlimited free calls! Turn on smartcall txt: call to number: 68866. subscriben3gbp/wk unlimited calls help: 08448714184 stop?txt stop landline only,1
"Today voda numbers end 1225 are selected to get a â £ 50award. if you have a match, please call 0871230220 quote Claim Code 3100 default rates app",1
themoob>yo yo-here comes a new selection of hot downloads for our members to get for free! just click and open the following link sent to ur fone ...,1
They have been specially selected to receive a 2000 pound award! call 08712402050 before closing the line. cost 10ppm. 16+. t&cs apply. ag promo,1
urgent! we try to contact you. last weekend pulling shows that you have won a â£900 prize guaranteed. call 09061701851. call code k61. only valid 12hours,1
Natalja (25/f) invites you to be her friend. answer yes-440 or no-440 candle: www.sms.ac/u/nat27081980 stop? send stop frnd to 62468,1
private! Your 2003 account statement for 07808 xxxxx shows 800 un-redeemed s. i. m. Points. Call 08719899217 ID code: 41685 runs from 07/11/04,1
monthly password for wap. mobsi.com is 391784. use your phone wap no pc.,1
free for the first week! no1 nokia tone 4 or mobile every week only txt nokia to 8077 get txting and tell your colleagues. www.getzed.co.uk pobox 36504 w45wq 16+ norm150p/tone,1
ur cash-sole is currently 500 pounds - to maximize ur cash-in now send go to 86688 only 150p/meg. cc: 0871872001 hg/suite342/2lands line/w1j6hl,1
"Congratulations! 1 year of special cinema pass for 2 is yours. Call the 09061209465 now! c supraman v, matrix3, starwars3, etc. 4 free! bx420-ip4-5we. 150pm. don't miss!",1
I'm hot n horny and ready to live locally to you - text to hear an answer strt back from me 150p per msg netcollex ltdhelpdesk: 02085076972 reply stop to end,1
sun quiz! win a super sony dvd recorder if you can name the capital of Australia? text mquiz at 82277. b,1
Free video camera phones with half-price line rental for 12 mths and 500 cross ntwk minutes 100 txts. Call mobileupd8 08001950382 or call2optout/674&,1
urgent! your mobile number has been awarded with a prize of 2000 € guaranteed. call 09058094454 from the earth line. claim 3030. valid only 12hrs,1
freemsg hi baby wow just has a new cam moby. will c a hot pic? or craving a chat?im w8in 4utxt / rpm chat to 82242 hlp 08712317606 msg150p 2rcv,1
"Thank you for your ringtone order, ref n° r836. your mobile will be charged â£4.50. if your tone does not arrive please call customer service at 09065069154",1
"gr8 Polytones 4 all mobs directly 2u Rply with poly title to 8007 zB Poly breathing1 Title: crazyin, Sleepingmit, finest, ymca :getzed.co.uk pobox365o4w45wq 300p",1
"double minutes and txts 4 6 months bluetooth free in orange. available in sony, nokia motorola phones. call mobileupd8 at 08000839402 or call2optout/n9dx",1
Call 09095350301 and send our girls into erotic ecstasy. only 60p/min. to stop texts call 08712460324 (nat rate),1
"you have won tkts in the final of the Euro 2004 cup or £800 cash, to collect at the number 09058099801 b4190604, pobox 7876150ppm",1
u has a secret admirer who is looking for 2 make contact with u-discover who r* reveals who thinks u so special-called on 09065171142-stopsms-087187278770150ppm,1
4mths half price orange rental line and the latest phones with camera 4 free. had your phone 11mths+? call mobiledirect free on 08000938767 to upgrade now! or2stoptxt t&cs,1
romcapspam everyone around should respond well to your presence since you are so hot and outgoing. you bring a real breath of sun.,1
Please call 09061213237 from a landline. +5000 cash or 4* vacation wait collection. t &cs sae po box 177 m227xy. 16+,1
You have won a guaranteed â £ 1000 cash or a â £ 2000 prize. to claim yr prize call our customer service representative on 08714712412 between 10 am to 19 pm cost 10p,1
"sun hols. to claim ur med holiday send a self-direction stamp about drinks on us uk, po box 113, bray, wicklow, eire. contest starts Saturday! unsub stop",1
Meeting: I had two of these. only started after I sent a text to talk sports radio last week. Any connection do you think or coincidence?,1
want explicit sex in 30 seconds? ring 02073162414 now! costs 20p/min gsex pobox 2667 wc1n 3xx,1
congratulations u can claim 2 vip range tickets 2 c blu concert in November or blu gift guaranteed phone 09061104276 to claim ts&cs www.smsco.net costâ £3.75max,1
"have what it takes to take 2 at the wrc rally in oz? u can use lucozade energy! Text Rally le 61200 (25p), see Packs or lucozade.co.uk/wrc & itcould be u!",1
your mobile has had 11 months or more? u r is entitled to update the latest color mobiles with camera for free! call the mobile update co for free at 08002986030,1
your 2003 account statement for 07808 xxx shows 800 unreviewed points s. i. m. call 08719899217 ID code: 41685 expires on 07/11/04,1
make your garden ready for summer with a free selection of summer onions and seeds worth â £ 33:50 only with the Scotsman on this Saturday. go2 notxt.co.uk stop,1
Valentines days special! earn more than 1000 pounds in our contest and take your partner on the journey of your life! send go to 83600 now. 150p/msg rcvd. custcare:0871872001.,1
you have earned a guaranteed amount of £1000 in cash or a price of £2000. to claim the yr price call our customer service representative at 08714712379 between 10am-7pm cost 10p,1
Guess what! Someone you know secretly like! Want to know who it is? Call us at 09065394514 from the fixed date box1282essexcm61xn 150p/min 18,1
more people are dogging in your region now. call 09090204448 and join like mine guys. why not arrange 1 itself. it's 1 tonight. aâ£1.50 minapn ls278bb,1
85233 free >ringtone!response real,1
answer to win â£100 weekly! which professional sport the tiger woods play? send the stop to 87239 to finish the service,1
Do you want to get fucked tonight? want real doggystyle places sent directly 2 ur mob? join the biggest doggystyle network of the uk bt txting gravel at 69888! nt. ec2a. 31p.msg@150p,1
ringtone club: get the uk singles chart on your mobile every week and choose any top quality ringtone! this message is free.,1
Free entry in 2 a wkly comp to win fa cup final tkts 21 May 2005. Text fa to receive 87121 incoming question(std txt rate)t&c's apply 08452810075over18's,1
jamster! to get your free heart text wallpaper to 88888 now! t&c apply. 16 only. need help? call 08701213186.,1
here is your discount code rp176781. more messages stop reply. www.regalportfolio.co.uk. Customer Service 08717205546,1
You have a new message. Please call 08718738034.,1
Free entry into our â£250 weekly comp simply send the word giving to 84128 now. 18 t&c www.textcomp.com cust care 08712405020.,1
4mths half price orange line rental & the latest camera phones 4 for free. did your phone 11mths+? Call mobilesdirect for free to update to 08000938767 now! or2stoptxt t&cs,1
Thanks for the vote. now sing with the stars with karaoke on your mobile. for a free link just answer with singing now.,1
I am hot n horny and willing to live local for you - text an answer to listen strt behind me 150p per msg netcollex ltddhelpdesk: 02085076772 response stopped until the end,1
Important information 4 user orange 0796xxxxxx. today is ur day of luck!2 discover why you connect to http://www.urawinner.com there is a fantastic price waiting for you!,1
How about getting in touch with people waiting by company? You only have your name and age to choose from! Enjoy the community (150p/sms),1
romcapspam everyone around must be responding well to your presence as you are so warm and extroverted. you are bringing a real breath of sun.,1
freemsg today is the day if you are ready! i'm horny & live in your town. i love sex fun & games! netcollex ltd 08700621170150p per msg reply stop to end,1
sexy sexy cum and text me im wet and hot and ready for a bit of porn! u up for a bit of fun? this msg is recd free msgs 150p inc vat 2 cancel text stop,1
"urgent urgent! we have 800 free flights to Europe to give away, call b4 10 sept and take a friend 4 free. call now to claim at 09050000555. ba128nnfwfly150ppm",1
83039 62735=â £450 uk break accommodationvouchers terms and conditions apply. 2 claim you must provide your claim number which is 15541,1
"Don't forget, you can call as many free requests with 1stchoice.co.uk as you want. for more information 08707808226.",1
"You won't believe it, but it's true. it's incredible txts! answers g now to learn really amazing things that will blow your mind. by o2fwd only 18p/txt",1
urgent! your mobile number has been assigned with a price of £2000 guaranteed. phone 09061790126 from the landline. claim 3030. valid 12 hours only 150ppm,1
our cash balance is currently 500 pounds - to maximize our cash-in now send go to 86688 only 150p/msg. cc: 08718720201 po cash 114/14 tcr/w1,1
"Urgent! your mobile n° 077xxx won a prize of £2,000 bonus on 02/06/03! this is the 2nd attempt to reach you! call the 0906636206 asap! box97n7qp, 150ppm",1
"hi babe his chloe, how r u? I was smashed on Saturday night, it was great! how was your weekend? u missing me? sp visionsms.com text stop to stop 150p/text",1
not 1 ton polyphonic 4 ur maf every week! just txt pt2 to 87575. 1 ton free! then get txtin now and tell your friends. 150p/ton. 16 reply hl 4info,1
Dear voucher holder 2 claim your first-class airport lounge passes by using your holiday bonus called 08704439680. when booking quote 1st class x 2,1
Call Germany for just 1 penny per minute! Call from a fixed line via access number 0844 861 85 85. no prepayment. direct access! www.telediscount.co.uk,1
"Congratulations! thanks to a good friend or have won the prize â€ ¢ 2,000 xmas. 2 claim is easy, just call 08718726971 now! only 10p per minute. bt-national-rate.",1
"Thank you for ordering your ringtone, reference number x49. Your phone will be charged 4.50. if your tone does not arrive, please call customer service 09065989182. from: [color=red]text[/color]txtstar",1
"free-message: jamster!get the crazy frog sound now! for poly text mad1, for real text mad2 to 8888. 6 crazy sounds for only 3 gbp/week! 16+only! t&c's apply",1
"Simonwatson5120 has been the subject of an auction on the shinco dvd plyr. 2 times, visit sms. ac/smsrewards 2 final tender notices, response ends",1
ur tonalxs subscription has been renewed and you have been charged €4.50. you can choose 10 more cops this month. www.clubzed.co.uk *billing msg*,1
"Your mobile phone No. 07808726822 was awarded on 02/09/03 with a â£2,000 bonus caller prize! this is our 2nd attempt to contact you!",1
Today’s 1225-ending voda numbers are selected to receive a prize â€50award. if you have a match please call 08712300220 quoting claim code 3100 standard rates app,1
"sales male spjanuaire! hot gay cat now cheaper, call 08709222922. national price from 1.5p/min cheap to 7.8p/min peak! to stop texts call 08712460324 (10p/min)",1
"for the chance to win at £250 each wk txt: play at 83370. t&c's www.music-trivia.net custcare 08715705022, 1x150p/wk.",1
"had his mobile contract 11 mnths? last motorola, nokia etc. all free! double minutes and text in orange rates. text yes for callback, not to remove from records.",1
This message is free. welcome to the new improved sex and doggystyle club! to unsubscribe from this service response stop. msgs@150p 18+only,1
Would you like to see my xxx photos that are so hot that they were almost banned in the UK!,1
We tried to contact you re your answer to our offer of a video phone? 750 anytime any networks minutes? unlimited text? camcorder? answer or call 08000930705 now,1
"To check and keep the fantastic nokia n-gage game deck with club nokia, go 2 www.cnupdates.com/newsletter.",1
This is our second attempt to contact u. your prize â€900 yesterday is still waiting for the collection. to claim call now 09061702893,1
"Congratulations! 2 mobile 3g videophones r yours. Call 09063458130 now! videochat wid your mates, play java games, download polyf music, noline rental.",1
xmas prize draws! we try to contact & today Draw shows that you have won a â£2000 prize guaranteed. call 09058094565 from land line. only valid 12 hours,1
What do you want for xmas? like about 100 free SMS & a new video phone with half-price line rental? Call now for free on 0800 0721072 to learn more!,1
block breaker now comes in luxury format with new features and great t-mobile graphics. buy for just â £5 responding get bbdeluxe and meet the challenge,1
urgent! this is the second attempt to have won contact u!u â £ 1000call 09071512432 b4 300603t&csbcm4235wc1n3xx.calcost150ppmmobilesvary. maxâ £ 7. 50,1
network operator. the service is free. for visit t & c 80488.biz,1
cds 4u: congratulations on the award of 500 pounds sterling gift certificates or 125 pounds sterling guaranteed gift & free entry 2 pounds sterling music xxt to 87066 tncs www.ldew.com1win150ppmx3age16,1
Congratulations ur award winning 500 cd bonus or 125gift free entry guaranteed 2 100 wkly draw txt music to 87066,1
"text82228>> More ringtones, logos and games are available from www.txt82228.com. Questions: info@txt82228.co.uk",1
cashbin.co.uk (earn a lot of cash this weekend!) www.cashbin.co.uk welcome this weekend we have our biggest and best ever to give away cash!! this..,1
"Today, the numbers of vodafone ending with 4882 are selected to receive a prize â£350. if your number corresponds to the call 09064019014 to receive your prize â£350.",1
"Urgent! call 09066612661 from the landline. Your complementary 4* tenerife vacation or â £ 10,000 cash waiting collection sae t&cs po box 3 wa14 2px 150ppm 18+ Sender: hol offer",1
Free 1 week entry 2 textpod 4 one chance 2 win 40gb ipod or 250 cash each wk. txt pod at 84128 ts&cs www.textpod.net custcare 08712405020.,1
"think ur smart ? win â£200 this week in our weekly quiz, text play at 85222 now! t&cs winnersclub po box 84, m26 3uz. 16+. gbp1.50/week",1
"Welcome to select, an o2 service with added benefits.You can now call our specially trained advisors for free from your mobile by dialing 402.",1
"for our opportunity to win a â€ ¢ 250 cash each wk txt: action at 80608. t's&c's www.movietrivia.tv custcare 08712405022, 1x150p/wk.",1
"Free ringing just text ""polys"" to 87131. then every week get a new tone. 0870737910216years only â£1.50/wk.",1
email alarmfrom: jeri stewartsize: 2kbssubject: low-cost prescripiton drvgso lists to email call 123,1
"Customer Service Announcement. We have recently tried to make a delivery to you, but were not able to do this, please call 07099833605 to re-plane. ref:9280114",1
You have won a guaranteed prize of €200 or even €1000 in cash to claim the free prize call at 08000407165 (18+) 2 stop getstop at 88222 php. rg21 4jx,1
freemsg:feelin sort of hope u like 2 keep me company! jst got a cam moby waiting c my pic?txt or the date of response to 82242 msg150p 2rcv hlp 08712317606 stop at 82242,1
Hello customer loyalty offer: the new novia6650 mobile from only â £ 10 at txtauction! txt word: start to no: 81151 & get yours now! 4t&ctxt tc 150p/mtmsg,1
"xxxmobilemovieclub: To use your credit, click on the wap link in the next txt message or click here> http://wap. xxxmobilemovieclub.com?n=qjkgighjjgcbl",1
free entry 1st week 2 textpod 4 a chance 2 win 40gb ipod or £250 cash each wk. txt vpod at 81303 ts&cs www.textpod.net custcare 08712405020.,1
u have a secret admirer who is looking to make contact with u-find who they r*revel who thinks ur so special-call on 09058094599,1
someone contacted our dating service and entered your phone because they want you! to know who it is called from a landline 09111032124 . pobox12n146tf150p,1
Urgent! we are trying to contact you. last weekends draw shows that you have won a prize of 900 € guaranteed. call 09061701939. claim code s89. valid only 12 hours,1
"This is the second time we have tried 2 contact u. u have won the prize of 750 pounds. 2 claim is easy, call 08712101358 now! only 10p per min. bt-national-rate",1
u have a secret admirer who searches 2 make contact with u-find out who they r*reveal who thinks ur so special call to 09065171142-stopsms-08,1
"want funk up ur fone with a weekly new tone response sounds2u 2 this text. www.ringtones.co.uk, the original n best. tones 3gbp network operators prices apply",1
themszone.com allows you to send free anonymous and masked messages..in sending this message from there..You see the potential for abuse???,1
"Thank you for your call tone order, reference number x49.Your phone will be charged 4.50.If your tone does not arrive please call customer service 09065989182",1
You have won a â€1000 cash or a prize â€â€TM to claim the Yer award call our customer service representative at,1
great new offer - double minutes & double txt on best orange rates and get latest camera phones 4 free! mobileupd8 free on 08000839402 now! or 2stoptxt t&cs,1
"urgent - call 09066649731 from landline. your 4 * free ibiza vacation or 10,000 cash wait for collection sae t&cs po box 434 sk3 8wp 150ppm 18+",1
expensive subscriber ur draw 4 to £100 gift voucher will be entered on receipt of a correct year. when elvis presleys birthday? txt reply to 80062,1
sports fans - get the latest sports news str* 2 u mobile 1 wk free plus a txt free pitch sport at 8007 www.getzed.co.uk 0870141701216+ standard 4txt/120p,1
"This week, the offers of savamob members are now accessible. just call 08709501522 for more details! savamob, pobox 139, la3 2wu. only â£1.5/week. savamob - mobile offer!",1
sexy sexy cum and text me in wet and warm and ready for some porn! u up for some fun? this msg is free recd msgs 150p inc vat 2 cancel text stop,1
freemsg hello baby wow just got a new moby camera. wants c a hot photo? or would you like a chat?im w8in 4utxt/rply chat at 82242 lp 08712317606 msg150p 2rcv,1
bought a ringtone and now always cost texts 3 pounds offers more tones etc,1
warner village 83118 c colin farrell en swap este wkend @warner village & get 1 gratis med. popcorn!just show msg+ticket@kiosk.valid 4-7/12. c t&c @kiosk. reply sony 4 mre film offers,1
Wonder mobile play the latest official Spider-Man game (4.50 €) on your mobile right now. spider text to 83338 for the game and we will send you a free 8ball wallpaper,1
"lookatme!: thanks for your purchase of a video clip of lookatme!, you have been charged 35p. you think you can do better? why not send a video in a mmsto 32323.",1
"freemsg hey u, I just got 1 of these video/pic fones, reply wildly to this txt & send u my pictures, hurry up in so bored at work xxx (18 150p/rcvd stop2stop)",1
"Free message activate your 500 free SMS by replying to this message with the word freely for conditions, visit www.07781482378.com",1
"Congratulations 2 mobile 3g videophones r yours. call 09063458130 now! videochat wid ur mates, play java games, droad polif music, noline rental. bx420. ip4. 5we. 150p",1
hungry gay guys feeling hungry and up to 4 it now. call 08718730555 just 10p/min. to stop texts calling 08712460324 (10p/min),1
u has a secret admirer who is looking for 2 make contact with u-discover who r*reveals who thinks u so special-called on 09065171142-stopsms-08,1
This is the second time we have tried to contact u. u. have won the prize â£1450 to just claim call 09053750005 b4 310303. t&cs/stop sms 08718725756. 140ppm,1
"sms services. for your including text credits, pls goto www.comuk.net login= **** unsubscribe with stop. no additional charge. help:08700469649. po box420. ip4 5we",1
block breaker now comes in deluxe format with new features and great t-mobile graphics. buy for just 5€ answering get bbdeluxe and take the challenge,1
"Today's Voda numbers with end 5226 are selected to receive a ?350 Award. If you have a match, please call 08712300220 and quote Claim Code 1131 Standard Tariffs App",1
"freemsg hey there honey it's been 3 weeks now and no word back! I would like you to still have fun for her? tb ok! xxx std chgs to send, â £1.50 to rcv",1
Do you want a new video phone? 750 at any time any network minutes? half price rental line? video camera? answer or call 08000930705 for delivery tomorrow,1
You can make a donation of £2.50 to the Unicef Asian Disaster Relief Fund in text at £864233. £2.50 will be added to your next bill,1
"as a valued customer, I am pleased to advise you that after the recent review of your mob no. you are awarded a bonus prize â€¢ 1500, call 09066368470",1
5p 4 children of alfie moon in need song on ur m8s. say ur m8s. txt tone charity to 8007 for nokias or poly charity for polys: zed 08701417012 profit 2 charity.,1
A link has been sent to your photo. You can also use http://alto18.co.uk/wave/wave.asp?o=44345,1
"Rock yr chic. get 100's of dirty movies & xxx pictures on yr phone now. rply filth to 69669. sarist ltd, e14 9yt 08701752560. 450p per 5 days. stop2 Cancel",1
"you are contacted by our dating service by someone you know! to find out who it is, call from a landline 09050000928. pobox45w2tg150p",1
We tried to contact you re your answer to our offer of a videophone 750 any time any network minutes half price line rental camcorder answer or call 08000930705,1
"Hot live fantasies call now 08707509020 only 20p per min ntt ltd, po box 1327 croydon cr9 5wb 0870.k",1
today voda numbers ending 1225 are selected to receive a â£50award. if you have a correspondence please call 08712300220 citing the claim code 3100 standard rate app,1
74355 xmas iscoming & ur awarded either â£500 cd vouchers & free admission 2 r â£100 weekly pulling txt music to 87066 tnc,1
free for the 1st week! no1 nokia tone 4 ur mob every week only txt nokia to 8007 get txting and tell ur mates www.getzed.co.uk pobox 36504 w45wq norm150p/tone 16+,1
of 88066 lost â€ 12 help,1
* * * * * * * * * * * * * * * * * * * * * * * * * * * * * * * * * * * * * * * * * * * * * * * * * * * * * * * * * * * * * * * * * * * * * * * * * * * * * * * * * * * * * * * * * * * * * * * * * * * * * * * * * * * * * * * * * * * * * * * * * * * * * * * * * * * * * * * * * * * * * * * * * * * * * * * * * * * * * * * * * * * * * * * * * * * * * * * * * * * * * * * * * * * * * * * * * * * * * * * * * * * * * * * * * * * * * * * * * * * * * * * * * * * * * * * * * * * * * * * * * * * * * * * * * * * * * * * * * * * * * * * * * * * * * * * * * * * * * * * * * * * * * * * * * * * * * * * * * * * * * * * * * * * * * * * * * * * * * * * * * * * * * * * * * * * * * * * * * * * * * * * * * * * * * * * * * * * * * * * * * * * * * * * * * * * * * * * * * * * * * * * * * * * * * * * * * * * * * * * * * * * * * * * * * * * * * * * * * * * * * * * * * * * * * * * * * * * * * * * * * * * * * * * * * * * * * * * * * * * * * * * * * * * * * * * * * * * * * * * * * * * * * * * * * * * * * * * * * * * * * * * * * * * * * *,1
Your 2004 account for 07xxxxxxx shows 786 unredeemed points. to claim call 08719181259 ID code: xxxxx runs from 26.03.05,1
double minutes & double txt & 1/2 price linerental on the latest orange bluetooth phones. call mobileupd8 for latest offers. 08000839402 or call2optout/lf56,1
Today's vodafone numbers ending with 4882 are selected to receive a prize of 350 pounds if your number matches the call 09064019014 to receive your prize of 350 pounds.,1
you are a winner u have been specially selected 2 receive £1000 or a 4* vacation (vols inc) speak to a live operator 2 claim 0871277810910p/min (18+),1
ree entry in 2 a weekly comp for a chance to win an ipod. txt pod at 80182 to get entry (std txt rate) t&c's apply 08452810073 for details 18+,1
has had your mobile 11mths ? free update for the latest orange color mobile cameras and unlimited calls weekend. call mobile upd8 on freefone 08000839402 or 2stoptxt,1
urgent! we are trying to contact u. today's draw shows that you have won a guaranteed 2000 prize. call 09066358361 of the earthline. claim and87. valid only 12 hours,1
* free * super polyphonic tone text to 87131 to get your free poly tone of the week now! 16 sn pobox202 nr31 7zs subscription 450pw,1
Do you want 750 at any time any network minutes 150 text and a new video phone for only five pounds per week call 08000776320 now or respond to delivery tomorrow,1
freemsg: txt: call to no: 86888 & ask you to use your reward of 3 hours of conversation time from your phone now! subscribe6gbp/mnth inc 3hrs 16 stop?txtstop,1
Your phone number has been awarded with a â£2000 price guaranteed. call 09061790126 by land line. call 3030. valid 12hrs only 150ppm,1
"Oh my God! I found your number again! I’m so happy, send me a message back xafter this msgs cst st std ntwk chg â€1.50",1
"bought a ringtone and now get texts that cost 3 pounds offering more tones, etc.",1
txt: call no: 86888 and claim your 3-hour conversation time reward to use from your phone now! subscribe6gbp/mnth inc 3hrs 16 stop?txtstop www.gamb.tv,1
cds 4u: Congratulations for awarded â£500 cd Gift vouchers or â£125 gift guaranteed & free entrance 2 â£100 wkly draw xt music to 87066 tncs www.ldew.com1win150ppmx3age16,1
"Hi, honey, how are you today? I'd love to have a conversation, why don't you tell me what you look like and what you're in sexy?",1
he its lucy hubby at meetings all day fr & i will b only at hotel u fany cumin over? pls leave msg 2day 09099726395 lucy x callsâ£1/minmobsmorelkpobox177hp51fl,1
"Get 3 tongues England tone, answer leonm 4 monkey or leonp 4 cop. 4 more go 2 www.ringtons.co.uk, the original n best. tones 3gbp network operator rates apply.",1
"Hello, 2nights ur night luck! uv was invited 2 xchat, the wildest cat uks! txt cat at 86688 now! 150p/msgrcvdhg/suite342/2lands/row/w1j6hl ldn 18yrs",1
free unlimited hardcore porn direct 2 your mobile txt porn to 69200 and get free access for 24 hours then chrgd@50p per day txt stop 2exit. this msg is free,1
"love u've invited, xchat. this is our last attempt to contact u! txt chat to 86688 150p/msgrcvdhg/suite342/2lands/row/w1j6hl ldn 18 yrs",1
"Dear voucher holder, to claim this offer of weeks, in your pc please go to http://www.wtlp.co.uk/text. ts&cs apply.",1
"Urgent!! Your 4* costa del sol vacation or â £ 5000 waiting collection. call 09050090044 now to call. sae, tc s, pobox334, stockport, sk38xh, costâ £ 1.50/pm, max10mins",1
u have a secret admirer. reveal who thinks u r so special. call 09065174042. to opt out reply reveal stop. 1.50 per msg reccd. cust care 07821230901,1
your 2004 account for 07xxxxxxxx displays 786 unretrieved points. to claim call 08719181259 identifier code: xxxxx expires 26.03.05,1
no. 1 nokia tone 4 ur mob every week! only txt nok to 87021. 1. Sound free ! so get txtin now and tell all friends. 150p / sound. 16 answer hl 4info,1
"Our mobile number has won 5000 pounds, to claim the calls back or call the claim line at 09050005321.",1
buy space invaders 4 a chance 2 win original arcade game console. press 0 for games arcade (std wap charge) see o2.co.uk/games 4 terms + settings. no purchase,1
Your 2003 account statement for 07973788240 shows 800 unredeemed s. i. m. Points. Call 08715203649 Identifier: 40533 runs from 31.10.04,1
"wan2 win a meet+green with westlife 4 u or a m8? currently are on which tour? 1) unbreakable, 2) unmed, 3) unkempt. text 1.2 or 3 to 83049. cost 50p + std text",1
* free* super polyphonic ringtone text at 87131 to get your free poly tone of the week now! 16 sn pobox202 nr31 7zs 450pw subscription,1
Hello your hubby lucy in meetins all day fri & i b only in the hotel or more luxury cumin? pls leave msg 2day 09099726395 lucy x callsi1/minmobsmorelkpobox177hp51fl,1
a ¢400 xmas reward is waiting for you! our team has randomly chosen you from our loyal mobile customers to receive a reward â€TM ~ 400. just call 09066380611,1
"call 090666126661 of the landline. your additional holidays 4* tenerife or â£ 10,000 species await the collection sae t&cs po box 3 wa14 2px 150ppm 18+ sender: hol offer",1
"fantasy football is back on your TV. go to sky gamestar on active sky and play â£250k dream team. score starts on Saturday, so sign up now!sky opt out at 88088",1
Your phone number has been awarded with a â£2000 price guaranteed. call 09061790121 from land line. call 3030. valid 12hrs only 150ppm,1
"has your mobile 10 mths? upgrade to the latest camera/video phones for free. keep the same number, get minutes/extra texts for free. text yes for a call",1
Guess who I am?This is the first time I created a web page www.asjesus.com read everything I wrote. I expect your opinions. I want to be your friend 1/1,1
"Today's Vodafone numbers, ending with 4882, receive a â£350 award. If your number matches 09064019014, you will receive your â£350 award.",1
You have an important customer service ad. Call for free 0800 542 0825 now!,1
someone u knows has asked our dating service 2 contact you! I can't guess who? call 09058091854 now everything will be revealed. po box385 m6 6wu,1
Urgent! your mobile phone number has received a guaranteed price <ukp>2000. Call the 09061790125 of the landline. request 3030. valid 12 hours only 150ppm,1
"449050000301 you won a prize of £2,000! to claim, call 09050000301.",1
Yes! the only place in town to meet exciting single adults is now in the cat uk. txt at 86688 now! 150p/msg.,1
"shop up u drop, it is you, either 10k, 5k, â £500 cash or â £100 travel voucher, call now, 09064011000. ntt po box cr01327bt fixeline cost 150ppm mobile phone vary",1
freemsg: txt: call the number: 86888 & claim your 3 hour conversation reward to use from your phone now! subscribe6gbp/mnth inc 3hrs 16 stop?txtstop,1
Hi. We need some birds and fancy guys for test users for the champagnes. Can I put them down? I need your address and dob as soon as possible. ta r,1
You have won a nokia 7250i. that's what you get when you win our free auction. to participate send nokia now to 86021. hg/suite342/2lands row/w1jhl 16+,1
Block Breaker now comes in deluxe format with new features and great graphics from t-mobile. buy for just â £5 by answering get bbdeluxe and take the challenge,1
Free 1 week entry 2 textpod 4 a chance 2 win 40gb ipod or â £ 250 cash per wk. txt vpod on 81303 ts&cs www.textpod.net custcare 08712405020.,1
"Do you think your smart ? will win 200 this week in our weekly contest, text game at 85222 now!t&cs winnersclubpobox 84, m26 3uz. 16+. gbp1.50/week",1
buy space invaders 4 a chance 2 win orig arcade game console. press 0 for arcade games (wapst fees) see o2.co.uk/games 4 terms + settings. no purchase,1
sexy singles are waiting for you! sims your age followed by your sex as a wither m or f. e.g. 23f. for gay men sims your age followed by an e.g. 23g.,1
"hi babe its jordan, as r u? in home from abroad and lonely, sim me back when u chat xxsp visionsms.com text stop to stopcost 150p 08712400603",1
"Your chance at a reality fantasy show call now = 08707509020 only 20p per min ntt ltd, po box 1327 croydon cr9 5wb 0870 is a national = rate call",1
sexy sexy cum and text im me wet and warm and ready for some porn! u even for a little fun? this msg is free msgs 150p inc cut 2 cancelle text stop,1
your 2004 account for 07xxxxxxx shows 786 unadjusted points. to claim call 08719181259 ID code: xxxxx expires on 26.03.05,1
wow! guys r back. take that 2007 uk tour. win tickets vip and pre-book with vip club. txt club to 81303. trackmarque ltd info@vipclub4u.,1
free msg: single? find a partner in your area! 1000s real people are waiting to chat now!end chat to 62220cncl send stopcs 08717890890+1.50 per msg,1
Urgent! we are trying to contact u. today's draw shows that you have won a prize of €800 guaranteed. call 09050001808 from the land line. claim m95. valid12hrs only,1
Call the toll free phone 0800 542 0578 now!,1
"you are contacted by our dating service by someone you know! to know who it is, call your mobile or landline 09064017305 pobox75ldns7",1
u have a secret admirer who is looking to make contact with u-find who they r*revel who thinks ur so special-call on 09058094565,1
had your phone 11mths ? update for free on orange latest color camera phones & unlimited weekend calls. Call mobile upd8 to freefone 08000839402 or 2stoptx,1
"You 07801543489 are guaranteed the latest nokia phone, a 40gb ipod mp3 player or a â £500 prize! txt word: collect to No:83355! tc-llc ny-usa 150p/mt msgrcvd18+",1
-pls stop bootydelious (32/f) invites you to be his friend. answer yes-434 or no-434 candle: www.sms.ac/u/bootydelious stop? send stop frnd to 62468,1
100 dating service call;l 09064012103 box334sk38ch,1
"I want some dick! my husband is away, I need a real man 2 satisfy me. txt wife to 89938 for no string action. (txt stop 2 end, txt rec 1.50ea. otbox 731 la1 7ws. )",1
have your mobile 11mths? upgrade free to latest orange color camera and unlimited weekend calls. call mobile upd8 on freefone 08000839402 or 2stoptxt,1
ur cash balance is currently 500 pounds - to maximize ur cash-in now send collect 83600 only 150p/msg. cc: 08718720201 po box 114/14 tcr/w1,1
Private! your 2004 account for 07742676969 displays 786 unretrieved bonus points. to claim call 08719180248 ID code: 45239 expires,1
"well done! Your 4* costa del sol vacation or â £ 5000 waiting collection. call 09050090044 now to demand. sae, tcs, pobox334, stockport, sk38xh, costâ £ 1.50/pm, max10mins",1
freemsg: unlimited free calls for 1 month! activate smartcall txt: call to no: 68866. subscriptn3gbp/wk unlimited calls help: 08448714184 stop?txt stop Slovenia,1
This is the 2nd attempt to contact u!u have won £1000 call 09071512432 b4 300603t&csbcm4235wc1n3xx.callcost150ppmmobilesvary. maxâ £7.50,1
"Urgent! your mobile was awarded an additional 1,500 pounds on 27/6/03. our latest attempt 2 contact u! call 08714714011",1
"free entry to the gr8prizes wkly comp 4 a chance to win the last nokia 8800, psp or 250 cash each big wk.txt at 80878 http///www.gr8prizes.com 08715705022",1
bloomberg - message center +447797706009 why wait? request for your future http://careers. bloomberg.com,1
A link to your image has been sent. You can also use http://alto18.co.uk/wave/wave.asp?o=44345.,1
This is our last attempt to contact u! txt chat at 86688 150p/msgrcvdhg/suite342/2lands/row/w1j6hl ldn 18 years,1
someone u knows has asked our dating service 2 contact you! cant rate who? call 09058091854 now all will be revealed. po box385 m6 6w,1
A link to your photo has been sent. You can also use http://alto18.co.uk/wave/wave.asp?o=44345,1
sextextuk.com txt xxuk suzy at 69876. txts costs 1.50 per msg. tncs on the website. x,1
Would you like a new video phone? 750 any time any network mine? half price line rental? camcorder? answer or call 08000930705 for delivery tomorrow,1
babe: u want me dont u baby! nasty im and have one thing 4 dirty guys. fantasy a rude moment with a sexy bitch. how about if we go slo n hard! txt xxx slo(4msgs),1
"Thanks for your ringtone order, ref number r836. Your phone will be charged â £ 4,50. if your tone does not arrive, please call customer service at 09065069154",1
Sunshine Quiz! win a super sony dvd recorder if you can call the capital of Australia? text mquiz to 82277. b,1
"new tonalities this week include: 1) mcfly-all ab.., 2) sara jorge-shock.. 3) smith-switch.. to order follow the instructions on the next message",1
18 days before the start of the Euro2004! u will be kept informed of all the latest news and daily results. unsubscribe send get the stop of the euro at 832222.,1
Sexy singles are waiting for you! text of their age followed by their gender as withered m or f p.g.23f. for gay men text of their age followed by a g. p.g. 23g.,1
get a new mobile phone for being a Mafia agent! plus more sweet loads! for more information just text mat to 87021.,1
wamma get laid?want real doggin locations sent directly to your phone? join the uks largest dogging network. txt dogs on 69696 now!nyt. ec2a. 3lp â£1.50/msg.,1
"Your phone number *************** won a â £ 2000 Bonus Caller prize on 10/06/03! this is the second attempt to reach you! call 09066368753 asap! box 97n7qp, 150ppm",1
you have an important Premier customer service announcement.,1
Your 2003 account statement for shows 800 un-redeemed s.i.m. points. Call 08718738001 ID code: 49557 runs from 26/11/04,1
you have an important customer service ad. call toll free phone 0800 542 0825 now!,1
freemsg>fav xmas tones! reply real,1
"Free ringtone only text ""Polys"" to 87131. then each week get a new tone. 0870737910216yrs only â£1,50/wk.",1
"for the chance to earn £250 of money each wk txt: action at 80608. t&c's www.movietrivia.tv custcare 087124050022, 1x150p/wk.",1
has had your mobile 11mths ? free update for the latest orange color mobile cameras and unlimited calls weekend. call mobile upd8 on freefone 08000839402 or 2stoptx,1
"Urgently call 09066612661 from the landline. â £5,000 cash or a luxury 4* Canary Islands holiday waiting collection. t&cs sae award. 20m12aq. 150ppm. 16+",1
win a cash prize of 1000 euros or a prize of 5000 euros,1
freemsg: fantasy a flirt? reply date now & join the fastest growing mobile dating service uks. msgs rcvd only 25p for optout txt stop to 83021. reply date now!,1
25p 4 children's moon alfie in the song of necessity in ur mob. say ur m8s. txt charity tone to 8007 for nokias or poly charity for cops: zed 08701417012 benefit 2 charity.,1
gr8 new service - live sex chat video in your mafia - see the sexiest girls dirtiest live on your phone - 4 details hot text to 89070 to cancel send stop to 89070,1
you are rewarded with a digital camera sipix! call the 09061221061 of the fixed line. delivery within 28days. t cs box177. m221bp. 2 years warranty. 150ppm. 16 . pâ£3.99,1
"free2day sexy st george's day pic of jordan!txt pic to 89080 don't miss, then all the wk a saucy celeb!4 more photos c pocketbabe.co.uk 0870241182716 â£3/wk",1
sms. ac sptv: the new sweater demons and red destroit wings play ice hockey. right or wrong? end? answer end sptv,1
Congratulations either â£500 cd Gift vouchers & free admission 2 our â£100 weekly pulling txt music to 87066 tncs www.ldew.com 1 win150ppmx3age16,1
"This is the 2nd time we have tried to contact u. u have won the prize â£400. 2 claim is easy, just call 087104711148 now! only 10p per minute. bt-national-rate",1
"you won't believe it, but it's true. it's amazing txts! answer g now to learn really amazing things that will blow your mind. from o2fwd only 18p/txt",1
"ur awarded a city trip and could win a â £200 summer shopping spree every wk. txt store to 88039. skilgme. tscs087147403231winawk!age16 â £ 1,50perwksub",1
"If not, your price will go to another customer. t&c at www.t-c.biz 18+ 150p/min Polo ltd suite 373 london w1j 6hl Please call back when busy",1
"orange upgrdcentre client, you can now claim your free update of the camera phone for your loyalty. call now at 0207 153 9153. offer ends 26th July. t&c's apply. opt-out available",1
You will receive a sipix digital camera! Call 09061221061 from landline.Delivery within 28 days. t cs box177. m221bp. 2yr warranty. 150ppm. 16 . p pâ£3.99,1
Free 1 week entry 2 textpod 4 one chance 2 win 40gb ipod or 250 cash each wk. txt vpod at 81303 ts&cs www.textpod.net custcare 08712405020.,1
freemsg: txt: call no: 86888 and claim your 3-hour conversation time reward to use from your phone now! subscribe6gbp/mnth inc 3hrs 16 stop?txtstop,1
Do you want a new video phone? 600 at any time any network minutes 400 inclusive video calls and downloads 5 per week free deltomorrow call 08002888812 or answer now,1
natalja (25/f) invites you to be his friend. answer yes-440 or no-440 see: www.sms.ac/u/nat27081980 stop? send the judgment to 62468,1
You have won a guaranteed â £ 1000 cash or a â £ 2000 prize. to claim yr prize call our customer service representative on 08714712379 between 10 am to 19 pm cost 10p,1
u has a secret admirer who is looking for 2 making contact with u-discover who r* reveals who thinks u is so special-called at 09058094565,1
Remember: You have not downloaded the content you have already paid for. goto http://doit. mymoby. tv/ to collect your content.,1
Congratulations to one or other £500 CD Gift Cards & Free Entry 2 £100 Txt Weekly Print Music at 87066 tncs www.ldew.com1win150ppmx3age16,1
"receive 3 lions england tone, answer lionm 4 mono or lionp 4 poly. 4 more go 2 www.ringtones.co.uk, the original n best. Sounds 3gbp network operator prices apply.",1
our cash balance is currently 500 pounds - to maximize our cash-in now send go to 86688 only 150p/msg. cc 08718720201 hg/suite342/2lands row/w1j6hl,1
"Do you miss speed dating? try speedchat, txt speedchat at 80155, if you don't like em txt exchange and get a new pussy! chat80155 pobox36504w45wq 150p/msg rcd 16",1
"Please call our Customer Service Representative at 0800 169 6031 between 10am and 9pm since you earned a guaranteed amount of £1000 in cash or £5,000!",1
"savamob member offers are now available. just call 08709501522 for details! savamob, pobox 139, la3 2wu. only â£1.50/week. savamob - offers mobile!",1
25p 4 children of alfie moon in need song on ur m8s. say ur m8s. txt tone charity to 8007 for nokias or poly charity for polys: zed 08701417012 profit 2 charity.,1
ur going 2 bahamas! callfreefone 08081560665 and talk to a live operator to claim any 2000 cash Bahamas cruise 18+solo. opt out txt x to 07786200117,1
"please call our customer service representative on freephone 0808 145 4742 between 9.00 am and 23.00 pm, as you have won a guaranteed â £ 1000 cash or â £ 5000 prize!",1
"You have won tkts at the end of the cup of euros 2004 or 800 in cash, to collect the call 09058099801 b4190604, pobox 7876150ppm",1
Today's voda numbers ending with 7634 are selected to receive a reward of £350. If you have any correspondence please call 08712300220 citing claim code 7684 of standard rates apply.,1
"tddnewsletter@emc1.co.uk (more games from thedailydraw) dear Helen, dozens of free games - with great prizes with..",1
"your mobile contract 11 mnths? last motorola, nokia etc. all free! double minutes & text on orange prices. text yes for reminder, no to delete records",1
ready for any use â£500 - â£75 000. owners + tenants welcome. have you been refused previously? we can still help. call for free 0800 1956669 or text back 'help',1
private! your 2004 account statement for 07742676969 indicates 786 bonus points not refunded. to claim the identification number 08719180248 code: 45239 expires,1
"Congratulations u can claim 2 vip row a ticket 2 c blu in concert in November or blu gift guaranteed call 09061104276 to claim ts&cs www.smsco.net costâ£3,75max",1
Important information 4 orange users 0789xxxxx. today is your lucky day!2find out why log on http://www.urawinner.com there is a fantastic surprise waiting for you!,1
Free video camera phones with half-price line rental for 12 mths and 500 cross ntwk min 100 txts. Call mobileupd8 08001950382 or call2optout/674,1
"spjanuary men's sale! hot gay chat now cheaper, call 08709222922. National rate from 1.5p/min cheap to 7.8p/min peak! to stop calling messages 08712460324 (10p/min)",1
ringtone club: get the uk singles chart on your mobile every week and choose any high quality call tone! this message is free.,1
"free>ringtone! respond real or cop, for example real1 1. pushbutton 2. dontcha 3. babygoodbye 4. golddigger 5. wedeburnin 1st free tone and 6 more when joined for 3/wk",1
Do you want 750 at any time any network minutes 150 text and a new video phone for only five pounds per week call 08002888812 or respond to delivery tomorrow,1
"sms services. for your inclusive text credits, pls goto www.comuk.net login= 3qxj9 subscribe with stop, no extra charge. help 08702840625.comuk. 220-cm2 9ae",1
8007 25p 4 alfie moon children in need song on ur mob. tell ur m8s. txt tone charity to 8007 for nokias or poly charity for polys :zed 08701417012 Profit 2 Charity,1
private! Your 2003 statement for 078,1
please call Amanda regarding the renewal or update of your current mobile phone t for free. offer ends today. tel 0845 021 3680 subject to t's and c's,1
Send a logo 2 ur lover - 2 names joined by a heart. txt love name1 name2 mobno eg love adam up 07123456789 to 87077 yahoo! pobox36504w45wq txtno 4 no ads 150p,1
Text forbidden to seeuk 89555! cost 150p textoperator g696ga 18+ xxx,1
hmv special bonus 500 pounds of genuine hmv bonuses to win. just answer 4 easy questions. play now! send hmv to 86688 more info:www.100percent-real.com,1
"Free msg: get gnarls barkleys ""crazy"" call tone totally free just answer this message right now!",1
up to 80488. Your 500 free text messages are valid until 31 December 2005.,1
Dear subscriber or draw 4 â€100 gift voucher b will be entered at the reception of a correct ans. when was elvis presleys birthdays? txt reply to 80062,1
"1000's flirting now! txt girl or bloke & ur name & age, e.g. girl zoe 18 to 8007 to join and get chatty!",1
"free msg: single? find a partner near you! 1000s of real people waiting for chat!send chat to 62220cncl send stops 08717890890â£1,50 per msg",1
"We know someone you know who you like. Call 09058097218 to find out who. pobox 6, ls15hb 150p",1
Guess what! Someone you know secretly like! Want to know who it is? Call us at 09065394973 from the fixed date box1282essexcm61xn 150p/min 18,1
"3 texts free of tarot! find out about your love life now! try 3 free! text opportunity of 85555 16 only! after 3 free, msgs â€ 1.50 each",1
Want a new nokia 3510i color phone tomorrow? with 300 free minutes to each mobile phone + 100 free texts + free camcorder answer or call 08000930705.,1
"Urgent! your mobile number *************** has won a bonus call prize of £2000 on 10/06/03! this is the 2nd attempt to reach you! call 09066368753 asap! box 97n7qp, 150ppm",1
your bonus b4u w/c 27/03 is marsms. log in to www.b4utele.com for discount credit. to opt for response stop. customer service call 08717168528,1
"urgent! your phone number 07xxxxxxxxx won a bonus prize of 2,000 people on 02/06/03! this is the second attempt to get to you! call 09066362231 asap! box97n7qp, 150ppm",1
"six chances to win cash! from 100 to 20,000 pounds txt> csh11 and send to 87575. Costs 150p/day, 6 days, 16 + tsandcs apply Reply hl 4 info",1
Call the 09090900040 & listen to the extremely dirty live chat that takes place at the office right now total intimacy no one knows your [sic] listens 60p min 24/7 0870753331018+,1
Now you have dropped all services. get tons of sexy girls or hunks directly to your phone! go to http://gotbabes.co.uk. there are no subscriptions.,1
splashmobile: choose from 1000s of gr8 tones each wk! this is a subscription service with weekly tones that cost 300p. u have a credit - relax and enjoy,1
"Do you realize that in about 40 years, we'll have thousands of old women running around with tattoos?",1
"rock yr chik. get 100's of salithy movies &xxx peaks on year phone now. rply salith to 69669. saristar ltd, e14 9yt 08701752560. 450p per 5 days. stop2 cancel",1
Thank you 4 your continued support your question this week will enter u in2 our draw 4 £ 100 cash. name the new president of us txt years at 80082,1
2 discover why you connect to http://www.urawinner.com there is a fantastic surprise waiting for you,1
"rock yr chik. get 100's of dirty movies & xxx photos on the yr phone now. rply dirt at 69669. saristar ltd, e14 9yt 08701752560. 450p for 5 days. stop2 cancel",1
"Orange customer, you can now claim the free update of your camera for your loyalty. Call now at 0207 153 9996. offer ends 14thmarch. t&s apply. opt-out availability",1
important message. this is a final contact attempt. you have important messages waiting outside our customers dept. claims expires 13/4/04. call 087170707382 now!,1
here is your discount code rp176781. to stop more messages reply stop. www.regalportfolio.co.uk. customer services 08717205546,1
"bangbabes ur order is en route. u should receive a service msg 2 download the contents ur. if u not, goto wap. bangb. tv on the mobile menu internet / service ur",1
Your next amazing xxx picsfree1 video will be sent to you to enjoy! if a vid is not enough for 2 days text back the keyword picsfree1 to get the next video.,1
gsoh? good with spam the ladies?u could b join a male gigolo? 2 the fastest growing men club response call. mjzgroup. 08714342399.2stop reply stop. msg@â£1.50rcvd,1
"If you do not, your price will go to another customer. t&c at www.t-c.biz 18+ 150p/min polo ltd suite 373 london w1j 6hl please call back so busy",1
Klingelton Club: Get the uk Singles Chart on your phone every week and choose a top quality Klingelton! this message is free of charge.,1
gent! we are trying to contact you. last weekends draw shows that you won a prize â€ ¢ 1000 guaranteed. call 09064012160. claim code k52. valid only 12 hours. 150ppm,1
22 days to start! for euro2004 u will be kept up to date with the latest news and results every day. to remove send get txt stop to 83222,1
Thanks for voting. now sing along with the stars with karaoke on your phone. for a free link just answer with singing now.,1
"our meeting service has been requested 2 contact u by someone shy! Call 09058091870 now everything will be revealed. pobox84, m26 3uz 150p",1
"Today's Voda numbers ending in 7548 will be selected to receive a $350 award. If you have a match, please call 08712300220, citing claim code 4041 Standard Tariffs app.",1
"claim a shopping wave 200, just call 08717895698 now! you have won! mabstorequiz10ppm",1
"Tor! arsenal 4 (Henry, 7 v Leberpool 2 Henry scores with a simple shot of 6 yards from a pass by bergkamp to give Arsenal a 2 goal margin after 78 minutes.",1
Do you want a new Nokia 3510i color phone delivered tomorrow? with 200 minutes free to any mobile + 100 free text + free camcorder response or call 08000930705,1
"Hi baby her chloe, how was r u? I was crushed on Saturday night, it was great! how was your weekend? u missing me? sp visionsms.com text stop to stop 150p/text",1
"Hello, this is Mandy Sullivan call from hotmix fm...You will be chosen to get â £5000.00 in our Easter award ..... please phone 09041940223 before 29/03/05 or your price will be transferred to someone else....",1
Customer loyalty offer: the new nokia6650 mobile from just £10 at txtauction! txt word: start to no: 81151 & get yours now! 4t&ctxt tc 150p/mtmsg,1
"loan for any purpose â€ ¢ 500 – â€75,000. owners + tenants welcome. have previously been rejected? we can still help. call free 0800 1956669 or text back 'help'",1
"Pic nick bear, and Tom, pete and ... cock. in fact, all types try gay cat with phone photo download 0871873066 (10p/min). 2 saves texts phone 08712460324",1
urgent ur â£500 guaranteed award is still not reached!Call 09066368327 now endsDate04/09/02 Claimcode m39m51 â£1.50pmmorefrommobile2bremoved-mobypobox734ls27yf,1
from www.applausestore.com monthlysubscription@50p/msg max6/mes t&csc web age16 2stop txt stop,1
ur cash balance is currently 500 pounds - to maximize ur cash-in now send cash to 86688 only 150p/msg. cc: 08708800282 hg/suite342/2lands row/w1j6hl,1
Do you want a new nokia 3510i color phone delivered tomorrow? with 200 free minutes for any mobile + 100 free text + free camcorder answer or call 08000930705,1
urgent this is our 2nd attempt to contact & your â £ 900 price of yesterday still waiting collection. call now to 09061702893,1
Boring housewives! chat n date now! 0871750.77.11! bt-tarifa national 10p/min only landline phones!,1
88800 and 89034 are premium telephone services call 08718711108,1
"reminder of o2: to get 2.50 pounds free call credit and big deals details pls answer 2 this text with your valid name, no house and zip code",1
"last chance! claim the ur value â£150 discount vouchers today! text shop at 85023 now! savamob, mobile offers! t cs savamob pobox84, m263uz. â£3.00 sub. 16",1
double your minutes and txts in orange or 1/2 price linerental - motorola and sonyericsson with b / teeth free nokia call mobileupd8 at 08000839402 or 2optout / hv9d,1
Urgent! we try to contact u. today's draw shows that you have won a guaranteed £800 prize. Call 09050001295 of the terrestrial line.,1
"Thank you, winner notified by SMS. good luck! no future marketing response stopped at 84122 customer services 08450542832",1
Send a logo 2 for lovers - 2 names connected by a heart. txt love name1 name2 mobno eg love adam eve 07123456789 to 87077 yahoo! pobox36504w45wq txtno 4 no ads 150p,1
"If you do not, your prize will go to another customer. t&c at www.t-c.biz 18+ 150p/min polo ltd suite 373 london w1j 6hl please call if you are busy",1
Eastenders tv quiz. which flower does not compare to? d= violet e= tulipe f= lily txt d e or f to 84025 now 4 chance 2 win â£100 cash wkent/150p16+,1
Do you want a new video phone? 600 anytime any network min 400 inclusive video calls and downloads 5 per week free call deltomorrow 08002888812 or answer now,1
Prepare your garden for the summer with a free selection of summer bulbs and seeds worth £33:50 only with the Scotsman this Saturday. to stop go2 notxt.co.uk,1
500 msgs of free text. only ok text to 80488 and we will accredit your account,1
"In the event of an emergency, Eurodisinc trav, aco-entry41 or £1000 was granted a free trip to claim at £87121 18+6 (plus frmmob. shracomorsglsuplt)10, ls1 3aj",1
"loans for any purpose, even if you have bad credit! tenants welcome. call noworriesloans.com at 08717111821",1
"our mobile number has won £5000, to claim to remind us or ring the hot line claims on 09050005321.",1
you are torn! get your mobile content from www.clubmoby.com call 08717509990 poly/true/pix/ringtones/games six downloads for only 3,1
as registered Optin Subscriber ur Draw 4 â £ 100 Gift voucher will be entered in the bbc charts upon receipt of a correct ans to 80062 whats no1,1
"you are guaranteed the latest nokia phone, an mp3 player ipod 40gb or a price â£500! txt word:collect to no:83355! tc-llc ny-usa 150p/mt msgrcvd18+",1
"your chance to be in a reality fantasy show now calls = 08707509020 just 20p per min ntt ltd, po box 1327 croydon cr9 5wb 0870 is a national call = fare.",1
"dear 0776xxxxxxu've invited, xchat. this is our last attempt to contact u! txt chat to 86688 150p/msgrcvdhg/suite342/2lands/row/w1j6hl ldn 18yrs",1
"44 7732584351, would you like a new nokia 3510i color phone that will be delivered tomorrow? with 300 free minutes to each mobile phone + 100 free texts + free camcorder answer or call 08000930705.",1
not heard from u4 for a while. call 4 rough private chat line 01223585334 to cum. wan 2c photos of me gettin bashed then text pix to 8552. 2end send stop 8552 sam xxx,1
Boredom housewives! chat n now! 0871750.77.11! bt-national rate 10p/min only from the landline!,1
"Thank you for your ringtone order, reference t91. you will be charged gbp 4 per week. you can unsubscribe at any time by calling customer service at 09057039994",1
"accordingly. I repeat, just text the word ok on your phone and send",1
"Hello that's amy, we'll send you a free phone number in a few days that will give you access to all adult parties...",1
Private! your 2003 account account for shows 800 points s.i.m. not redeemed called 08718738001 ID code: 49557 expires 26/11/04,1
call from 08702490080 - said u 2 phone 09066358152 to claim â£5000 prices. u have 2 enter all mobile and personal details ur @ invite them. attention!,1
lyricalladie(21/f) invites you to be his friend. answer yes-910 or no-910. see it: www.sms.ac/u/humross stop? send the stop to 62468,1
respond to win â€100 weekly! where will the 2006 FIFA World Cup be held? send stop to 87239 to finish service,1
"Dear voucher holder, 2 claim this offer weeks, in your pc go to http://www.e-tlp.co.uk/expressoffer ts&cs apply.2 stop texts txt stop to 80062.",1
You are a winner you have been specially selected to receive â£1000 cash or a â£2000 award. talk to a live operator call 087123002209-1PM. cost 10p,1
great news! call freefone 0800634447 to get your guaranteed â £ 1000 cash or â £ 2000 gift. talk to a live operator now!,1
"smsservices. for your text credits included, pls goto www.comuk.net login= 3qxj9 unsubscribe with stop, at no extra charge. help 08702840625.comuk. 220-cm2 9ae",1
"january male sale! hot gay chat now cheaper, call 08709222922. national tariff from 1.5p/min cheap to 7.8p/min peak! to stop texts call 08712460324 (10p/min)",1
Important information 4 orange users 0796xxxxx. today is our lucky day!2 find out why at http://www.urawinner.com there is a fantastic prizeawaiting you!,1
live chat hard 121 just 60p/min. choose your daughter and sign in live. Call 09094646899 now! cheap cat uk the biggest live service. viewed bcm1896wc1n3xx,1
Your 2003 account statement shows 800 un-redeemed s.i.m. Points. Call 08715203685 Code:4xx26 runs from 13.10.04,1
Do you want a new nokia 3510i color phone delivered tomorrow? with 300 free minutes for any mobile + 100 free texts + free camcorder answer or call 08000930705.,1
xmas iscoming & ur assign either â£500 cd vouchers & free admission 2 r â£100 weekly pulling txt music to 87066 tnc www.ldew.com1win150ppmx3age16Subscription,1
ur tonexs subscription has been renewed and you have been loaded â £ 4.50. You can choose 10 more polys this month. www.clubzed.co.uk *billing msg*,1
"You are guaranteed the latest nokia phone, a 40gb ipod mp3 player or a â £500 prize! txt word: collect on No: 83355! ibhltd ldnw15h 150p/mtmsgrcvd18+",1
"Sunny Hols. to claim ur med vacation send an envelope of self-address stamped for drinks on us uk, po box 113, bray, wicklow, eire. quiz starts Saturday! unsub stop",1
free for the 1st week! no1 nokia tone 4 ur maf every week just txt nokia at 8007 get txting and tell partners www.getzed.co.uk pobox 36504 w45wq norm150p/tone 16+,1
"Dear holder of the voucher, 2 request this offer of weeks, at your pc go to http://www.e-tlp.co.uk/expressoffer ts&cs apply.2 stop texts txt stop at 80062.",1
"This is the 2nd time we have tried 2 contact u. u have won the price of 750 pounds. 2 claim is easy, call 08712101358 now! only 10p per min. bt-national-rate",1
Urgent! we try to contact u. Drawing today shows that you have won a â£800 prize guaranteed. call 09050001808 of land line. call m95. only valid12h.,1
urgent! your mobile number has been assigned with a price of £2000 guaranteed. phone 09058094455 of the landline. claim 3030. valid only 12 hours,1
important message. this is a final contact attempt. You have important messages waiting for our customer claims dept. expires 13/4/04. call 0871707382 now!,1
your 2003 statement of account indicates 800 points s. i. m. not repaid. Call 08715203694 ID code: 40533 expires on 31/10/04,1
free entry in our weekly contest £250 just send the word win to 80086 now. 18 t&c www.txttowin.co.uk,1
wow! boys r back. take this tour 2007 uk. win vip tickets & pre-book with vip club. txt club at 81303. trackmark ltd info@vipclub4u.,1
want to deliver a new nokia 3510i color phone tomorrow? with 200 free minutes to any mobile phone + 100 free text + free camcorder answer or call 8000930705,1
"cmon babe, make me horny, *turn* me on! txt me your fantasy now babe -) in hot, sticky and need you now. all answers cost £1,50. 2 Cancel send stop",1
"I'd love to have a chat, why don't you tell me what you look like and what you're in sexy?",1
"bored dating speed? try speedchat, txt speedchat at 80155, if you don't like em txt swap and get a new chat! chat80155 pobox36504w45wq 150p/msg rcd 16",1
8007 25p 4 children's moon alfie in the song of necessity in ur mob. say ur m8s. txt charity tone to 8007 for nokias or poly charity for cops :zed 08701417012 benefit 2 charity,1
collect Valentine's weekend to Paris inc flight & hotel + 200 € guaranteed prize! text: Paris to no: 69101. www.rtf.sphosting.com,1
"Hi, it's Mandy Sullivan calling hotmix fm... you are chosen to receive â £5000.00 in our prize of the draw..... please call 09041940223 to claim before 29/03/05 or your prize will be transferred to someone else....",1
I want to tell you my deepest darkest fantasies.Call me at 09094646631 only 60p/min. to stop texts call 08712460324 (Natrate),1
5p 4 children's moon alfie in the song of necessity in ur mob. say ur m8s. txt charity tone to 8007 for nokias or poly charity for cops: zed 08701417012 benefit 2 charity.,1
annoyed housewives! cat n date now! 0871750.77.11! bt-national rate 10p/min only from landlines!,1
"urgent! you have won a 1 week free membership in our $100,000 jackpot! txt word: claim no: 81010 t&c www.dbuk.net lccltd pobox 4403ldnw1a7rw18",1
"You will be contacted by our dating service from someone you know! to find out who it is, call from a landline 09050000928. pobox45w2tg150p",1
Congratulations! nokia 3650 video camera phone is your call 09066382422 calls cost 150ppm ave call 3mins vary from mobile phones 16+ close 300603 to bcm4284 ldn wc1n3xx,1
Tone club: their submarines have expired 2 re-sub response monoc 4 monkeys or polyc 4 cops 1 weekly @ 150p per week txt stop 2 stop this free current msg 0871212025016,1
"store up to u drop, are you either 10k, 5k, 500 cash or 100 travel voucher, call now, 09064011000. ntt po box cr01327bt fixed line cost 150ppm mobile vary",1
wkly q! win a top sony dvd player if u say which country he liverpool played in the middle of the week? txt ansr at 82277. â£1.50 sp:tyrone,1
"Welcome to select, an o2 service with additional benefits.You can now call our specially trained mobile advisors for free by calling 402.",1
flowerberg -message center +447797706009 Why wait? apply for your future http://careers. flowerberg.com,1
Important information 4 user orange 0789xxxxxxxx. today is your lucky day! 2Find out why log in at http://www.urawinner.com there is a fantastic surprise waiting for you!,1
hi 07734396839 ibh customer loyalty offer: the new mobile nokia6600 of just â€TM10 in txtauction!txt word:start to no.81151 and get yours now!4t&,1
500 msgs free text. just text ok to 80488 and we will credit your account,1
Free 1 week entry 2 textpod 4 a chance 2 win 40gb ipod or â £ 250 bar each wk. txt pod to 84128 ts&cs www.textpod.net custcare 08712405020.,1
"u can earn â£100 of the musical gift vouchers every week from now on txt the word draw at 87066 tscs www.ldew.com spillgame,1winaweek, age16.150ppermess subscription",1
"all the last of stereophonics, marley, dizzying racal, libertines and the strokes! win nookii games with flirt!! clickieob wap bookmarks or text wap to 82468",1
camera - you are given a sipix digital camera! call 09061221066 from landline. delivery within 28 days,1
you are chosen to receive a price â£350! pls call claim number 09066364311 to collect your price you are selected to receive as an estimated mobile customer.,1
"Free-message: jamster! get the crazy frog sound now! for poly Mad1 text, for real Mad2 text to 88888. 6 crazy sounds for just 3 gbp / week! 16+only! t&c apply",1
Today's vodafone numbers ending with 0089 (my last four digits) are selected to receive a prize of 350 pounds if your number matches please call 09063442151 to claim your prize of 350 pounds,1
sms auction - a brand new nokia 7250 is up to 4 auction today! Auction is free to join 2 & participate! txt nokia to 86021 now!,1
"all the latest stereophonic, marley, race dizzee, libertines and blows! win nookii games with flirt!! click on themob wap book or text wap to 82468",1
"your 500 free text messages are valid until December 31, 2005.",1
<forwarded from 21870000>hi - this is your mailbox messaging sms alarm. You have 4 messages. You have 21 hits. Please call back to 09056242159 to retrieve your messages and hits.,1
Welcome! please answer to start with your age and gender. e.g. 24m,1
Your 2003 account statement shows 800 unredeemed s. i. m. Points. Call 08715203694 Identifier: 40533 runs from 31.10.04,1
"ur balance is now â £ 600. next question: complete the landmark, large, a. bob, b. barry or c. ben ?. text a, b or c to 83738. good luck!",1
Private! your 2003 account for 07815296484 shows 800 unretrieved points s.i.m. called 08718738001 ID code 41782 expires on 18/11/04,1
splashmobile: choose from 1000s of gr8 tones per wk! this is a subscription service with weekly tones costs 300p. u have a credit - kick back and enjoy,1
"44905000301 You have won a â £2,000 prize! to claim, call 09050000301.",1
Guess what! Someone you know secretly you! Want to know who it is? Call us on 09065394514 from fixedline datebox1282essexcm61xn 150p/min 18,1
"Congratulations on 500 CD coupons or 125 guaranteed gifts & free entry 2,100 wkly draw music txt at 87066 tncs www.ldew.com1win150ppmx3age16",1
"I repeat, just send the word ok to your mobile phone and send",1
"freemsg hey there wanted has been 3 weeks now and there is no word back! I would like some fun for you still? tb ok! xxx std chgs to send, â€1.50 to rcv",1
hard live 121 chat just 60p/min. choose your girl and connect live. call 09094646899 now! chat cheap uk's biggest live service. vu bcm1896wc1n3xx,1
You will receive this week the triple echo ringtone shortly. Enjoy it!,1
We have tried to contact your answer to our offer of 750 minutes 150 text and a new video phone 08002988890 now or answer for free delivery tomorrow,1
want flat 2nite? want real dogging locations sent directly to ur mobile? join the uk largest dogging network. txt park to 69696 now! nyt. ec2a. 3lp â£1.50/msg,1
"tddnewsletter@emc1.co.uk (more games everyday drawing) dear Helen, dozens of free games - with great prices..",1
Please call the 08712402972 immediately as there is an urgent message waiting for you,1
"Free 4 star Ibiza holiday or â £ 10,000 cash needs your urgent collection. 09066364349 now from the landline not to lose! box434sk38wp150ppm18+",1
ur cash balance is currently 500 pounds - to maximize ur cash-in now send go to 86688 only 150p/msg. cc: 08718720201 po box 114/14 tcr/w1,1
Congratulations ur awarded 500 cd vouchers or 125gift guaranteed & free admission 2 100 wkly draw txt music to 87066,1
life has never been so much fun and great until you came in. you really made it special for me. I won't forget you! enjoy @ one gbp/sms,1
win an annual supply of cds 4 a shop of u choice worth 500 € and enter our â€ ¢ 100 txt weekly draw music at 87066 ts&cs www.ldew.com.subs16+1win150ppmx3,1
"fray your mafia with a Halloween collection of a logo & pic message plus a free eerie tone, txt card frayed at 8007 zed 08701417012150p by logo/pic",1
"win! as a valued network client, you have been selected to receive a reward of £900! to collect call 09061701444. valid 24 hours only. acl03530150pm",1
"mila, age23, blonde, new in uk. I see sex with boys uk. if you like fun with me. text mtalk to 69866.18 . 30pp/txt 1st 5free.",1
"This is the 2nd time we have tried 2 contact u. u have won the price of 750 pounds. 2 claim is easy, call 08718726970 now! only 10p per min. bt-national-rate",1
Please contact: http://www.e-tlp.co.uk/reward. ts&cs.,1
"We know someone you know who fantasizes you. Call 09058097218 to find out who. pobox 6, ls15hb 150p",1
This is the second attempt to contact u!u have won â€ ¢ 1000call 09071512432 b4 300603t&csbcm4235wc1n3xx. callcost150ppmmobilesvary. maxâ€7. 50,1
Get a brand new phone by using an agent of the Mafia! plus loads more goodies! for more info just text mat to 87021.,1
"free msg. sorry, a service that ordered from 81303 could not be delivered as you do not have enough credit. please reload to receive the service.",1
"pdate_now - double minutes and 1000 txts on orange prices. last motorola, sonyericsson & nokia & bluetooth free! call mobileupd8 on 08000839402 or call2optout/!yhl",1
You are a winner or have been specially selected 2 receive â€1000 or a 4 * vacation (inc flights) speak with a live operator 2 claim 0871277810910p/min (18+),1
"449050000301 you have won a price of €2,000! to claim, call 09050000301.",1
"u have a secret admirer who searches 2 make contact with u-find out who they r*reveal, who thinks ur so special call on 09058094599",1
free>ringtone! answers real or poly eg real1 1. pushbutton 2. of whichcha 3. babygoodby 4. golddigger 5. webeburnin 1st free tone and 6 more when u join for â£3/wk,1
"hot fantasies live call now 08707509020 just 20p per min ntt ltd, po box 1327 croydon cr9 5wb 0870 is a national rate call",1
"free-message: jamster! get the crazy frog sound now! for poly text mad1, for the real text mad2 to 88888. 6 crazy sounds for only 3 gbp/week! 16+only!",1
Urgent is our 2nd attempt to contact u. your price â£900 from yesterday is still waiting for collection. to claim phone now 09061702893. acl03530150pm,1
"spy to your crowd with a halloween collection of a logo & image message plus a strange tone for free, txt ghost card at 8007 zed 087014170121150p per logo/pic",1
You are being scammed! get your mobile content from www.clubmoby.com called 08717509990 poly/true/pix/ringtons/games six downloads for just 3,1
"Dear voucher holder, to claim this offer of weeks, at pc please go to http://www.e-tlp.co.uk/expressoffer ts&cs apply. to stop texts, txt stop to 80062",1
we have tried to contact you re our offer new video phone 750 at any time any network mins half price rental camcorder phone 08000930705 or response to delivery sea,1
Have you ever thought about living a good life with a perfect couple? just txt back name and age to join the mobile community. (100p/sms),1
goldviking (29/m) invites you to be his friend. answers yes-762 or no-762 see him: www.sms.ac/u/goldviking stop? send stop frnd to 62468,1
"smsservices. for yourinclusive text credits, pls goto www.comuk.net login= 3qxj9 subscribe with stop, no extra charge. help 08702840625.comuk. 220-cm2 9ae",1
Your credits have been charged for http://www.bubbletext.com Your renewal spin is tgxxrz,1
"client upgrdcentre orange, you can now request the free update of your camera for your loyalty. Call now at 0207 153 9153. offer ends July 26th. application t&c. opt-out available",1
Do you want a new video phone? 750 anytime any network minutes? unlimited text? camcorder? answer or call now 08000930705 for del sat am,1
You are a winner or have been specially selected 2 receive â€1000 in cash or a 4 * vacation (inc flights) speak with a live operator 2 claim 0871277810810,1
your 2003 statement of account indicates 800 points s. i. m. not repaid. Call 08715203652 ID code: 42810 expires on 29/10/0,1
u 447801259231 have a secret admirer who is looking for 2 make contact with u-discover who r* reveals who thinks u is so special-called at 09058094597,1
You have won a â€1000 cash or a prize â€2000. to claim the yr prize call our customer service representative at 08714712379 between 10am-7pm cost 10p,1
"Thank you for your call tone request, reference number x49. your phone will be charged 4.50. if your tone does not arrive please call customer services 09065989182. from: [color=red]text[/color]txtstar",1
"double minutes and txts 4 6month bluetooth free on orange. available on sony, nokia motorola phones. call mobileupd8 on 08000839402 or call2optout/n9dx",1
thesmszone.com allows you to send anonymous and masked messages free of charge..im sending this message from there.. do you see the potential for abuse??,1
"Your phone no 07xxxxxxx won a â £2,000 Bonus Caller prize on 02/06/03! this is the second attempt to reach you! call 09066362231 asap! box97n7qp, 150ppm",1
"download as many ringtones as u as no restriction, 1000s 2 choose. or you can even send 2 years of friends. txt sir to 80082 â€3",1
babe: u want me dont u baby! in nasty and have a thing 4 dirty guys. fancy a rude time with a sexy bitch. how about we go slo n hard! txt xxx slo(4msgs),1
Guess who I am?This is the first time I created a website www.asjesus.com read everything I wrote. I am waiting for your opinions. I want to be your friend 1/1,1
No. 1 nokia tone 4 u mob each week! only txt nok to 87021. 1st free tone ! so get txtin now and tell your friends. 150p/tone. 16 reply hl 4info,1
500 free text msgs. only text ok to 80488 and we will credit your account,1
someone you know is trying to contact you through our dating service! to find out who might be called from your mobile or landline 09064015307 box334sk38ch,1
"free game. get rayman golf 4 free arcade games o2. 1st get ur games settings. reply post, then save & activ8. press 0 key for arcade.",1
Ringtone Club: gr8 new polys directly to your phone every week !,1
This is our second attempt to contact u. your prize â€900 yesterday is still waiting for pick up. to claim call now 09061702893. acl03530150pm,1
a r a winner u ave was specially selected 2 received â £ 1000 cash or 4 * vacation (flights inc) talk to a live operator 2 claim 0871277810710p/min (18 ),1
Your phone number has been awarded a guaranteed price of <ukp>2000.Call 09061790125 from the landline.Application 3030. valid 12h. only 150ppm,1
am new 2 club & dont fink we met still b gr8 2 c u please leave msg 2 days wiv ur area 09099726553 response promised carlie x callie 1/minmobsmore kkpobox177hp51fl,1
"Sorry I missed your call, let's talk if you have the time. I'm on 07090201529",1
"You will be selected to collect a â£350 award! pls call call number 09066364311, which you will be selected as a valued mobile customer.",1
you will receive this week triple echo ringing soon. Enjoy it!,1
This is the second time that we have tried to contact u. u. have won the â £ 1450 prize to claim only call 09053750005 b4 310303. t&cs/stop sms 08718725756. 140ppm,1
Call Germany for only 1 pence per minute!Call from a fixed line via the access number 0844 861 85 85. no advance payment. direct access!,1
"0a$networks allow companies to bill text messages, so that they are responsible for their ""suppliers"", just as a store must give a guarantee on what they sell. b. g.",1
"Welcome to uk-mobile-date this msg is free giving free calls to 08719839835. future mgs billed at 150p daily. to cancel send ""go stop"" to 89123",1
"Congratulations! thanks to a good friend u have won the prize â£2,000 xmas. 2 claim is easy, just call 08718726978 now! only 10p per minute. bt-national-rate",1
auction sms - a new nokia 7250 is up to 4 auction today! auction is free 2 join and participate! txt nokia to 86021 now!,1
74355 xmas is coming & u awarded or â€TM 500 cd gift vouchers and free entry 2 r â€TM 100 txt weekly draw music at 87066 tnc,1
Important information 4 orange user. Today is your lucky day!2Find out why you connect to http://www.urawinner.com there is a fantastic surprise waiting for you!,1
sorry! u can't unsubscribe yet. the mob offer package has a min runtime of 54 weeks> pls resubmit request after runtime. answerob help 4 more info,1
"¡urgent!! your 4* sun coast or 5000 € await the collection. call 09050090044 now paraclaim. sae, tc s, pobox334, Stockport, sk38xh, cost1,500/pm, max10mins",1
You will receive the best mobile content service in the uk for £3 per 10 days until you send a stop at 83435. helpline 08706091795.,1
"call 09066350750 of your landline. your free vacation 4* ibiza or 10,000 species are waiting for the collection sae t&cs po box 434 sk3 8wp 150 ppm 18+",1
How about getting in touch with people who are waiting for companies? simply txt back your name and your age to choose! enjoy the community (150p/sms),1
Themob>yo yo yo-ici comes a new selection of hot downloads for our members to get for free! just click and open the next link sent to ur fone...,1
"thank you, winners of sms notified. good luck! no future marketing answer stop 84122 customer service 08450542832",1
had your phone 10 mths? Update to latest orange camera / video phones for free. save â £s with free texts / weekend calls. text yes for a callback or no to opt out,1
"today offer! claim ur â£150 discount coupons! text yes until 85023 now! savamob, member offers mobile! t cs 08717898035. â£3.00 sub. 16. unsubscribe reply x",1
"promotion number: 8714714 - or awarded a break in the city and could win a summer shopping wave of 200 each store wk. txt at 88039 . skilgme. tscs087147403231winawk!age16 â€ 1,50perwksub",1
update_now - 12mths half price orange line rental: 400mins...call mobileupd8 to 08000839402 or call2optout=j5q,1
"Do you realize that in about 40 years, thousands of old ladies will be walking around with tattoos?",1
"sppok up ur mob with a Halloween collection of nokia logo &pic message plus a free tone eerie, txt map spook at 8007",1
ur cash-balance is currently 500 pounds - to maximize your cash-in now send go to 86688 only 150p/meg. cc: 08718720201 hg/suite342/2lands row/w1j6hl,1
"I want some dick! my hubby is gone, I need a real man 2 meet me. txt woman to 89938 for no string action. (txt stop 2 end, txt rec â £ 1.50ea. otbox 731 la1 7ws. )",1
85233 free>Rington! reply real,1
"thank you for your ringtone order, reference number x29. your mobile will be charged 4.50. if your tone does not arrive please call customer service 09065989180",1
"Urgent! please call 0906346330. Your abta free 4 * Spanish vacation or â £ 10,000 cash waiting collection sae t&cs box 47 po19 2ez 150ppm 18+",1
Private! your 2003 account account for shows 800 unretrieved points s. i. m. call 08718738002 ID code: 48922 expires on 21/11/04,1
I haven't heard of u4 for a while. Call me now I'm here all night with just my panties in. make me beg for it as you did last time 01223585236 xx luv Nikiyu4.net,1
just December! had your mobile 11mths+? you have the right to upgrade to the latest mobile color camera for free! call the mobile vco update for free at 08002986906,1
collect your Valentine's Day weekend at paris inc flight & hotel + â £ 200 price guaranteed! text: paris to no: 69101. www.rtf.sphosting.com,1
"Urgent. Important information for 02 user. Today is your lucky day! 2 discover why, sign in to http://www.urawinner.com there is a fantastic surprise waiting for you!",1
Can you get 2 phone now? I want chat 2 set up call me now at 09096102316 or you can run here 2moro luv jane xx calls+1/minmoremobsemspobox45po139wa,1
You heard about the new divorce barber?,1
free entry in 2 a wkly comp to win fa cup final tkts 21 May 2005. text fa to 87121 to receive the entry question(std txt rate)t&c's apply 08452810075over18's,1
"Dear voucher holder, to claim this offer of weeks, at pc please go to http://www.e-tlp.co.uk/reward. ts&cs apply.",1
"guess what! someone you know secretly, fantasies you! do you want to find out who it is? call us at 09065394514 from the landline datebox1282essexcm61xn 150p/min 18",1
Call now free phone 0800 542 0578!,1
You have a new message. Please call 08712400200.,1
free entry into our weekly comp £250 just send the word enter to 84128 now. 18 t&c www.textcomp.com cust care 08712405020.,1
"or are guaranteed the last phone nokia, an MP3 player ipod 40gb or a price â£500! txt word: collection at n: 83355! ibhltd ldnw15h 150p/mtmsgrcvd18",1
you have 1 new message. please call 0878738034.,1
"sms services. for your including text credits, pls goto www.comuk.net login= 3qxj9 unsubscribe with stop, no additional charge. help 08702840625.comuk. 220-cm2 9ae",1
Valentines days special! earn more than 1000 pounds in our contest and take your partner on the journey of your life! send go to 83600 now. 150p/msg rcvd. custcare:08718720201,1
"urgent -call 09066649731from the landline. Your free 4* ibiza vacation or â £ 10,000 cash waiting collection sae t&cs po box 434 sk3 8wp 150ppm 18+",1
"you are contacted by our dating service by someone you know! to find out who it is, call from a landline 09050000878. pobox45w2tg150p",1
"our dating service has been asked for 2 contact or by someone shy! call 09058091870 now everything will be revealed. pobox84, m26 3uz 150p",1
Your 2003 account statement for 07815296484 shows 800 un-redeemed s.i.m. Points. Call 08718738001 code code 41782 runs from 18/11/04,1
"gr8 poly tones 4 all peats direct 2u rply with poly title to 8007 p.e. poly breathe1 titles: crazy, sleeping with, better, ymca :getzed.co.uk pobox365o4w45wq 300p",1
as registered participant yr draw 4 a â £ 100 gift voucher will be entered upon receipt of a correct ans. when the next olympics. txt ans up to 80062,1
"hi drool your jordan, how to r u? im home from abroad and solitaire, send me a message again if you want chat xxsp visionsms.com stop text for stopcost 150p 08712400603",1
Welcome! Please respond with your age and sex to get started. e.g. 24m,1
"themob> Check out our latest selection of content, games, sounds, gossip, babes and sports, keep your mobile fit and funky text wap to 82468",1
get the official england poly ringtone or color flag on your mobile for tonight's game! Text tone or flag 84199. optout txt tight stop box39822 w111wx â £1.50,1
+449071512431 urgent! this is the second attempt to contact u!u have won â £ 1250 call 09071512433 b4 050703 t&csbcm4235wc1n3xx. callcost 150ppm mobilesvary. maxâ £ 7. 50,1
"u were overtaken by simonwatson5120 in the dvd plyr shinco. 2 bid again, visit sms. ac/smsrewards 2 final bid notifications, reply end",1
lost from 88066 â £ 12 help,1
Urgent! we try to contact u. Drawing today shows that you have won a â£2000 prize guaranteed. call 09066358361 of land line. claim y87. only valid 12hs,1
"Bears pic nick, and tom, pete and ... thick. in fact, all kinds try gay chat with photo upload call 08718730666 (10p/min). 2 stop texts call 08712460324",1
Want real doggin pitches sent directly to your mobile? join the largest doggystyle network uks. dogs txt at 69696 now!nyt. ec2a. 3lp â£1.50/msg.,1
text forbidden to 89555 to view! textperator 150p g696ga 18+ xxx,1
clear here am havin borin time & am now one u want cum over 2nite? chat now 09099725823 hop 2 c u luv clear xx callsâ£1/minmoremobsemspobox45po139wa,1
last chance 2 claim ur â£150 value of text reduction vouchers yes to 85023 now!savamob-member mobile offer t cs 08717898035. â£3.00 sub. 16 . delete txt x or stop,1
"00966362231 Urgent! your phone number 07xxxxxxxxx won a bonus prize of 2,000 people on 02/06/03! this is the second attempt to get to you! call 09066362231 as soon as possible!",1
"Hungry gay guys feel hungry and up to 4 him, now. call 08718730555 just 10p/min. to stop the texts call 08712460324 (10p/min)",1
I don't know u and u don't know me. send chat to 86688 now and we'll meet! only 150p/msg rcvd. hg/suite342/2lands/row/w1j6hl ldn. 18 years or more.,1
"think ur smart ? win â£200 this week in our weekly quiz, text game to 85222 now!t&cs winning club po box 84, m26 3uz. 16+. gbp1.50/week",1
Customer Service announcement. You have a new years of delivery waiting for you. please call 07046744435 now to arrange the delivery,1
Missed call alert. These numbers called but left no messages. 070080009200,1
Your account for 2003 for 07973788240 shows 800 unretrieved points s. i. m. called 08715203649 ID code: 40533 expires 31/10/04,1
dear holder of voucher 2 ask for your 1st class airport passes when using your holiday voucher call 08704439680. when booking quote 1st class x 2,1
urgent! your mobile number has been awarded with a guaranteed 2000 prize. call 09061790121 of the land line. claim 3030. valid 12hrs only 150ppm,1
* free* polyphonic ringtone text super up to 87131 to get your free polytone of the week now! 16 sn pobox202 nr31 7zs subscription 450pw,1
"Freemsg has been granted a free mini digital camera, just reply snap to collect your prize! (quizclub opt out? stop 80122300p/wk sp:rwm ph:08704050406)",1
"customer service announcement.We recently tried to make a delivery to you, but were not able to do so, please call 07090298926 to reschedule. ref:9307622",1
claire here i am Havin borin time & I am alone now u want to run over 2nite? chat now 09099725823 hope 2 c u luv claire xx callson1/minmoremobsemspobox45po139wa,1
get a new mobile phone by being an agent of the mafia! more charge more goodies! for more information just text carpet at 87021.,1
Your phone number has been awarded a â£2000 Bonus Caller Prize. Phone 09058095201 from land line. only valid 12 hours,1
85233 free>ringtone!responder real,1
Never thought to live a good life with a perfect partner? just txt back name and age to reach the mobile community. (100p/sms),1
new textbuddy chat 2 hot guys in ur area 4 only 25p free 2 receive search postal code or on gaytextbuddy.com. txt a name at 89693,1
winner! as an estimated network customer hvae was selected to collect a â£900 reward! call 09061701444. only valid 24 hours. acl03530150pm,1
Your unique user ID is 1172. for removing send stop to 87239 customer service 08708034412,1
xmas prizes! we try to contact u. today draw shows that you have won a â£2000 guaranteed price. phone 09058094565 of landline. valid 12 hours only,1
We tried to contact you our offer of new video phone 750 anytime any network minutes half price rental camcorder call 08000930705 or reply for delivery wed,1
ur cash-sole is currently 500 pounds - to maximize ur cash-in now send go to 86688 only 150p/msg. cc 0871872001 hg/suite342/2lands line/w1j6hl,1
88800 and 89034 are premium telephone services on number 08718711108,1
Adults 18 Content Your video will be with you shortly,1
monthly password for wap. mobsi.com is 391784. use your phone wap pas pc.,1
Private! your 2003 account for 07808 xxxxx shows 800 unretrieved points s. i. m. called 08719899217 ID code: 41685 expires on 07/11/04,1
check out choose your baby videos @ sms.shsex.netun fgkslpopw fgkslpo,1
"free msg: get gnarls bellleys ""crazy"" ringtone totally free only answer go to this message now!",1
free video camera phones with half line rental price for 12 mths and 500 minutes ntwk cross 100 txts. call mobileupd8 08001950382 or call2optout/674&,1
"sppok up u mob with a collection of halloween logo and message nokia & pic plus a strange tone for free, txt card shutter to 8007",1
"you are guaranteed the latest phone nokia, an MP3 player ipod 40gb or a price â£500! txt word: collect to no: 83355! ibhltd ldnw15h 150p/mtmsgrcvd18+",1
Bad stories and girls waiting for you,1
+449071512431 urgent! this is the second attempt to get in touch u!u have won â€ ¢ 1250 called 09071512433 b4 050703 t&csbcm4235wc1n3xx. callcost 150ppm mobilesvary. maxâ€ 7. 50,1
"Good news! Call freefone 08006344447 to claim your £1,000 cash or £2,000 warranty as a gift.",1
ur balance is now â£500. ur next question is: Who sang 'uptown girl' in the 80s ? 2 answer txt ur answer to 83600. good luck!,1
"urgent!: Your mobile phone number was awarded a â£2,000 bonus caller prize on 09.02.03! this is our 2nd attempt to contact you!",1
test sun! win a super sony dvd recorder if you can name the capital of australia? mquiz text to 82277. b,1
"Thanks for your ringtone order, reference t91. You will be charged gbp 4 per week. You can unsubscribe at any time by calling customer service at 09057039994",1
"six chances of winning in cash! from 100 to 20,000 pounds txt> csh11 and send at 87575. cost 150p/day, 6days, 16+ tsandcs apply reply hl 4 info",1
gr8 new service - live sex video chat on your mob - see the sexiest dirty girl live on ur phone - 4 details text horny to 89070 to cancel send stop to 89070,1
new mobiles from 2004 onwards! txt: nokia to no: 89545 & collect yours today! from only â£1. www.4-tc.biz 2optout 087187262701.50gbp/mtmsg18 txtauction.,1
1000's of girls a lot local 2 u r r virgins 2 this & r ready 2 4fil ur all sexual needs. can u 4fil theirs? text cute to 69911(â £1.5p. m),1
call 09066368327 now closing date04/09/02 claimcode m39m51 â£1.50pmplusdemobile2bremouvé-mobypobox734ls27yf,1
Want explicit sex in 30 seconds? ring 02073162414 now! costs 20p/min,1
4mths half price orange line rental & the latest camera phones 4 for free. had your phone 11mths ? call mobilesdirect for free to update to 08000938767 now! or2stoptxt,1
You have won a guaranteed prize of 200 € or even 1000 € in cash to claim the free prize call at 08000407165 (18+) 2 stop getstop at 88222 php,1
uve bin awarded 50€ to play 4 instant cash. call 08715203028 to claim. each 9th player wins min 50€ 500€. optout 08718727870,1
"new tones included this week: 1)mcfly-all ab.., 2)sara jorge-shock.. 3) will blacksmith switch.. to order follow instructions on next message",1
hello if us lookin 4 saucy day fun busty wife wiv I am free all next week chat now 2 sort time 09099726429 janinexx callen1/minmobsmorelkpobox177hp51fl,1
"Funding number: 8714714 - ur awarded a city trip and could win a â £ 200 Summer Shopping Spree each wk. txt store to 88039. skilgme. tscs087147403231winawk!age16 â £ 1,50perwksub",1
Oh my God! I found your number again! I'm so glad to text me back after this msgs cst std ntwk chg â £ 1.50,1
"Dear holder of the voucher, to claim this offer of weeks, to your pc please go to http://www.wtlp.co.uk/text. ts&cs apply.",1
Why does it take so little time for a child who is afraid of the darkness to become a teenager who wants to stay out all night?,1
"win: we have a winner! mr. t. foley won an ipod! more exciting prizes soon, so keep an eye on mobile ur or visit www.win-82050.co.uk",1
"Hey boys. want hot xxx photos sent directly 2 ur phone? txt porn at 69855, 24 hours free and then only 50p a day. to stop text stopbcm sf wc1n3xx",1
"urgent! your mobile phone number *********** won a 2000 bonus prize on 06/10/03! this is the second attempt to get to you! call 09066368753 asap! box 97n7qp, 150ppm",1
"freemsg hey u, I just got 1 of these video/pic fones, respond wild to this txt & wrong send u my photos, hurry im so bored at work xxx (18 150p/rcvd stop2stop)",1
Congratulations our award winner or 500 CD gift coupons and free entry 2 our 100 weekly raffle txt music at 87066 tncs www.ldew.com1win150ppmx3age16,1
"had your contract mobile 11 mnths? latest Motorola, nokia etc. all for free! Double minutes & text on orange rates. text yes for recall, no to remove from records.",1
"you have earned a guaranteed amount of £1000 in cash or a prize of £2,000 in sterling. to claim a year price call our customer service representative on",1
u r a winner or bird has been specially selected 2 receive â€1000 in cash or a 4 * vacation (inc flights) speak with a live operator 2 claim 0871277810710p/min (18 ),1
"Welcome to uk-mobile-date this msg is free to give you free call 08719839835. Future mgs charged at 150p daily. to cancel send ""go stop"" to 89123",1
collect the weekend of your Valentine for betting inc vol & hôtel + â£200 price guaranteed! text: bets to no: 69101. www.rtf.sphosting.com,1
our cash balance is currently 500 pounds - to maximize our cash-in now send cash to 86688 only 150p/msg. cc: 08718720201 po cash 114/14 tcr/w1,1
Lord of the rings: return of the king to the store now! answer lotr by 2 June 4 chance 2 win band his lotr cds stdtxtrate. answer stop to finish txts,1
"Urgent! your mobile n° 07808726822 was awarded a bonus call price of £2,000 on 02/09/03! this is our 2nd attempt to contact you! call 0871-872-9758 box95qu",1
"Urgent! call 09066350750 from your landline. Your free 4* Ibiza holiday or 10,000 cash waiting collection sae t&cs po box 434 sk3 8wp 150 ppm 18+",1
"Free entry in 2 weeks Comp for a chance to win an ipod. txt pod to 80182, to get entry (std txt rate) t&c's application 08452810073 for details 18+",1
Do you want a new video handset? 750 anytime any network mins? half-prix line rental? camcorder? answer or call 08000930705 for delivery tomorrow,1
"sms. ac jsco: energy is high, but u may not know where 2channel it. 2day ur leadership skills r strong. psychological? reply ans w/question. end? reply end jsco",1
your 2003 statement of account for 07753741225 shows 800 points s. i. m. not repaid. phone 08715203677 identification code: 42478 expires on 24/10/04,1
"Sunshine hols. to claim ur med holiday send a stamped self-address envelope on drinks on us uk, po box 113, bray, wraplow, egg. Quiz starts Saturday! unsub stop",1
bloomberg - center message +447797706009 why wait? apply for your future http://careers. bloomberg.com,1
"for our chance to win 250 pounds each wk txt: play 83370. t's&c's www.music-trivia.net custcare 08715705022, 1x150p/wk.",1
"Hi guys. want hot xxx photos sent directly 2 or phone? txt porn at 69855, 24 hours free and then only 50p per day. to stop text stopbcm sf wc1n3xx",1
Send a logo 2 for lovers - 2 names connected by a heart. txt love name1 name2 mobno eg love adam eve 07123456789 to 87077 yahoo! pobox36504w45wq txtno 4 no ads 150p.,1
new phones from 2004 must go! txt: nokia to no: 89545 & collect yours today! from only £1. www.4-tc.biz 2optout 087187262701.50gbp/mtmsg18 txtauction.,1
as a registered subscriber pull 4 to £100 gift voucher b will be entered at the reception of a correct year. when are the next Olympics. txt years at 80062,1
Private! your 2003 account account for shows 800 unretrieved points s. i. m. call 08715203652 ID code: 42810 expires on 29/10/0,1
money!!! you r a lucky winner ! 2 claim your prize text money 2 88600 over 1 million euros to give away ! ppt150x3 + normal text rate box403 w1t1jy,1
Do you want a new nokia 3510i color phone delivered tomorrow? with 200 free minutes for any mobile + 100 free text + free camcorder answer or call 8000930705,1
"Congratulations! 2 mobile 3g videophones r yours. Call the 09063458130 now! Videochat with your buddies, play java games, dload polyph music, noline rentall.",1
"freemsg You have been awarded with a free mini digital camera, just answer Snap to collect your prize! (quizclub opt out? stop 80122300p/wk sp:rwm ph:08704050406)",1
Sorry! or you cannot unsubscribe yet. the mob offer package has a minimum period of 54 weeks> pls resend the request after expiry. reply themeob help 4 more info,1
your club: your subs has now expired 2 re-sub response monoc 4 monos or polyc 4 polys 1 weekly @ 150p per week txt stop 2 stop this free stream msg 0871212025016,1
monthly password for wap. mobsi.com is 391784. do not use your wap phone pc.,1
had your mobile 10 mths? update of the latest orange camera / video phones for free. save â £s with free texts / weekend calls. text yes for a reminder or not to refuse,1
freemsg hi baby wow has just had a new cam moby. want c a hot pic? ou fan a chat?im w8in 4utxt / rply chat at 82242 hlp 08712317606 msg150p 2rcv,1
"hottest pictures directly on your phone!! always see me wet and want to, just for you xx text pictures to 89555 now! txt costs 150p text operator g696ga 18 xxx",1
burger king - want to play footbally in a high stadium? get 2 burger king before the 1st seven and go big or great with coca-cola and get out a winner,1
"free ring tone text only ""polis"" to 87131. then every week get a new tone. 0870737910216yrs only â€ 1,50/wk.",1
join the most excited doggystyle service of the uk and u can have sex 2nite!. just register and follow the instructions. txt entered at 69888 now! nyt.ec2a.3lp.msg@150p,1
"You will be contacted by our dating service from someone you know! to find out who it is, call from a landline 09050000878. pobox45w2tg150p",1
"your free call tone is waiting to be picked up. simply text the password ""mix"" to 85069 to verify. get usher and britney. fml, po box 5249, mk17 92h. 450ppw 16",1
"Customer Service Announcement. We have recently tried to make a delivery to you, but were not able to do this, please call 07090298926 to re-plane. ref:9307622",1
"hi babe its jordan, comment r u? im home from abroad and alone, text me back if u want chat xxsp visionsms.com text stop to stopcost 150p 08712400603",1
"erie nokia tones 4u, rply tone title to 8007 eg tone dracula to 8007 titles: ghost, addamsfa, munsters, exorcist, twilight www.getzed.co.uk pobox36504w45wq 150p",1
says u 2 call 09066358152 to claim â £ 5000 price. u have 2 all ur mobile & personal data @ the requests. careful!,1
Would you like to see my xxx pictures that they are so hot that they were almost banned in the Uk!,1
"free nokia or motola with up to 12mths 1/2price linerental, 500 x-net free minutes&100txt/mth free b'tooth*. call mobileupd8 at 08001950382 or call 2optout/d3wv",1
"44 7732584351, do you want a new colour phone 3510i delivered tomorrow? with 300 minutes free to any mobile + 100 free texts + free camcorder response or call 08000930705.",1
camera - you are given a sipix digital camera! call 09061221066 from landline. delivery within 28 days.,1
themob>yo yo-yo-here comes a new selection of hot downloads for our members to get free! Just click & open the next link sent ur fone...,1
your 2003 statement of account for 07815296484 shows 800 points s.i.m. not repaid. to number 08718738001 ID code 41782 expires on 18/11/04,1
Call 09095350301 and send our girls to erotic ecstasy. Only 60p/min. to stop the messages call 08712460324 (nat rate),1
urgent! please call 09061743811 from the landline. your free abta 4 * holiday haveife or 5000 cash wait for the collection box of t&cs 326 cw25wx 150ppm,1
88066 from 88066 lost 3pounds of help,1
I'm sorry I missed your call. Let's talk when you have time. I'm at 07090201529,1
preferred voucher holder 2 require your airport-lounge passes of the 1st class when using your holiday voucher 08704439680. at the time of booking offer 1. class x 2,1
respond with your name and address and you will receive by mail a week of accommodation totally free at several global locations www.phb1.com ph:08700435505150p,1
"urgently! call 090666126661 from the landline. your 4* additional vacation haveife or €10,000 in cash wait collection sae t&cs po box 3 wa14 2px 150ppm 18+ sender: hol offer",1
"1000's flirt now! txt girl or bloke & ur name & age, e.g. girl zoe 18 to 8007 to participate and chat!",1
text & meet someone sexy today. u can find a date or even flirt his up to & join 4 only 10p. answers with name & age eg sam 25. 18 -msg recd@thirtyeight pence,1
"4. the highest bid is now £54. the next maximum bid is £71. to bid, send bids for example 10 (to bid at £10) to 8338383. good luck.",1
txt: Call 86888 and ask for your 3 hour conversation reward to use from your phone now! subscribe6gbp/mnth inc 3hrs 16 stop?txtstop www.gamb.tv,1
"urgent!: your mobile phone no. was awarded a bonus prize of 2,000 on 02/09/03! this is our second attempt to contact you! call 0871-872-9755 box95qu",1
"as a valued customer, I am pleased to inform you that following the recent review of your mafia no. you are rewarded with a bonus prize of £1500, call 09066364589",1
Urgent! we try to contact u. today's draw shows that you have won a guaranteed £800 prize. Call 09050001808 of the terrestrial line.,1
we tried to contact you re your answer to our offer of a new nokia fone and camcorder hit reply or call 08000930705 for delivery,1
88800 and 89034 are premium telephone services called 08718711108,1
want 2 get laid tonight? want real dogging locations sent directly 2 ur mob? close the uk largest dogging network bt txting gravel to 69888! nt. ec2a. 31p.msg@150p,1
Have you ever heard of the new barbie divorce?,1
8007 free for the first week! no1 nokia tone 4 u mob each week only txt nokia to 8007 get txting and tell your colleagues www.getzed.co.uk pobox 36504 w4 5wq rule 150p/tone 16+,1
winner!! as a valued network client who has been selected to receive a prize reward of 900€! to claim the call 09061701461. kl341 claim code valid only 12 hours.,1
<transferted from 88877> free entry in our weekly comp £250 just send the word enter to 88877 now. 18 t&c www.textcomp.com,1
"Double minutes and txts 4 6months free bluetooth on orange. available on sony, nokia motorola phones. Call mobileupd8 on 08000839402 or call2optout/n9dx",1
Your 2004 account statement for 07742676969 shows 786 unredeemed bonus points. to request call 08719180248 ID code: 45239 expires,1
"freemsg you got a free mini digital camera, just answer snap to collect your price! (quizclub opt out? stop 80122300p/wk sp:rwm ph:08704050406)",1
"Today's offer! claim ur 150 is worth discount vouchers! text yes to 85023 now! savamob, member offers mobile! t cs 08717898035. 3:00 sub. 16 . unsub reply x",1
someone you know is trying to contact you via our dating service! to find out who it could be called from your mobile or landline 09064015307 box334sk38ch,1
okmail: dear dave this is your last opinion to collect your 4* tenerife holiday or # 5000 cash award! call 09061743806 from the landline. tcs sae box326 cw25wx 150ppm,1
Natalie (20/f) invites you to be her friend. answer yes-165 or no-165 see it: www.sms.ac/u/natalie2k9 stop? send the stop at 62468,1
83039 62735=£450 uk break accommodationvouchers The General Terms and Conditions apply.,1
free entry in our â€ ¢ 250 weekly comp just send the word enter to 84128 now. 18 t&c www.textcomp.com cust careful 08712405020.,1
You can donate $2.50 to the Asian Unicef Tsunami Support Fund by sending a text message to 864233. $2.50 will be added to your next bill.,1
u have a secret admirer who seeks 2 to make contact with u-find who they r*revel who thinks ur so special-call on 09065171142-stopsms-08,1
ur cash-sole is currently 500 pounds - to maximize ur cash-in now send cash to 86688 only 150p/msg. cc: 08708800282 hg/suite342/2lands line/w1j6hl,1
You have won a â€1000 cash or a prize â€2000. to claim the Yarn award call our customer service representative at 08714712394 between 10am-7pm,1
"pdate_now - double minds and 1000 txts on orange tariffs. latest motorola, sonyerisson & nokia & bluetooth free! call mobileupd8 on 08000839402 or call2optout/!yhl",1
"urgent! please call 09061213237 from the landline. â £5,000 cash or a 4 * holiday waiting collection. t & cs sae po box 177 m227xy. 16+",1
text banned at 89555 to see! cost 150p textoperator g696ga 18+ xxx,1
had your phone 11mths ? update for free on orange latest color camera phones & unlimited weekend calls. Call mobile upd8 to freefone 08000839402 or 2stoptxt,1
Double your mins & txts on orange or 1/2 price linerental - motorola and sonyericsson with b/tooth free-nokia free call mobileupd8 to 08000839402 or2optout/hv9d,1
win a year of cd 4 a store of choice of value of £500 and enter our txt weekly draw from £100 to 87066 ts&cs www.ldew.com.subs16+1win150ppmx3,1
"Your phone number 07808726822 was awarded a bonus prize of 2,000 on 02/09/03! this is our second attempt to contact you! call 0871-872-9758 box95qu",1
Answer with your name and address and you will receive by post a week completely free accommodation at various global locations www.phb1.com ph:08700435505150p,1
"3 free tarot texts! learn more about your love life now! try 3 free! text chance to 85555 16 only! after 3 free, msgs â £ 1,50 each",1
"bears pic nick, and tom, pete and ... dick. In fact, all types try gay chat with the photo upload call 08718730666 (10p/min). 2 stop messages called 08712460324",1
easters tv quiz. what flower dot compare to? d= violet e= tulip f= lily txt d e or f to 84025 now win 4 chance 2 â £ 100 cash wkent/150p16+,1
Congratulations either â£500 cd Gift vouchers & free admission 2 our â£100 weekly pulling txt music to 87066 tncs www.ldew.com1win150ppmx3age16,1
customer service annoncement. you have a delivery of new years waiting for you. please call 07046744435 now to arrange delivery,1
**Free message**Please use the auction subscription service. 18 . 150p/msgrcvd 2 skip auction txt out. 2 unsubscribe txt stop customercare 08718726270,1
"Dear voucher holder, 2 claim these weeks offer to apply to your PC go to http://www.e-tlp.co.uk/expressoffer ts&cs.2 stop texts txt stop up to 80062.",1
"ur awarded a break in the city and could win a summer shopping wave of 200 each store wk. txt at 88039 . skilgme. tscs087147403231winawk!age16 â€ 1,50perwksub",1
88066 of 88066 lost 3pound help,1
"urgent!! your 4* costa del soil holiday or â £5000 wait for the collection. call 09050090044 now toclaim. sae, tc s, pobox334, stockport, sk38xh, costâ £1.50/pm, max10mins",1
"SMS services for your text credits included, pls goto www.comuk.net login= 3qxj9 unsubscribe with stop, at no extra charge. help 08702840625.comuk. 220-cm2 9ae",1
Do you want 750 at any time any network minutes 150 text and a new video phone for just five pounds per week call 08000776320 now or answer for delivery tomorrow,1
22 days to start! for euro2004 u will stay up to date with the latest news and daily results. to delete send txt stop to 83222,1
"last chance! claim ur â£150 discount vouchers today! text shop to 85023 now! savamob, offers mobile! t cs savamob pobox84, m263uz. â£3.00 sub. 16",1
"You are a â£1000 winner or guaranteed caller price, this is our last attempt to contact you! call now 09071517866! 150ppmpobox10183bhamb64xe",1
Congratulations for receiving either a delivery of cd of blank discs or a mystery gift guaranteed at 09061104283 ts&cs www.smsco.net â£1.50pm about 3mins,1
Hello. Customer loyalty offer: the new mobile nokia6650 from just â€ ¢10 in txtauction! txt word: start no: 81151 and get yours now! 4t&ctxt tc 150p/mtmsg,1
You have an important first-time customer service announcement. Call for free 0800 542 0578 now!,1
u has a secret admirer who is looking for 2 making contact with u-discover who r* reveals who thinks u is so special-called at 09058094599,1
are you unique enough? learn about August 30th. www.areyounique.co.uk,1
"all the latest stereophony, marley, racal dizzee, libertines and strokes! win nookii games with flirting!! click themoob wap marker or text wap at 82468",1
"is guaranteed the latest phone nokia, an iPod mp3 player of 40gb or a prize of 500 €! txt word: collect no: 83355! ibhltd ldnw15h 150p/mtmsgrcvd18",1
get ur 1st ringtone free now! reply to this msg with tone. gr8 top 20 tones to your phone every week just at £1.50 per wk 2 opt out send stop 08452810071 16,1
customer loyalty offer:the new mobile nokia6650 from only â£10 to txtauction! txt word: start at n: 81151 & get yours now! 4t&ctxt tc 150p/mtmsg,1
Denied a guaranteed or unsecured loan? can't get credit? call for free 0800 195 6669 or text back 'help' & we will!,1
txt ansr at 82277. â€1.50 sp:tyrone,1
Enjoy the jamster videosound gold club with your credits for 2 new videosounds+ logos+musicnews! get more fun from jamster.co.uk! 16+only help? call: 09701213186,1
Message important information for o2 users. today is your lucky day! 2 find out why there is a fantastic surprise waiting for you on http://www.urawinner.com,1
"win: we have a winner! mr. t. foley won an ipod! more exciting prizes soon, so keep an eye on ur mobile or visit www.win-82550.co.uk",1
"as a valued customer, I am pleased to inform you that after the last review of your Mafia No. you will be awarded a â£ 1500 bonus prize, call 09066368470",1
Do not forget that you can place as many free requests with 1stchoice.co.uk as you want. for more information call 08707808226.,1
"Sunshine quiz wkly q! win a top-sony DVD player if u know which country liver pool played in the middle of the week? txt ansr 82277. â £ 1,50 sp:tyrone",1
buy space invaders 4 a chance 2 win arcade games from orig console. press 0 for arcade games (std wap load) view o2.co.uk/games 4 terms + configuration. do not purchase,1
e-mail alert: jeri stewartsize: 2kbsubject: low-cost prescripion drvgsto e-mail call 123,1
"Well done! your 4* sun coast or 5000 € await the collection. call 09050090044 now paraclaim. sae, tcs, pobox334, Stockport, sk38xh, cost1,500/pm, max10mins",1
"I want a dick! my husband is far away, I need a real man 2 to satisfy me. txt woman at 89938 for no string action. (txt stop 2 end, txt rec â£1.50ea. otbox 731 la1 7ws. )",1
"u've selected to stay in 1 of 250 top British hotels - for noth! vacation worth £350! call 08712300220 to claim - national rate call. bx526, sw73ss",1
"wan2 win a meet+greet with westlife 4 u or a m8? they are currently on what tour? 1) unbreakable, 2) undamaged, 3) unintentional. text 1.2 or 3 to 83049. cost 50p +std text",1
you are given a sipix digital camera! call 09061221061 fixed line. delivery within 28 days. cs177. m221bp. 2 years warranty. 150ppm. 16 . p â € 3.99,1
ur cash-balance is currently 500 pounds - to maximize ur cash-in now send go to 86688 only 150p/msg. cc: 0871872001 in box 114/14 tcr/w1,1
warner village 83118 c colin farrell in swap this wkend @warner village & get 1 free med. popcorn!just show msg+ticket@kiosk.valid 4-7/12. c t&c @kiosk. reply sony 4 mre film offers,1
text & meet someone sexy today. u can find a date or even flirt his up to u. join 4 just 10p. answer with name & age for example 25. 18 -msg recd@thirtyheight pence,1
u have won a 6230 nokia plus a free digital camera. this is what you get when you win our free auction. to participate send nokia to 83383 now. pobox114/14tcr/w1 16,1
"Hello orange. for 1 month free access to games, news and sports, plus 10 free texts and 20 photo messages, answer yes. conditions apply: www.orange.co.uk/ow",1
Dating: I have had two of these. only started after I sent a text to talk to sports radio last week. any connection do you think or coincidence?,1
get the official ringtone england poly or color flag on yer mobile for tonight's game! your text or flag at 84199. optout txt eng stop box39822 w111wx â£1.50,1
Important information 4 user orange 0796xxxxxx. today is our lucky day!2 find out why log in at http://www.urawinner.com there is a fantastic prize waiting for you!,1
response to win â€100 weekly! What professional sport Tiger Woods play? send stop to 87239 to finish service,1
missed call alert. these numbers called but left no message.,1
Today's voda numbers ending 5226 are selected to receive a ?350 prize. if you have a match please call 08712300220 quoting 1131 standard claim code app rates,1
07732584351 - rodger burns - msg = we tried to call you re your answer to our sms for a free nokia mobile + free camcorder. please call now 08000930705 for delivery tomorrow,1
"sms. ac sun0819 posts hello: ""You seem cool, wanted to say hello. hello!!!"" stop? send stop to 62468",1
win a £200 shopping spree every week from now on. 2 play text store at 88039. skilgme. tscs08714740323 1winawk! age16 â £1.50parweeksub.,1
camera - you are rewarded with a digital camera sipix! call the 09061221066 dem fixed. delivery within 28 days,1
"cmon babe, make me hot, * turn me on*! txt me your fantasy now babe -) hot im, sticky and need you now. all answers cost â€1.50. 2 cancel send stop",1
you will receive your tone within the next 24 hours. for terms and conditions please see channel or teletext pg 750,1
Free tones expect you to enjoy your new content. text stop to 61610 to unsubscribe. help:08712440602450p provided by tones2you.co.uk,1
4mths half price orange rental line and the latest phones with camera 4 free. had your phone 11mths ? call mobiledirect free on 08000938767 to upgrade now! o2stoptxt,1
"urgent! please call 0906346330. your free abta 4* Spanish vacation or £ 10,000 in cash waiting for the collection sae t&cs box 47 in19 2ez 150ppm 18+",1
hello. we need some posh birds and chops users testprods for champneys. can I put you? I need your address and dob asap. ta r,1
"You are guaranteed the latest phone nokia, an iPod player mp3 40gb or a prize of 500 €! txt word: collect no: 83355! ibhltd ldnw15h 150p/mtmsgrcvd18",1
ur got a break in town and could win a summer race of £200 each store wk. txt at 88039 . skilgme. tscs087147403231winawk!age16 â£1.50perwksub,1
"text yes to 85023 now! savamob, member offers mobile! t cs savamob pobox84, m263uz. â£3.00 subs 16",1
more people are choking in your area now. call 09090204448 and join as mind boys. why not organize 1 yourself. there is 1 tonight. a+1.50 minapn ls278bb,1
you want to call 750 any time all network mines 150 text and a new video phone for just five pounds a week 0800288812 or answer for delivery tomorrow,1
Hello. We need some birds and chic chaps to the user of the test prods for the champions. Can I ask you? I need your address and dob asap. your r,1
mobile wonder play the ultimate official game spider-man (â £4.5) on ur mobile right now. text spider at 83338 for the game & we will send u a free 8ball wallpaper,1
u are subscribed to the best mobile content service in the uk for 3 people for ten days until you send the stop to 83435. helpline 08706091795.,1
"freemsg why haven't you responded to my text? I am raddy, sexy, woman and local live. luv listen from u. netcollex ltd 0870062117150p per msg response stop to finish",1
free entry in our â€ ¢ 250 weekly comp just send the word win to 80086 now. 18 t&c www.txttowin.co.uk,1
"nokia or motorola free with up to 12 mths 1/2 price linerental, 500 minutes x-net free&100txt/mth b'tooth free*. Call mobileupd8 on 08001950382 or call 2optout/d3wv",1
someone u know has requested our meeting service 2 contact you! can't guess who? call 09058091854 now everything will be revealed. po box385 m6 6wu,1
xmas! prize draws we are trying to contact u. today's draw shows that you have won a prize â€ 2000 guaranteed. call 09058094565 from the earthline. valid only 12 hours,1
You have won a guaranteed â £ 1000 cash or a â £ 2000 prize. to claim yr prize call our customer service representative on,1
send a logo 2 ur lover - 2 names joined by a heart. txt love name1 name2 mobno eg love adam up 07123456789 to 87077 yahoo! pobox36504w45wq txtno 4 no ads 150p.,1
have we tried to contact you for your answer to our offer of a video phone? 750 at any time any network minutes? unlimited text? camcorder? answer or call 08000930705 now,1
"You have tkts to Euro2004 cup finale or â £ 800 cash to collect call 09058099801 b4190604, pobox 7876150ppm",1
A reward of £400 xmas awaits you! our computer randomly chose you from our loyal mobile customers to receive a reward of £400. just call 09066380611,1
Prepare your garden for the summer with a free selection of summer bulbs and seeds worth 33:50 € only with the scotch this Saturday. to stop go2 notxt.co.uk,1
"freemsg why didn't you answer my text? I am randy, sexy, female and live local. luv to hear from u. netcollex ltd 08700621170150p by msg response stop to end",1
Do you want a new video phone? 750 any time all network mines?half-price line rent free text for 3 months?Reply or call 08000930705 for free delivery,1
"You are being contacted by our dating service by someone you know! to find out who it is, call from a dirt line 09050000928. pobox45w2tg150p",1
answer to win at £100 weekly! where will the 2006 fifa World Cup be held? send the stop to 87239 to finish the service,1
urgent! we try to contact you. last weekend pulling shows that you have won a â£900 prize guaranteed. call 09061701939. call code s89. only valid 12hs,1
"urgent this is our 2nd attempt, contact & your â £900 price of yesterday is still waiting collection. call now 09061702893. acl03530150pm",1
"thank you for your ringtone order, reference number x49. your mobile will be charged 4.50. if your tone does not arrive please call customer service 09065989182. from: [colour=red]text[/colour]txtstar",1
congratulations awarded ur 500 cd vouchers or 125 gift guaranteed & free entry 2 100 wkly draw music txt at 87066,1
natalja (25/f) invites you to be her friend. answers yes-440 or no-440 see her: www.sms.ac/u/nat27081980 stop? send stop frnd to 62468,1
moby pub quiz.win a â£100 high street prize if u know who the new duchess of cornwall will be? txt first name to 82277.unsub stop â£1.50 003704050406 sp,1
u have won a nokia 6230 plus a free digital camera. this is what u get when u win our free auction. to join send nokia to 83383 now. pobox114/14tcr/w1 16,1
"welcome to select, a o2 service with added benefits. You can now call our specially trained advisors free of charge from your phone by choosing 402.",1
ur cash-balance is currently 500 pounds - to maximize ur cash-in now send cash to 86688 only 150p/msg. cc: 0871872001 in box 114/14 tcr/w1,1
great new offer - double minutes & double txt on the best orange prices and get the latest camera phones 4 free! call mobileupd8 free on 08000839402 now! or 2stoptxt t&cs,1
freemsg>fav xmas tones!responder real,1
Big brother alarm! the computer has chosen u for 10k cash or #150 coupon. call 09064018838. ntt po box cro1327 18+ bt fixed network costs 150ppm mobile phones vary,1
have your mobile 11mths? upgrade free to latest orange color camera and unlimited weekend calls. call mobile upd8 on freefone 08000839402 or 2stoptx,1
cashbin.co.uk (get a lot of money this weekend!) www.cashbin.co.uk Dear welcome to the weekend we have got our biggest and best gift in cash!!,1
"u've been selected to stay in 1 of 250 top British hotels - for nothing!Holiday worth â £ 350! choose 08712300220 to claim - national tariff call. bx526, sw73ss",1
"Win the latest âŸharry potter and the order of the phoenix (Book 5) answer Harry, answer 5 questions - chance to be the first among the readers!",1
get a free mobile video player free movie. to collect text go to 89105. its free! extra movies can be ordered t's and c's apply.,1
free unlimited porn hardcore direct 2 your mobile txt porn at 69200 & get free access for 24 hours then chrgd@50p per day txt stop 2exit. this msg is free,1
"get 3 lions ton england, respond lionm 4 mono or lionp 4 poly. 4 plus go 2 www.ringtones.co.uk, the original 3gbp network operator rates n best.",1
"Congratulations - thanks to a good friend or have won the prize â€ ¢ 2,000 xmas. 2 claim is easy, just call 08712103738 now! only 10p per minute. bt-national-rate",1
18 days before the start of Euro2004! u will be kept informed of all the latest news and daily results. unsubscribe send get Euro stop to 83222.,1
someone has connected our dating service and entered your phone because you like it! to find out who you are calling from landline 091110301116. pobox12n146tf15,1
you have earned a guaranteed amount of £1000 in cash or a price of £2000. to claim the yr price call our customer service representative at 08714712394 between 10am and 7pm,1
freemsg>fav xmas tones!response real,1
"Urgent! your phone number 077xxx won a bonus prize of 2,000 people on 06/02/03! this is the second attempt to get to you! call 09066362206 asap! box97n7qp, 150ppm",1
Ur 500 Guaranteed Prize has not yet been claimed! call 09066368327 now closing date04/09/02 claim code m39m51 â€1.50pmmms from mobile2bremoved-mobypobox734ls27yf,1
"double minutes and 1000 txts in orange rates. last motorola, sonyericsson and nokia with bluetooth free! call mobileupd8 at 08000839402 or call2optout/hf8",1
You won a nokia 7250i. Here's what you get when you win our free auction. to participate send nokia to 86021 now. hg/suite342/2lands range/w1jhl 16+,1
You'll soon get this week's triple tone of echo. Enjoy it!,1
Double minutes & double txt & 1/2 price linerental on latest orange Bluetooth mobile. Call mobileupd8 for the latest deals. 08000839402 or call2optout/lf56,1
"to review and maintain the fantastic game deck n-gage nokia with club nokia, go 2 www.cnupdates.com/newsletter. unsubscribe alerts respond with word out",1
You have won a guaranteed £200 award or even £1000 cashto claim ur award call free on 08000407165 (18+) 2 stop getstop on 88222 php,1
"freemsg: claim ur 250 sms messages-text ok to 84025 now!use web2mobile 2 ur mates etc. contact txt250.com for 1.50p/wk. t&c box139, la32wu. 16 . delete txtx or stop",1
+123 congratulations - in the draw this week u won the prize â£1450 to claim just call 09050002311 b4280703. t&cs/stop sms 08718727868. more than 18 only 150ppm,1
2 Bahamas! callfreefone 0808156065 and speak to a live operator to claim either bahama cruise of £2000 with 18+ only. to refuse txt x to 07786200117,1
"today the numbers of vodafone ending with 0089 (my last four digits) are selected to receive a prize â£350. if your number matches, please call 09063442151 to claim your prize â£350",1
"gr8 poly tonalities 4 all maghes direct 2u rply with poly title at 8007 eg poly breathable1 titles: snooze, sleeping with, more beautiful, ymca:getzed.co.uk pobox365o4w45wq 300p",1
Urgent! your mobile number has been assigned with a price of £2000 guaranteed. phone 09061790121 of the landline. claim 3030. valid 12hrs only 150ppm,1
want to deliver a new nokia 3510i color phone tomorrow? with 200 free minutes to any mobile phone + 100 free text + free camcorder answer or call 08000930705,1
"44 7732584351, would you like a new nokia 3510i color phone delivered tomorrow? with 300 free minutes for any mobile + 100 free texts + free camcorder answer or call 08000930705.",1
emergency call 09066649731from the fixed line. your 4* ibiza free vacation or £10 000 in cash await the collection sae t&cs po box 434 sk3 8wp 150ppm 18+,1
Do you want explicit sex in 30 seconds? ring 02073162414 now! costs 20p/min gsex pobox 2667 wc1n 3xx,1
Married local women looking for discreet action now! 5 real games instantly on your phone. text match to 69969 msg cost 150p 2 stop txt stop bcmsfwc1n3xx,1
"You have won! Your 4* costa del sol vacation or â £ 5000 waiting collection. call 09050090044 now to demand. sae, tc s, pobox334, stockport, sk38xh, costâ £ 1.50/pm, max10mins",1
"download as many ringtones as u as no restrictions, 1000s 2 choose. u can even send 2 years of friends. txt sir to 80082 â£3",1
Call from 08702490080 - says u 2 call 09066358152 to claim â £ 5000 price. u have 2 give all ur mobile & personal data @ the prompts. careful!,1
Free entry into our â£250 week contest only text to win the word 80086 now. 18 t&c www.txttowin.co.uk,1
Sports fans - get the latest sports news str* 2 ur mobile 1 wk free plus a free tone txt sport on 8007 www.getzed.co.uk 0870141701216+ Standard 4txt/120p,1
am new 2 club & whose fink we meet been been b gr8 2 c u please leave msg 2day wiv ur area 09099726553 answer promised carlie x callsâ£1/minmobsmore lkpobox177hp51fl,1
gsoh? good with spam ladies?u could b a male gigolo? 2 join the fastest growing men's club uk guard response. mjzgroup. 08714342399.2stop reply stop. msg1.50rcvd,1
"knock knocking txt, whose it is to give 80082 r weekly drawing 4 a â £ 250 gift voucher 4 a shop of yr choice. t&cs www.tkls.com Alter16 to stoptxtstopâ £ 1.50/week",1
u have a secret admirer who seeks 2 to make contact with u-find who they r*revel who thinks ur so special-call on 09065171142-stopsms-08718727870150ppm,1
Guess what! Someone you know secretly you! Want to know who it is? Call us on 09065394973 fixed datebox1282essexcm61xn 150p/min 18,1
"as a valued customer, I am pleased to inform you that after the last review of your Mafia No. you will be awarded a â£ 1500 bonus prize, call 09066364589",1
to participate in our mobile survey yesterday! you can now have 500 texts 2 use as you wish. 2 get txts just send txt to 80160 t&c www.txt43.com 1.50p,1
"I repeat, just text the word ok on your mobile phone and send",1
"thank you, winner notified by SMS. good luck! no future marketing response stop at 84122 customer services 08450542832",1
500 new mobiles from 2004 onwards! txt: nokia to no: 89545 & collect yours today! from only â£1 www.4-tc.biz 2optout 087187262701.50gbp/mtmsg18,1
free video phones with half-price rental line for 12 mths and 500 minutes cross ntwk 100 txts. call mobileupd8 08001950382 or call2optout/674&,1
"freemsg: claim ur 250 sms months messages-text ok to 84025 now!use web2mobile 2 ur mates etc. join txt250.com for 1.50p/wk. t&c box139, la32wu. 16 . remove txtx or stop",1
"is guaranteed the latest phone nokia, an iPod mp3 player of 40gb or a prize of 500 €! txt word: collect no: 83355! ibhltd ldnw15h 150p/mtmsgrcvd18+",1
"Congratulations! thanks to a good friend or have won the prize of 2,000 xmas. 2 claim is easy, just call 08718726978 now! only 10p per minute. bt-national-tariff",1
just December! had your mobile 11mths+? you have the right to upgrade to the latest mobile color camera for free! call the mobile update for free at 08002986906,1
splashmobile: choose from 1000 gr8 tones each wk! it is a subscrition service with weekly tones costing 300p. u have a credit - kick back and enjoy,1
<forwarded from 21870000>hi - this is your message SMS alert. you have 4 messages. you have 21 matches. please call 09056242159 to retrieve your messages and matches,1
alert big brother! computer has selected u for 10k cash or #150 good. phone 09064018838. ntt po box cro1327 18+ bt fixed cost 150ppm mobile vary,1
You are a winner u were specially selected 2 received â £ 1000 or a 4 * holiday (flights inc) talk to a live operator 2 claim 0871277810910p/min (18+),1
"knock knock txt that there at 80082 to enter r weekly draw 4 a gift voucher â€250 4 a store of your choice. t&cs www.tkls.com age16 to stoptxtstopâ€ 1,50/week",1
yes! the only place in the city to meet exciting adult singles is now in the uk. txt chat to 86688 now! 150p/msg.,1
free top ringtone -sub to weekly ringtone-get 1st weekly free-send subpoly to 81618-?3 per week-stop sms-08718727870,1
someone has contacted our dating service and entered your phone because they want you! to find out who it is calling from a landline 09111032124 . pobox12n146tf150p,1
Your 2003 account statement shows 800 un-redeemed s. i. m. Points. Call 08718738002 ID: 48922 runs from 21/11/04,1
you will receive your tone within the next 24h. for terms and conditions please see channel u teletext pg 750,1
dear subscriber ur draw 4 â£100 gift voucher is entered upon receipt of a correct one.When was elvis presley's birthday? txt reply to 80062,1
we have tried to call you re your reply to our SMS for a mobile video 750 minutes unlimited text + free camcorder response of the call 08000930705 now,1
"free message activate your 500 free text messages answering this message with the free word for terms and conditions, visit www.07781482378.com",1
Money!!! You r a lucky winner ! 2 claim your price text money 2 88600 about â £ 1 million to give away ! ppt150x3+normal text rate box403 w1t1jy,1
I don't know u and u don't know me. send chat to 86688 now and let's find other! only 150p/msg rcvd. hg/suite342/2lands/row/w1j6hl ldn. 18 years or older.,1
"you have earned a guaranteed amount of £1000 in cash or a price of £2,000. to claim a year price call our customer service representative at 08714712412 between 10:00 am and 7:00 pm cost 10p",1
"for your chance to win a free bluetooth headset and then simply respond with ""adp""",1
private! your 2003 account statement to display 800 unedited s. i. m. points. Call 08718738002 ID code: 48922 expires on 21/11/04,1
important message. this is a final contact attempt. you have important messages waiting for our customer claims dept. expire 13/4/04. call 08717507382 now!,1
dorothy@kiefer.com (granite bank emits strong-buy) explosive pick for our members *******up more than 300% ********** nasdaq symbol cdgt which is a $5.00 per..,1
You are a winner that you have been specially selected to receive â£1000 cash or a â£2000 award. talk to a live operator call 087147123779am-7pm. cost 10p,1
Good luck!Drawing takes place February 28th 06th good luck! for removing send stop to 87239 customer service 08708034412,1
"Congratulations 2 mobile 3g videophones r yours. call 09063458130 now! videochat wid ur mates, play java games, dload polyph music, noline rentl. bx420. ip4. 5we. 150p",1
goldviking (29/m) invites you to be his friend. answer yes-762 or no-762 see: www.sms.ac/u/goldviking stop? send stop frnd to 62468,1
"sms. ac sun0819 posts hello:""you think cool, I wanted to say hello. hello!!!"" stop? send stop to 62468",1
"mila, age23, blonde, new in uk. I look at sex with guys uk. if you like pleasure with me. text mtalk at 69866.18 . 30pp/txt 1st 5free. â£1.50 increments. help08718728876",1
"Thanks for your ringtone order, reference number x29. Your phone will be charged 4.50. if your tone does not arrive, please call Customer Service 09065989180",1
"thanks for your call tone order, reference t91. you will be charged gbp 4 per week. you can unsubscribe at any time by calling customer services at 09057039994",1
someone has contacted our dating service and entered your phone because they like you! to find out who you are calling from a landline 09111032124 . pobox12n146tf150p,1
freemsg:feelin in a way I just hope you like 2 me to keep company! jst got a cam moby wants c my pic?txt or reply date at 82242 msg150p 2rcv lp 08712317606 stop at 82242,1
Please contact: http://www.wtlp.co.uk/text. ts&cs.,1
you want a shag? i do.interested? sextextuk.com txt xxuk suzy at 69876. txts cost 1.50 per msg. tncs on the website. x,1
Did you hear about the new Divorce-Barbie?,1
Remember that you can place as many free requests with 1stchoice.co.uk as you wish. for more information call 08707808226.,1
ringtone top gratuit -sous-à-ringtone weekly-get 1st week free-send subpoly at 81618-?3 per week-sms-08718727870,1
You have won a â€1000 cash or a prize â€2000. to claim the yr prize call our customer service representative at 08714712412 between 10am-7pm cost 10p,1
Private! your 2003 account account for shows 800 unretrieved points s. i. m. call 08715203694 ID code: 40533 expires on 31/10/04,1
uâve bin got â£50 to play 4 instant cash. Call 08715203028 to claim. Each 9th player wins min â£50-â£500. optout 08718727870,1
"the auction round 4. the highest bid is now â€ ¢ 54. the next maximum bid is â€TM71. to bid, send bids e.g. 10 (to bid â€10) to 83383. good luck.",1
new textbuddy chat 2 hot guys in ur area 4 only 25p free 2 receive search postal code or on gaytextbuddy.com. txt a name at 89693. 08715500022 rpl stop 2 cnl,1
"Will your dream partner's career be over soon? 2 a start of flyng? 2 discover for free, txt horo followed by a sign of the star ur, e.g. horo aries",1
"had your mobile 10 mths? update on the latest cameras/video phones for free. keep ur same number, get extra free minutes/texts. text yes for a call",1
07732584351 - rodger burns - msg = we have tried to call you re your answer to our SMS for a free mobile nokia + free camcorder. please call now 08000930705 for delivery tomorrow,1
"baby, get excited, *turn me! txt me your fantasy now baby -) im hot, sticky and need you now. all answers cost to £1.50. 2 cancel send stop",1
Please call 0906661266 from the landline. â £5000 cash or a luxury 4* Canary Islands holiday await the collection. t&cs sae price. 20m12aq. 150ppm. 16+ â.,1
gr8 new service - live sex video chat on your mafia - see the most dirty and sexy girls live on your phone - 4 details text excited at 89070 to cancel the shipment stop at 89070,1
This is the second time we have tried to contact u. u have won the 1450 prize to claim just call 09053750005 b4 310303. t&cs/stop sms 08718725756. 140ppm,1
"u have a secret admirer who searches 2 make contact with u-find out who they r*reveal, who thinks ur so special call on 09058094565",1
25p 4 Alfie Moon's children in Not Song on ur mob. tell ur m8s. txt Ton Charity to 8007 for nokias or Poly Charity for polys: zed 08701417012 profit 2 Charity.,1
"scare your mob with a Halloween collection of a logo & image message plus a free scary tone, txt card scare 8007 zed 08701417012150p per logo/pic",1
"had his mobile contract 11 mnths? last motorola, nokia etc. all free! double minutes and text in orange rates. text yes for callback, not to remove from records",1
"tddnewsletter@emc1.co.uk (more thedailydraw games) dear Hellen, dozens of free games - with great prizes..",1
tells u 2 call 09066358152 to claim the prize â€5000. u have 2 enter all personal and mobile data @ indications. watch out!,1
camera - you are rewarded with a digital camera sipix! call the 09061221066 dem fixed.Delivery within 28 days.,1
Would you like to see my photos xxx that they are so hot that they were almost banned in the uk!,1
"Hello orange. For 1 month of free access to games, news and sports, plus 10 free texts and 20 photographic messages, answer yes. the terms apply: www.orange.co.uk/ow",1
your 2003 statement of account for 07973788240 shows 800 points s. i. m. not repaid. phone 08715203649 ID code: 40533 expires on 31/10/04,1
had your phone 11 months or more? u r authorized to update to the latest color mobiles with camera free of charge! call the mobile update co for free to 08002986030,1
"six chances to earn cash! from 100 to 20,000 pounds txt> csh11 and send to 87575. cost 150p/day, 6days, 16+ tsandcs apply the answer hl 4 info",1
big brother alert! the computer has selected u for 10k cash or #150 voucher. call 09064018838. ntt po box cro1327 18 + bt fixed cost 150ppm mobiles vary,1
"u can earn 100 music gift bonuses every week from now txt the word draw to 87066 tscs www.ldew.com skillgame,1winaweek, age16.150ppermesssubscription",1
Are you unique enough? find out from August 30th. www.areyouunique.co.uk,1
-pls stop bootydelious (32/f) invites you to be your friend. answers yes-434 or no-434 see them: www.sms.ac/u/bootydelious stop? send stop frnd to 62468,1
<forwarded from 448712404000> please call 08712404000 immediately because there is an urgent message waiting for you.,1
free unlimited hardcore porn direct 2 your mobile txt porn 69200 & get free access for 24 hours then chrgd@50p per day txt stop 2exit. this msg is free,1
This message is free of charge. welcome to the new & improved Sex & Dogging Club! to unsubscribe from this service Response stop. only msgs@150p 18,1
08714712388 between 10 a.m. and 7 p.m.,1
You have an important customer service announcement from premier. call now free phone 0800 542 0578!,1
from www.applausestore.com monthly subscription@50p/msg max6/month t&csc web age16 2stop txt stop,1
Today's voda numbers ending with 7634 are selected to receive a reward of 350€. If you have a match please call 08712300220 quoting claim code 7684 standard rates apply.,1
you want to call 750 any time all network mines 150 text and a new video phone for just five pounds a week 08000776320 now or answer for delivery tomorrow,1
You have a guaranteed â £ 200 Award or even â £ 1000 Cashto claim ur award call free on 08000407165 (18+) 2 stop getstop on 88222 php. rg21 4jx,1
4mths half price line orange rental & last camera phones 4 free. had your phone 11mths+? phone direct for free on 08000938767 to update now! or2stoptxt t&cs,1
December only! did your phone have 11mths+? You are entitled to update the latest color camera mobile for free! call the mobile update for free to 08002986906,1
date: I had two of these. it only started after I sent a text message to talk about sports radio last week. any connection you think or coincidence?,1
Sorry to miss your call talk when you have time. I'm on 07090201529,1
Congratulations on your gift of virgin disc CDs or a guaranteed mystery gift called 09061104283 ts&cs www.smsco.net â€1.50pm approx. 3mins,1
valentines day special! win about â£1000 in our quiz and take your partner on the journey of a life! send you go to 83600 now. 150p/msg rcvd. custcare:08718720201.,1
get a free free movie mobile video player. to collect text go to 89105. free sound! extra movies can be ordered t's and apply. 18 years only,1
"You have 1 new voice mail, please call 08719181513.",1
"This is the second time we have tried to contact u. u have won the prize of 400. 2 claim is easy, just call 087104711148, now! only 10p per minute. bt-national-tariff",1
"customer service announcement.We recently tried to make a delivery to you, but were not able to do so, please call 07099833605 to reschedule. ref:9280114",1
500 new mobile phones from 2004 must go! txt: nokia to no: 89545 & collect yours today!from only â £1 www.4-tc.biz 2optout 087187262701.50gbp/mtmsg18,1
"had your contract mobile 11 mnths? latest Motorola, nokia etc. all for free! Double minutes & text on orange rates. text yes for recall, no remove from records",1
Called from 08702490080 - says u 2 called 09066358152 to claim the 5000 prize. u have 2 enter all personal and mobile data @ indications. watch out!,1
"hello, 2 nights of the lucky night! uve has been invited 2 xchat, the wildest chat uks! txt chat to 86688 now! 150p/msgrcvdhg/suite342/2lands/row/w1j6hl ldn 18yrs",1
"your chance to be in a reality fantasy show now calls = 08707509020 just 20p per min ntt ltd, po box 1327 croydon cr9 5wb 0870 is a national call = fare",1
More people are doggy-style in your area now. Call 090902044448 and join like the guys thought. why not organize 1 yourself. 1 tonight. aâ£1.50 minapn ls278bb,1
i am hot n horny and wish I live local to you - text a response to ear strt back from me 150p per msg netcollex ltdhelpdesk: 02085076972 reply stop to end,1
88066 of 88066 lost 3 pounds of aid,1
hi 07734396839 ibh loyalty offer to customers: the new nokia6600 mobile from only â£10 to txtauction!txt word: start at n:81151 and get yours now!4t&,1
Your voucher b4u w/c 27/03 is marsms. Log in at www.b4utele.com to receive discount credit.,1
u have a secret admirer who searches 2 make contact with u-find out who they r*reveal who thinks ur so special call on 09065171142-stopsms-08718727870150ppm,1
"get ur 1. ringtone now free! answers to this msg with tone. gr8 top 20 tones on your phone every week only â £ 1,50 per wk 2 opt out send stop 08452810071 16",1
"ur balance is now €600. next question: complete the milestone, big, a. bob, b. barry or c. ben?. text a, b or c to 83738. good luck!",1
"You are a €1000 winner or guaranteed call prize, this is our last attempt to contact you! to claim call 09071517866 now! 150ppmpobox10183bhamb64xe",1
Your b4u voucher w/c 27/03 is marsms. login to www.b4utele.com for discount credit.,1
Answer to â £ 100 weekly to win! what professional sports plays tiger woods?Send stop to finish 87239 service,1
"Your mobile phone was awarded a â£ 1,500 bonus caller prize on 27/6/03. our last attempt 2 contact u! call 08714714011",1
8007 free for the first week! no1 nokia tone 4 ur mob each week only txt nokia to 8007 get txting and tell ur mates www.getzed.co.uk pobox 36504 w4 5wq standard 150p/tone 16+,1
+123 Congratulations - this week contest draw u have won the â £ 1450 prize to claim only call 090500002311 b4280703. t&cs/stop sms 08718727868. over 18 only 150ppm,1
"Urgent! we have 800 free flights to Europe to give, call b4 10th Sept & take a friend 4 free. Call now to claim the 09050000555. ba128nnfwfly150ppm",1
"Hi it's Amy, we'll send you a free phone number in a few days, which will give you access to all adult parties...",1
Your mobile number has been awarded with a guaranteed 2000 prize. Call 09061790126 from the land line. claim 3030. valid 12hrs only 150ppm,1
"free2day sexy st george's day photo of jordan!txt pic to 89080 don't miss, then every wk a famous sauciy!4 more photos c pocketbabe.co.uk 0870241182716 3/wk",1
Do you want 750 at any time any network minutes 150 text and a new video phone for just five pounds per week call 08002888812 or answer for delivery tomorrow,1
sms. ac sptv: the new jersey devil and the detroit red wing play ice hockey. right or wrong? end? reply end sptv,1
free entry in 2 a weekly comp for a chance to win an iPod. txt pod at 80182 to get the entry (std rate txt) t&c's apply 08452810073 for details 18+,1
December only! did your phone have 11mths+? You are entitled to update the latest color camera mobile for free! call the mobile update vco for free to 08002986906,1
strip kit - you have been charged 150p. netcollex ltd. po box 1013 ig11 oja,1
Your phone number has been awarded with a â£2000 price guaranteed. call 09058094454 by land line. call 3030. only valid 12hs,1
urgent! we try to contact u. today draw shows that you have won a â £2000 guaranteed price. phone 09066358361 of the landline. claim y87. valid 12 hours only,1
Save money on wedding lingerie at www.bridal.petticoatdreams.co.uk choose from a great selection with national delivery.,1
18 days until the Euro2004 Kickoff! u will be informed every day about all news and results.,1
free for the 1st week! no1 nokia Ton 4 ur mobile every week only txt nokia to 8077 get txting and tell ur mates. www.getzed.co.uk pobox 36504 w45wq 16+ norm150p/tone,1
ready for any end even if you have a bad credit! tenants welcome. Call noworriesloans.com on 08717111821,1
"upgrdcentre orange customer, you can now claim your free camera phone upgrade for your loyalty. Call now to 0207 153 9153. Offer ends July 26. t&c's apply. opt-out available",1
Call 09090900040 and listen to the extreme dirty live chat in the office right now total privacy no one knows their [sic] listen 60p min 24/7mp 087075331018+,1
new textbuddy chat 2 horny guys in ur range 4 only 25p free 2 get search postcode or at gaytextbuddy.com. txt a name to 89693. 08715500022 rpl stop 2 cnl,1
can't get credit? call free now 0800 195 6669 or text back 'help' and we will!,1
You have been specially selected to receive a prize of 2000 pounds! call 08712402050 before the lines are closed. cost 10ppm. 16+. t&cs apply. ag promo,1
"0a$Nets allow companies to pay for SMS so that they are responsible for their ""suppliers"", just like a business must give a guarantee on what they sell. b. g.",1
urgent! please call 09061743810 from the landline. your free abta 4* tenerife vacation or # 5000 species await collection sae t&cs box 326 cw25wx 150 ppm,1
"Hello, the sexychat girls are waiting for you to text them. text now for a great night chat. send stop to stop this service",1
"Hello there, 2 nights for happy night! uve was invited 2 xchat, the uks wildest chat! txt chat to 86688 now! 150p/msgrcvdhg/suite342/2lands/row/w1j6hl ldn 18yrs",1
December only! was your mobile 11mths+? you have the right to free update the latest mobile color camera! call the mobile update vco free of charge at 08002986906,1
Welcome! Please answer with your age and sex to begin with. e.g. 24m,1
update_now - 12mths at half price rental orange line: 400mins...call mobileupd8 at 08000839402 or call2optout=j5q,1
"new tones this week include: 1) mcfly-all ab.., 2) sara jorge-shock.. 3) blacksmith-switch.. to order follow the instructions in the next message",1
"wamma get sex?want real doggin locations sent directly to your mobile? join the largest docking network of uks. txt dogs at 69696 now!nyt. ec2a. 3lp â€ 1,50/msg.",1
sports fans - get the latest str* 2 ur mobile news 1 wk free plus a free tone txt sport on 8007 www.getzed.co.uk 0870141701216+ standard 4txt/120p,1
valentines day special! win about â£1000 in our quiz and take your partner on the journey of a life! send you go to 83600 now. 150p/msg rcvd. custcare:08718720201,1
Do you want a new video phone750 at any time any network mins 150 text for only five pounds a week call 08000776320 now or respond to delivery tomorrow,1
"you have won! your 4* costa del soil vacation or £5000 collection waiting. call 09050090044 now toclaim. sae, tc s, pobox334, stockport, sk38xh, costâ £1.50/pm, max10mins",1
"as a valued customer, I am pleased to inform you that following the recent review of your mafia no. you are rewarded with a bonus prize of £1500, call 09066368470",1
Please call our customer service representative on the toll free phone 0808 145 4742 between 9am-11pm as you have won a guaranteed prize of 1000 pounds or 5000 pounds!,1
ringtone club: gr8 new direct polys to your mobile every week!,1
Want to deliver a new nokia 3510i color phone tomorrow? with 300 free minutes to each mobile phone + 100 free texts + free camcorder answer or call 08000930705,1
mobile club: choose one of the top quality items for your mobile. 7cfca1a,1
Have a look at choosing your videos baby @ sms.shsex.netun fgkslpopw fgkslpo,1
Important information 4 user orange 0789xxxxxx. Today is your lucky day!2Find why you log in to http://www.urawinner.com there is a fantastic surprise waiting for you!,1
"for ur chance to win â £ 250 cash per wk txt: play up to 83370. t's&c www.music-trivia.net custcare 08715705022, 1x150p/wk.",1
money!!! you are a lucky winner! 2 claim your prize text money 2 88600 over £1million to give! ppt150x3+normal text rate box403 w1t1jy,1
Can you get 2 phone now? I want chat 2 set up meet me now call me on 09096102316 u can cum here 2moro luv jane xx callsâ£1/minmoremobsemspobox45po139wa,1
Please call 09061213237 from a fixed line. â £ 5000 cash or a 4* holiday await the collection. t &cs sae po box 177 m227xy. 16+,1
"had your phone 10 mths? Update to the latest camera / video phones for free. keep ur same number, get additional free minutes / texts. Text yes for a call",1
"for our opportunity to win a â€250 cash each wk txt: action at 80608. t's&c's www.movietrivia.tv custcare 08712405022, 1x150p/wk",1
latest nokia mobile or ipod mp3 player +â£400 proze guaranteed! answers with: win up to 83355 now! norcorp ltd.â£1.50/mtmsgrcvd18+,1
"bangbabes or order is on the way. u must receive a msg 2 service download the content. if you do not, goto wap. bangb. tv on your mobile Internet/service menu",1
you have won a guaranteed prize â £200 or even â £1000 cashto ask for the free ur award call on 08000407165 (18+) 2 stop getstop on 88222 php,1
"free game. get rayman golf 4 free arcade games o2. 1st get ur games settings. post answer, then save & activ8. press 0 key for arcade. tersapply",1
"dorothy@kiefer.com (bank of granite issues to buy heavily) Explosive Pick for our members *****up over 300% *********** nasdaq symbol cdgt, that's a $5.00 per..",1
sun quiz wkly q! win a better sony dvd player if you know in which country the algarve is? txt ansr at 82277. â£1.50 sp:tyrone,1
urgent! your mobile number has been awarded with a prize of 2000 € guaranteed. call 09058094455 from the earth line. claim 3030. valid only 12hrs,1
"urgent! we have 800 free flights to Europe to give away, call b4 10th sept & take a friend 4 off. call now to claim on 0905000555. ba128nnfwfly150ppm",1
"as a valued customer, I am pleased to advise you that after the recent review of your mob no. you are awarded a bonus prize of â€¢ 1500, call 09066364589",1
u 2 calls 09066358152 to claim â£5000 prices. u have 2 enter all the mobile and personal details ur @ the invitees. attention!,1
"Last chance! claim ur 150 is worth discount vouchers today! text yes to 85023 now! savamob, member offers mobile! ts savamob pobox84, m263uz.",1
"Congratulations! 2 mobile 3g videophones r yours. call 09061744553 now! videochat wid ur mates, play java games, droad polyh music, noline rental. bx420. ip4. 5we. 150pm",1
22 days to start! for euro2004 u will be kept up to date with the latest news and daily results. to delete send get txt stop at 83222,1
"sms. ac jsco: energy is high, but u may not know where it 2channels. 2 days ur leadership skills r strong. medium? answer years w/question. end? answer fin jsco",1
Do you want to have sex tonight? Do you want choking real places sent directly 2 us mob? join the UK's largest choking network bt txting gravel at 69888! nt. ec2a. 31p.msg@150p,1
ur cash balance is currently 500 pounds - to maximize ur cash-in now send go to 86688 only 150p/meg. cc: 08718720201 hg/suite342/2lands row/w1j6hl,1
free entry into our €250 weekly contest only text the word win 80086 now. 18 t&c www.txttowin.co.uk,1
"You have won! your 4* sun coast or 5000 awaits the collection. call 09050090044 now to claim. sae, tc s, pobox334, Stockport, sk38xh, cost 1,500/pm, max10mins",1
"Last mobile nokia or iPod player mp3 400 proze guaranteed! respond with: win 83355 now! norcorp ltd.â€ 1,50/mtmsgrcvd18+",1
"win a cash prize of £1,000 or a prize of £5,000",1
"You are guaranteed the latest nokia phone, a 40gb ipod mp3 player or a â £500 prize! txt word: collect to Nr: 83355! ibhltd ldnw15h 150p/mtmsgrcvd18",1
for participation in our mobile survey yesterday! You can now use 500 texts 2 but you wish. 2 get txts simply send txt to 80160 t&c www.txt43.com 1.50p,1
Had your mobile 10 mths? upgrade to the latest orange camera/video phones for free. save free text messages/week-end calls. text yes for a callback or not to opt out,1
urgent! please call 09061743810 from the landline. your free abta 4* tenerife vacation or #5000 cash wait collection sae t&cs box 326 cw25wx 150 ppm,1
"Hi, darling, how are you today? I'd like to talk, why don't you tell me what you look like and how you're sexy?",1
"themob>hit the link to get a premium pink panther game, the new No. 1 of sugababes, a crazy zebra animation or a good Hoody wallpaper-all 4 free!",1
"sms. ac sun0819 messages hello:""you seem cool, wanted to say hello. hi!!!"" stop? send stop at 62468",1
ur hmv may cash balance is currently €500 - to maximize ur cash-in now send hmv1 to 86688 only 150p/msg,1
jamster! to get your heart of free wallpaper text at 88888 now! t&c apply. 16 only. need help? call 08701213186.,1
you have won a guaranteed prize â £200 or even â £1000 cashto claim ur adjuction free call on 08000407165 (18+) 2 stop getstop on 88222 php. rg21 4jx,1
"win: we have a winner! mr. t. foley won an ipod! more exciting prizes soon, so keep an eye on your mobile or visit www.win-8205050.co.uk",1
your unique user ID is 1172. to delete send stop to 87239 customer services 08708034412,1
freemsg: fancy a flirt?Response date now & join the fastest growing mobile dating service of uks. msgs rcvd only 25p to optout txt stop to 83021.Response date now!,1
get ur 1st ringtone free now! respond to this msg with tone. gr8 top 20 tones to your phone every week only â€1.50 per wk 2 opt out send stop 08452810071 16,1
free entry into our weekly comp £250 just send the word win to 80086 now. 18 t&c www.txttowin.co.uk,1
Want to sleep 2nite? want real doggystyle pitches sent directly to mobile ur? join the largest doggystyle network of the uk. txt park at 69696 now! nyt. ec2a. 3lp â£1.50/msg,1
Ton Club: Your Subs have now expired 2 re-sub reply monoc 4 monos or polyc 4 polys 1 weekly @ 150p per week txt stop 2 stop this msg free stream 0871212025016,1
"09066362231 urgent! Your phone no 07xxxxxxxx won a â £2,000 Bonus Caller prize on 02/06/03! this is the second attempt to reach you! call 09066362231 asap!",1
Your phone number has been awarded with a â£2000 price guaranteed. call 09058094455 by land line. call 3030. only valid 12hs,1
urgent please call 090666126661 from the landline. 5000 € in cash or a luxurious 4 * Canary Islands vacation await collection. t&cs sae prize. 20m12aq. 150ppm. 16+,1
"you have been specially selected to receive a prize ""3000! call 08712402050 before closing the lines. cost 10ppm. 16+. t&cs apply. ag promo",1
"spjanuary male sale! hot gay chat now cheaper, call 08709222922. national tariff from 1.5p/min cheap to 7.8p/min peak! to stop texts call 08712460324 (10p/min)",1
"Your chance at a reality fantasy show call now = 08707509020 only 20p per min ntt ltd, po box 1327 croydon cr9 5wb 0870 is a national = rate call.",1
Private! your 2004 account for 078498***7 displays 786 unretrieved bonus points. to claim call 08719180219 ID code: 45239 expires 06.05.05,1
"fantasy football is back on your TV. go to sky gamestar in the active sky and play â€ ¢ 250k dream team. score starts on Saturday, so register now!sky opt for 88088",1
"to you 07801543489 are guaranteed the latest Nokia phones, an iPod player mp3 40gb or a prize of 500! txt word:collect to no:83355! tc-llc ny-usa 150p/mt msgrcvd18+",1
hi his lucy hubby at meetins all day fri & i b alone in hotel u fancy cumin over? pls leave msg 2day 09099726395 lucy x callsâ £1/minmobsmorelkpobox177hp51fl,1
Want a new video phone? 750 anytime any network mins? half price free text rental line for 3 months? answer or call 08000930705 for free shipping,1
74355 xmas iscoming & ur rewarded either £500 cd gift vouchers & free entry 2 r £100 weekly draw txt music at 87066 tnc,1
"Sunshine quiz wkly q! win a top-sony dvd player if u know in which country the Algarve is? txt ansr 82277. â £ 1,50 sp:tyrone",1
Reply to â £ 100 weekly win! where will the 2006 fifa World Cup take place? send stop to 87239 to end service,1
Free entry into our â£250 weekly comp simply send the word win 80086 now. 18 t&c www.txttowin.co.uk,1
didn't hear from u4 for a while. Call me now I'm here all night with just my panties on. get me begged as u did last time 01223585236 xx luv nikiyu4.net,1
at the new 2 club & dont fink we met still b gr8 2 c u please leave msg 2 day wiv ur area 09099726553 answers promised carlie x callsâ£1/minmobsmore lkpobox177hp51fl,1
Your mobile number has been awarded a guaranteed <ukp>2000 prize. Call 09061790125 from landline. claim 3030. valid 12hrs only 150ppm,1
"500 new mobiles from 2004, you must go! txt: nokia to no: 89545 and collect yours today! from only â€1 www.4-tc.biz 2optout 087187262701.50gbp/mtmsg18 txtauction",1
"Shop up to u gout, is it you, either 10k, 5k, â £500 cash or â £100 travel voucher, call now, 09064011000. ntt po box cr01327bt fixed cost line 150ppm mobile vary",1
We have tried to call you for your answer to our SMS for a 750 minute unlimited text mobile + free call camcorder response 08000930705 now,1
"welcome to uk-mobile-date this msg is free giving you free call to 08719839835. future mg charged at 150p per day. to cancel send ""go stop"" to 89123",1
3. You have received your mobile content.,1
Want to call a new video phone750 any time any network minutes 150 text for just five pounds a week now or answer for delivery tomorrow,1
**free message**Thank you for using the auction subscription service. 18 . 150p/msgrcvd 2 skip an auction txt out. 2 unsubscribe txt stop customercare 08718726270,1
sexy singles are waiting for you! text of your age followed by your sex as the garrot m or f.e.g.23f. for gay men text of your age followed by a g.e.g.23g.,1
"SMS services for your text credits included, pls goto www.comuk.net login= ***** unsubscribe with stop. free of charge. help:08700469649. po box420. ip4 5we",1
Call for free 0800 542 0578 now!,1
"got what it takes 2 to take part in the rally wrc en oz? u can with lucozade energy! text rally to 61200 (25p), see packs or lucozade.co.uk/wrc & itcould be u!",1
"hello, sexychat girls are waiting for you to send them a text message. text now for a great chat night. send stop to stop this service",1
Win a year delivery of CDs 4 a business of choice worth â £ 500 & enter our â £ 100 weekly pulling txt music to 87066 ts&cs www.ldew.com.subs16+1win150ppmx3,1
"win!! as a valued network customer, you have been selected to receive a reward of £900! to claim the call number 09061701461. request the code kl341. valid only 12 hours.",1
-pls stop bootydelious (32/f) invites you to be his friend. answer yes-434 or no-434 see: www.sms.ac/u/bootydelious stop? send stop frnd to 62468,1
dorothy@kiefer.com (granite bank issues strong purchase) explosive choice for our members ****up more than 300% ************ nasdaq symbol cdgt that is a $5.00 par..,1
Important information 4 user orange . today is your lucky day! 2Find out why you can access http://www.urawinner.com there is a fantastic surprise waiting for you!,1
"urgent. important information for the user 02. today is your lucky day! 2 find out why , access http://www.urawinner.com there is a fantastic surprise that awaits you !",1
network operator. the service is free of charge. for t & c's visit 80488.biz,1
new textbuddy chat 2 guys excited in the ur zone 4 just 25p free 2 receive the postal search code or at gaytextbuddy.com. txt a name at 89693,1
someone has our dating service and entered your phone because they want you! to find out who it is calling from landline 09111030116. pobox12n146tf15,1
"mila, old23, blonde, new in uk. i see sex with uk guys. when u like fun with me. text mtalk to 69866.18. 30pp/txt 1. 5free. â £ 1.50 in steps. help08718728876",1
"Congratulations! thanks to a good friend u have won the prize â£2,000 xmas. 2 claim is easy, just call 08718726971 now! only 10p per minute. bt-national-rate.",1
ur cash-balance is currently 500 pounds - to maximize ur cash-in now send collection to 83600 only 150p/msg. cc: 0871872001 in box 114/14 tcr/w1,1
cds 4u: Congratulations on the delivery of 500 € gift vouchers or 125 € gift guaranteed and free entry 2 € 100 wkly draw xt music at 87066 tncs www.ldew.com1win150ppmx3age16,1
ur cash balance is currently 500 pounds - to maximize ur cash-in now send cash to 86688 only 150p/msg. cc: 08718720201 po box 114/14 tcr/w1,1
Congratulations our award winner or 500 CD gift checks and free entry 2 our 100 weekly raffle txt music at 87066 tncs www.ldew.com 1 win150ppmx3age16,1
Urgent is our 2nd attempt to contact u. your price â£900 d'hier is still waiting for collection. to claim phone call now 09061702893,1
ur cash balance is currently 500 pounds - to maximize ur cash-in now send go to 86688 only 150p/msg. cc 08718720201 hg/suite342/2lands row/w1j6hl,1
back 2 job 2mort medium term finished! can u c me 2nite 4 some sexy passion b4 I have 2 back? chat now 09099726481 luv dena calls â€ 1 / minmobsmorelkpobox177hp51fl,1
Your mobile phone is 11 months or more? or r right to upgrade to the latest color mobiles with camera for free! call the mobile update for free at 08002986030,1
"This is the second time we have tried 2 contact u. u have won the prize of 750 pounds. 2 claim is easy, call 08718726970 now! only 10p per min. bt-national-tariff",1
"1000 is flirting now! txt girl or guy and her name and age, for example girl Zoe 18 to 8007 to join and chat!",1
"These weeks the offers of savamob member are now accessible. just call 08709501522 for more details! savamob, pobox 139, la3 2wu. only â € 1,50/week. savamob - offers mobile!",1
thanks 4 your continued support your question this week will enter u in2 our draw 4 â€TM100 in cash. Name the new us president? txt yns at 80082,1
4mths half price line orange rental & last camera phones 4 for free. had your phone 11mths ? direct mobile phone for free at 08000938767 to update now! or2stoptxt,1
"bangbabes ur order is on the way. u should get a service msg 2 download ur content. if u not, goto wap. bangb. tv on ur mobile internet / service menu",1
"Thank you for ordering your ringtone, reference number x49.Your phone will be charged 4.50.If your tone does not arrive, please call Customer Service 09065989182",1
Do you want a new video750 phone at any time any network minutes 150 text for just five pounds per week call 08000776320 now or answer for delivery tomorrow,1
"free game. get rayman golf 4 free from the o2 games arcade. 1. get ur games settings. reply post, then save & activ8. press 0 key for arcade. termsapply",1
"goal! arsenal 4 (herry, 7 v liver pool 2 henry scores with a single shot of 6 meters from a passage by bergkamp to give arsenal a margin of 2 goals after 78 minutes.",1
"5 top polyphonic tones free call 087018728737, national rate. get a toppoly melody sent every week, only subpoly text at 81618, +3 per polo. unsub 087187278770.",1
"Urgent!: your mobile no. received a prize of £2,000 bonus on 02/09/03! this is our 2nd attempt to contact you! call 0871-872-9755 box95",1
"your chance to be on a reality fantasy call now = 08707509020 just 20p per min ntt ltd, po box 1327 croydon cr9 5wb 0870 is a national call = rate",1
Do you want a new Nokia 3510i color phone delivered tomorrow? with 300 minutes free to any mobile + 100 free texts + free camcorder response or call 08000930705,1
"u've been selected to stay in 1 of 250 best British hotels - not at all! vacation valued at 350€! dial 08712300220 to claim - national calling rate. bx526, sw73ss",1
your cool-mob weekly tones are ready to download!These weeks new tones include: 1) crazy frog-axis f>> 2) akon-lonely>>> 3) black eyed-whose p >>>>>more info en n,1
private! your 2004 account statement for 078498****7 indicates 786 bonus points not refunded. to claim the identification number 08719180219 code: 45239 expires on 06.05.05,1
local married women looking for discreet action now! 5 real matches instantly to your phone. text match to 69969 msg cost 150p 2 stop txt stop bcmsfwc1n3xx,1
Missed call alert. These phone numbers called but left no message. 07008009200,1
claire here at havin borin time & am now alone u will cum about 2nite? chat now 09099725823 hope 2 c u uv claire xx callsâ£1/minmoremobsemspobox45po139wa,1
s s s s s s s s s s s s s s s s s s s s s s s s s s s s s s s s s s s s s s s s s s s s s s s s s s s s s s s s s s s s s s s s s s s s s s s s s s s s s s s s s s s s s s s s s s s s s s s s s s s s s s s s s s s s s s s s s s s s s s s s s s s s s s s s s s s s s s s s s s s s s s s s s s s s s s s s s s s s s s s s s s s s s s s s s s s s s s s s s s s s s s s s s s s s s s s s s s s s s s s s s s s s s s s s s s s s s s s s s s s s s s s s s s s s s s s s s s s s s s s s s s s s s s s s s s s s s s s s s s s s s s s s s s s s s s s s s s s s s s s s s s s s s s s s s s s s s s s s s s s s s s s s s s s s s s s s s s s s s s s s s s s s s s s s s s s s s s s s s s s s s s s s s s s s s s s s s s s s s s s s s s s s s s s s s s s s s s s s s s s s s s s s s s s s s s s s s s s s s s s s s s s s s s s s s s s s s s s s s s s s s s s s s s s s s s s s s s s s s s s s s s s s s s s s s s s s s s s s s s s s s s s s s s s s s s s s s s s s s s s s s s s s s s s s s s s s s s s s s s s s s s s s s s s s s s,1
"themob>hit link to get a premium pink panther game, the new number 1 sugababes, a crazy zebra animation or a badass hooded wallpaper!",1
free for the first week! no1 nokia tone 4 u mob each week only txt nokia to 8007 get txting and tell your colleagues www.getzed.co.uk pobox 36504 w45wq standard150p/tone 16+,1
"reminder of o2: to get 2.50 pounds of free call credit and the details of the great offers pls answer 2 this text with your valid name, house no and postal code",1
your credits have been completed for http://www.bubbletext.com your renewal pin is tgxxrz,1
Do you want a new Nokia 3510i color phone delivered tomorrow? with 300 minutes free to any mobile + 100 free texts + free camcorder response or call 08000930705.,1
"Your account has been credited with 500 free text messages. to activate, only txt the word: Credit to No: 804888 t&cs www.80488.biz",1
"Hottest photos directly to your phone!! see me get wet and want, just for you xx text photos at 89555 now! txt costs 150p textoperator g696ga 18 xxx",1
lyricalladie(21/f) invites you to be her friend. answers yes-910 or no-910. see her: www.sms.ac/u/hmmross stop? send stop frnd to 62468,1
their weekly mob-cool tones are ready to download!These new weeks tones include: 1) crazy frog-axel fÃ3r 2) akon-lonelyÃ3n 3) black eyed-dont p â € more information in n,1
"free message enable your 500 free text messages by responding to this message with the free word for terms and conditions, visit www.07781482378.com",1
"u were outbid by simonwatson5120 on the shinco dvd plyr. 2 bid again, visit sms. ac/smsrewards 2 end bid messages, answer end",1
"your mobile contract 11 mnths? last motorola, nokia etc. all free! double minutes & text on orange prices. text yes for reminder, no to delete recordings.",1
Last chance 2 claim ur 150 voucher yes-text vouchers to 85023 now!savamob-member offers mobile ts cs 08717898035. â € 3.00 sub. 16 . remove txt x or stop,1
our cash balance is currently 500 pounds - to maximize our cash-in now send charge to 83600 only 150p/msg. cc: 08718720201 po cash 114/14 tcr/w1,1
Urgent! we are trying to contact you. last weekends draw shows that you have won a prize of €900 guaranteed. call 09061701851. claim code k61. valid only 12 hours,1
Congratulations! nokia 3650 video camera phone is your call 00966382422 calls cost 150ppm bird call 3mins vary from mobile 16+ close 300603 post bcm4284 ldn wc1n3xx,1
Hello if ur lookin 4 saacy day fun wiv busty married woman am free all next week chat now 2 time 09099726429 janinexx callsâ£1/minmobsmorelkpobox177hp51fl,1
free msg: single? find a partner in your region! 1000s of real people wait to chat now!Send a cat to 62220cncl send stops 08717890890â£1.50 per msg,1
"u can win 100 music gift bonuses every week from now txt the word draw at 87066 tscs www.idew.com skillgame, 1winaweek, age16. 150ppermesssubscription",1
"Congratulations! 2 mobile 3g videophones r yours. Call 09061744553 now! videochat wid ur mates, play java games, dload polyh music, noline rentall. bx420. ip4. 5we. 150pm",1
"free2day sexy st george's day pic by jordan!txt pic to 89080 do not miss, then each wk a saucy proceeb!4 more pics c pocketbabe.co.uk 0870241182716 â £3/wk",1
The balance is now £500. The following question is: who sang 'in high town girl' in the 80s? 2 txt ur answer to 83600. good luck!,1
mobile club: choose any of the top quality items for your mobile phone. 7cfca1a,1
freemsg: hey - I'm buffy. 25 and love to satisfy men. house alone feeling randy. reply 2 c my pix! qlynnbv help08700621170150p a msg send stop to stop txts,1
<forwarded from 4487112404000>Please call 08712404000 immediately as there is an urgent message waiting for you.,1
gent! we try to contact you. the draw last weekend shows that you have won a price of 1000 £ guaranteed. call the 09064012160. claim code k52. valid only 12 hours. 150ppm,1
"urgent! you have won a free subscription of one week in our prize of £100,000 jackpot! txt the word: claim at n: 81010 t&c www.dbuk.net lccltd pobox 4403ldnw1a7rw18",1
Would you like a new video phone? 600 any time every network minutes 400 including video calls and downloads 5 per week free deltomorrow call 0800288812 or answer now,1
This message is free of charge. Welcome to the new & improved Sex & Dogging Club! to unsubscribe from this service Response-Stop. msgs@150p 18+only,1
"Last chance! claim ur 150 vouchers today! text shop at 85023 now! savamob, offer mobile! ts savamob pobox84, m263uz.",1
double your minutes & txts on orange or 1/2 linear price - motorola and sonyericsson with b/tooth free-nokia mobileupd8 free call to 08000839402 or2optout/hv9d,1
u have a secret admirer. reveal who thinks u r so special. call 09065174042. opt out answer reveal stop. 1.50 per msg rect. cust careful 07821230901,1
We try to contact you for your answer to our offer of a new answer of nokia fone and camcorder or call 08000930705 for delivery,1
you are a winner you have been specially selected to receive £1000 cash or a prize â £2000. talk to a live operator to claim phone 087147123779am-19pm. cost 10p,1
The ur tonexs subscription has been renewed and you have been charged â£4.50. you can choose 10 more polys this month. www.clubzed.co.uk *billing msg*,1
"eerie nokia tones 4u, rply tone title to 8007 eg tone Dracula to 8007 title: spirit, Addamsfa, Munster, exorcist, twilight www.getzed.co.uk pobox36504w45wq 150p",1
Wow! the guys r back. take the 2007 uk tour. vip win tickets & pre-book with vip club. txt club to 81303. trackmarque ltd info@vipclub4u.,1
ringtone club: gr8 new cops directly to your mobile every week!,1
jamster! to apply your free wallpaper text heart on 888888 now! t&c. 16. only. need help? call 08701213186.,1
"Your phone no 077xxx won a â £2,000 Bonus Caller prize on 02/06/03! this is the second attempt to reach you! call 09066362206 asap! box97n7qp, 150ppm",1
Free 4 star vacation ibiza or â£10 000 cash needs your urgent collection. 09066364349 now fixed line not to lose! box434sk38wp150ppm18+,1
"freemsg why didn't you answer my text? I'm randy, sexy, female and live local. luv to listen to & netcollex ltd 08700621170150p per msg reply stop to end",1
Natalie (20/f) invites you to be her friend. answer yes-165 or no-165 candle: www.sms.ac/u/natalie2k9 stop? send stop frnd to 62468,1
"They have been specially selected to receive a ""3000 award! call 08712402050 before the lines close. cost 10ppm. 16+. t&cs apply. ag promo",1
freemsg today is the day when you're ready! I'm horny & live in your city. I love sex fun & games! netcollex ltd 08700621170150p per msg Stop reply to finish,1
"Win Harry's new potter and the order of the phoenix (Book 5) answer Harry, answer 5 questions - lucky to be the first among the readers!",1
"Hi baby your chloe, how did r u? I was crushed on Saturday night, it was great! how was your weekend? or have you been missing me? sp visionsms.com text stop to stop 150p/text",1
u have won a nokia 6230 plus a free digital camera. This is what u get when u win our free auction. participate send nokia to 83383 now. pobox114/14tcr/w1 16,1
8007 25p 4 children of alfie moon in need song on ur m8s. say ur m8s. txt tone charity to 8007 for nokias or poly charity for polys :zed 08701417012 profit 2 charity,1
"has what it takes 2 take part in the rally wrc en oz? u can with lucozade energy! text rally you at 61200 (25p), see packages or lucozade.co.uk/wrc & itpould be u!",1
Please call the 08712402578 immediately as there is an urgent message waiting for you,1
this message is free. welcome to the new and improved sex club and 4-legged! to unsubscribe from this service response stop. msgs@150p 18+only,1
urgent! your mobile number has been assigned with a price of £2000 guaranteed. phone 09058094454 of the landline. claim 3030. valid only 12 hours,1
"you have won! as a appreciated vodafone customer, our computer has chosen you to win a prize â£150. to collect is easy. just call 09061743386",1
freemsg today is the day if you are ready! I am hot and alive in your city. I love sex fun and games! netcollex ltd 0870062117150p per msg response stop to finish,1
"hello from orange. for 1 month free access to games, news and sports, plus 10 free texts and 20 photo messages, answer yes. Terms apply: www.orange.co.uk/ow",1
to participate in our mobile survey yesterday! you can now have 500 texts 2 use as you wish. 2 txts txt send txt to 80160 t&c www.txt43.com 1.50p,1
"Today's voda numbers ending in 7548 are selected to receive compensation of $350. If you have any correspondence, please call 08712300220 citing claim code 4041 application of standard rates",1
"lookatme!: thanks for your purchase of a lookatme! video clip, you have been loaded 35p. think you can do better? Why not send a video in mmsto 32323.",1
back 2 jobs 2morro half-term over! can u c me 2nite 4 some sexy passion b4 i have 2 back? chat now 09099726481 luv dena calls â£1/minmobsmorelkpobox177hp51fl,1
please call Amanda regarding the renewal or modernization of your current t-mobile mobile phone free of charge. Offer ends today. tel 0845 021 3680 subject to t's and c's,1
Congratulations for awarded 500 cd vouchers or 125gift guaranteed & free entry 2 100 wkly draw txt music to 87066 tncs www.ldew.com1win150ppmx3age16,1
Congratulations u can claim 2 vip row of a 2 c blu tickets at concert in November or guaranteed blu gift called 09061104276 to claim ts&cs www.smsco.net costo3.75max,1
"freemsg hey da Darling it was 3 weeks now and not a word back! I want some fun to send you for it yet? tb ok! xxx std chgs, â £ 1,50 to rcv",1
gent! we try to contact you. last weekend pulling shows that you won a â £ 1000 prize guaranteed. call 09064012160. claim code k52. only valid 12 hours. 150ppm,1
The new 2004 mobiles must go! txt: nokia to no: 89545 and collect yours today! from only 1. www.4-tc.biz 2optout 087187262701.50gbp/mtmsg18 txtauction.,1
you have been specially selected to receive a prize of 2000 pounds! call 08712402050 before closing the lines. cost 10ppm. 16+. t&cs apply. ag promo,1
you are a winner u have been specially selected 2 receive £ 1000 cash or a 4* vacation (vols inc) speak to a live operator 2 claim 0871277810810,1
txt: call to no: 86888 & request to use your reward of 3 hours of conversation time from your phone now! subscribe6gbp/mnth inc 3hrs 16 stop?txtstop www.gamb.tv,1
congratulations! nokia 3650 video camera phone is your call 09066382422 calls cost 150ppm ave call 3mins vary from mobile 16+ close 300603 post bcm4284 ldn wc1n3xx,1
500 new mobile phones from 2004 must go! txt: nokia to no: 89545 & collect yours today!from only â £1 www.4-tc.biz 2optout 087187262701.50gbp/mtmsg18 txtauction,1
urgent! please call 0906346330. your free abta 4* Spanish holiday or 10.000 € in cash wait for collection box sae t&cs 47 po19 2ez 150ppm 18+,1
moby pub quiz.win a £100 high street prize if u know who the new duchess of cornwall will be? txt his first name at 82277.unsub stop â£1.50 008704050406 sp,1
"Loans for any purpose â£500 - â£75,000. Homeowners + tenants welcome. were you previously rejected? we can still help. free call 0800 1956669 or text back 'Help'",1
Customer service ad. you have a new year of delivery waiting for you. please call 07046744435 now to arrange delivery,1
"Congratulations 2 mobile 3g videophones r yours. Call now 09063458130! videochat wid ur mates, play java games, dload polyph music, noline rentall. bx420. ip4. 5we. 150p",1
Valentines special day! earn more than £1000 in our quiz and take your partner on the journey of a life! send go to 83600 now. 150p/msg rcvd. custcare:0871872001,1
last mobile nokia or ipod mp3 player +â£400 proze guaranteed! answer with: win at 83355 now! nocorp ltd.â£1.50/mtmsgrcvd18+,1
"Hot live fantasies now call 08707509020 just 20p per min ntt ltd, po box 1327 croydon cr9 5wb 0870 is a national rate call",1
Urgent! we try to contact you. last weekend's draw shows that you have won a guaranteed £900 prize. Call 09061701939.,1
You have won! as an appreciated vodafone customer our computer has chosen you to win a â£150 prize. to collect is easy.,1
"free entry to the gr8prizes wkly comp 4 a chance to win the last nokia 8800, psp or â£250 cash each wk.txt super at 80878 http//www.gr8prizes.com 087157002",1
our cash balance is currently 500 pounds - to maximize our cash-in now send cash to 86688 only 150p/msg. cc: 08708800282 hg/suite342/2lands row/w1j6hl,1
"u can win â£100 of music gift cards every week from now on txt the word draw to 87066 tscs www.idew.com skill game, 1winaweek, age16. 150permessSubscription",1
Urgent! we are trying to contact u. today's draw shows that you have won a prize of 800 € guaranteed. call 09050003091 of the land line. claim c52. valid only 12 hours,1
"Double minutes & 1000 txts on orange rates. latest Motorola, sonyericsson & nokia with Bluetooth free! Call mobileupd8 to 08000839402 or call2optout/hf8",1
"free msg: get gnarls dresserleys ""crazy"" ringing totally free just answer go to this message now!",1
Today’s 7548-ending vote numbers are selected to receive a $350 prize. If you have a match please call 08712300220 quoting claim code 4041 standard application rates,1
private! Your 2004 account statement for 078498****7 shows 786 unredeemed bonus points. Phone number 08719180219 Identifier code: 45239 expires 06.05.05,1
"u can earn â£100 of the musical gift vouchers every week from now on txt the word draw at 87066 tscs www.idew.com spillgame, 1winaweek, age16. 150ppermess subscription",1
you have 1 new voice message. please call 08719181513.,1
romcapspam everyone around should respond well to your presence as you are so warm and outgoing. They bring a real touch of sunshine.,1
"You have a new message, please call 08718738034.",1
Do you want a new nokia 3510i color phone deliveredtomorrow? with 300 free minutes to any mobile + 100 free texts + free camcorder answer or phone 08000930705,1
rct' tnq adrian for text. rgds vatian,1
"Dear holder of the voucher, to claim this offer of weeks, to you pc please go to http://www.e-tlp.co.uk/expressoffer ts&cs apply. to stop texts, txt stop at 80062",1
"xxxmobilemobileclub: to use your credit, click on the wap link in the following message txt or click here>> http://wap. xxxmobilemobileclub.com?n=qjkgighjjgcbl",1
no. 1 ton of nokia 4 ur maf every week! just txt nok at 87021. 1st ton free! then get txtin now and tell your friends. 150p/ton. 16 reply hl 4info,1
"for ur chance to win a â £ 250 cash per wk txt: action to 80608. t's www.movietrivia.tv custcare 08712405022, 1x150p/wk",1
"u 447801259231 have a secret admirer who searches 2 make contact with u-find out who they r*reveal, who thinks ur so special call on 09058094597",1
e-mail alertde: jeri stephartsize: 2kbsubject: low-cost prescripiton drvgsto listen to e-mail call 123,1
Call 09095350301 and send our girls in erotic ecstasy. only 60p/min. texts to stop calling 08712460324 (Natrate),1
expensive u've been invited to xchat. this is our last attempt to contact u! txt cat at 86688 150p/msgrcvdhg/suite342/2lands/row/w1j6hl ldn 18 years old,1
1. wk free! gr8 tones str8 2 u per wk. txt nokia on 8007 for classic nokia tones or on 8007 for polys. nokia/150p poly/200p 16+,1
"500 new mobiles from 2004, you must go! txt: nokia to no: 89545 and collect yours today! from only â€1 www.4-tc.biz 2optout 087187262701.50gbp/mtmsg18",1
winner! as a valued network client who hvae has been selected to receive a reward of 900€! to collect the call 09061701444. valid 24 hours only. acl03530150pm,1
"Your free ringtone is waiting to be collected. simply check the password ""Mix"" to 85069. Insert and britney. fml, po box 5249, mk17 92h. 450ppw 16",1
We have tried to contact you for your response to our 750 minutes 150 text offer and a new video phone call 08002988890 now or answer for free delivery tomorrow,1
guess who am I?This is the first time I created a website www.asjesus.com read all I wrote.I'm waiting for your opinions. I want to be your friend 1/1,1
Here is your rp176781 discount code to stop additional stop response messages. www.regalportfolio.co.uk. Customer service 08717205546,1
"claim a 200 spree shopping, just call 08717895698 now! have you won! mobstorequiz10ppm",1
cashbin.co.uk (get a lot of money this weekend!) www.cashbin.co.uk dear welcome for the weekend we got our biggest and best ever give in money!! these..,1
"Themesob>hit the link to get a premium pink panther game, the new no. 1 of sugababes, a crazy zebra animation or a badass wallpaper to hood-all 4 free!",1
Congratulations to one or other £500 CD Gift Cards & Free Entry 2 £100 Txt Weekly Print Music at 87066 tncs www.ldew.com 1 win150ppmx3age16,1
ever thought of living a good life with a perfect partner? only txt back name and age to join the mobile community. (100p/sms),1
no 1 polyphone tone 4 ur mob every week! only txt pt2 to 87575. 1. sound free ! so get txtin now and tell all friends. 150p / sound. 16 answer hl 4info,1
not heard of u4 for a while. call me now am here all night with just my knickers on. make me bettle for it like u did last time 01223585236 xx luv nikiyu4.net,1
Do you want a new Nokia 3510i color phone delivered tomorrow? with 200 minutes free to any mobile + 100 free text + free camcorder response or call 8000930705,1
500 new mobiles from 2004 onwards! txt: nokia to no: 89545 & collect yours today! only â£1 www.4-tc.biz 2optout 087187262701.50gbp/mtmsg18 txtauction,1
"win the new potter harry and the order of the phoenix (book 5) answer Harry, answer 5 questions - opportunity to be the first among readers!",1
private! your 2003 account statement to display 800 points s.i.m. non-reimbursed. call 08715203685 ID code:4xx26 expires on 13/10/04,1
Thanks for the vote. Now sing along with the karaoke stars on your mobile. for a free link just answer with sing now.,1
Camera - You will receive a sipix digital camera! Phone 09061221066 from the landline.Delivery within 28 days.,1
send a logo 2 ur lover - 2 names joined by a heart. txt love name1 name2 mobno eg love adam ve 07123456789 to 87077 yahoo! pobox36504w45wq txtno 4 no ads 150p.,1
"hot live fantasies call now 08707509020 only 20p per min ntt ltd, po box 1327 croydon cr9 5wb 0870 is a national tariff call",1
"You are being contacted by our dating service by someone you know! to find out who it is, call from a dirt line 09050000878. pobox45w2tg150p",1
you have 1 new message. please call 087152525273,1
our balance is now 500 pounds. our next question is: who sang 'city girl' in the 80s? 2 answer txt or answer to 83600. good luck!,1
last chance 2 claim ur â£150 discount coupon text yes until 85023 now!savamob member offers mobile t cs 08717898035. â£3.00 sub. 16. remove txt x or stop,1
call 09090900040 & listen extreme dirty live chat goes in the office now total privacy nobody knows your [sic] listen 60p min 24/7mp 0870753331018+,1
Hello. customer loyalty offer: the new nokia6650 mobile from only â£10 to txtauction! txt word: start at n: 81151 & get yours now! 4t&ctxt tc 150p/mtmsg,1
18 . 150p/msgrcvd 2 skip an auction txt out. 2 unsubscribe txt stop customer service 08718726270,1
2 play text store to 88039. skilgme. tscs08714740323 1winawk! age16 â€1.50perweeksub.,1
"The hungry gays feel hungry and up 4 it, now. Call 08718730555 just 10p/min. to stop SMS call 08712460324 (10p/min)",1
Urgent! we are trying to contact u. today's draw shows that you have won a prize of 800 € guaranteed. call 09050003091 of the land line. claim c52. valid12hrs only,1
"you are a winner â£1000 or guaranteed call price, this is our last attempt to contact you! to claim phone 09071517866 now! 150ppmpobox10183bhamb64xe",1
"to review and keep the fantastic game nokia n-gage deck with club nokia, go 2 www.cnupdates.com/newsletter. unsubscribe alerts answer with word out",1
"Free entry to the gr8prizes wkly comp 4 a chance to win the latest nokia 8800, psp or â £ 250 cash each wk.txt large to 80878 http//www.gr8prizes.com 08715705022",1
"will u meet ur dream partner soon? is ur career from 2 a flyng start? 2 find out free, txt horo followed by ur star sign, e.g. horo aries",1
good luck! draw takes place 28 Feb 06. good luck! to remove send stop to 87239 customer services 08708034412,1
update_now - 12mths half price line orange rental: 400mins...mobile callupd8 to 08000839402 or call2optout=j5q,1
Dear 0776xxxxxxxx you have been invited to xchat. this is our last attempt to contact u! txt chat at 86688 150p/msgrcvdhg/suite342/2lands/row/w1j6hl ldn 18 years,1
hmv special bonus 500 pounds of real good hmv to win. just answer 4 easy questions. play now! send hmv to 86688 more info:www.100percent-real.com,1
"Themesob> Discover our new selection of content, games, tones, gossip, bimbos and sport, keep your mobile in shape and the funky wap text at 82468",1
You have won a guaranteed â £ 1000 cash or a â £ 2000 prize. to claim yr prize call our customer service representative on 08714712394 between 10am and 7pm,1
Your 2003 account statement for 07753741225 shows 800 unredeemed points.Call 08715203677 Identifier: 42478 expires 24.10.04,1
You are chosen to receive a prize of 350 pounds! pls called claim number 09066364311 to collect your prize that you are selected to receive as a valued mobile client.,1
"Oh my God! I've found your number! I'm so happy, text me back xafter this msgs cst std ntwk chg â £1.50",1
"Hi, sexychat girls are waiting for you to send them a text. text now for a good night chat. send a stop to stop this service",1
customer loyalty offer: the new mobile nokia6650 from just â€10 in txtauction! txt word: start no: 81151 and get yours now! 4t&ctxt tc 150p/mtmsg,1
I would like to tell you my deepest darkest fantasies. Call me 09094646631 only 60p/min. to stop the texts call 08712460324 (nat rate),1
+449071512431 urgent! this is the 2nd attempt to contact u!u have won â£1250 call 09071512433 b4 050703 t&csbcm4235wc1n3xx. calllost 150ppm mobilevary. maxâ£7.50,1
"Customer service announcement. we have recently tried to make you a delivery, but have not been able to do so, please call 07090298926 to re-program. ref:9307622",1
this message is free. welcome to the new and improved & dogging! sex club to unsubscribe from this service response stop. msgs@150p 18 only,1
Please call Amanda regarding the renewal or upgrade of your current T-mobile handset for free. offer ends today. tel 0845 021 3680 submitted to t's and c's,1
urgent! please call 09061743811 from the fixed line. your free abta 4* tenerife holiday or at £ 5000 cash await the collection sae t&cs box 326 cw25wx 150ppm,1
we have tried to contact you re your response to our 750 minute offer 150 text and a new video phone 08002988890 now or respond to free shipping tomorrow,1
win a â£200 shopping spree every week from now on. 2 play text store to 88039. skilgme. tscs08714740323 1winawk!Age16 â£1.50perweeksub.,1
has an important Premier customer service announcement. Call toll free phone 0800 542 0578 now!,1
5p 4 Alfie Moon's Children in Not Song on ur mob. tell ur m8s. txt Ton Charity to 8007 for nokias or Poly Charity for polys: zed 08701417012 profit 2 Charity.,1
"Police station has been stolen, cops have nothing to do!",1
king burger - want to play piey in a top stadium ? get 2 king burger before the 1st sept and go big or super with coke and get out of a winner,1
Yes! The only place in town to get to know exciting adult singles is now in uk. txt chat at 86688 now! 150p/msg.,1
"you want funk up ur fone with a weekly response of new tone tones2u 2 this text. www.ringtons.co.uk, the original n best. tones 3gbp network operator rates apply",1
"Congratulations! 1 year special cinema pass for 2 is yours. call 09061209465 now! c suprman v, matrix3, starwars3, etc all 4 free! bx420-ip4-5we. 150pm. don't miss!",1
Sorry! u can not yet unsubscribe. the Mafia offer package has a term min of 54 weeks> pls submit a new request after expiry. reply themob help 4 More information,1
"thank you for your ringtone order, reference number x49.Your mobile will be charged 4.50. if your tone does not arrive please call Customer Service 09065989182",1
"Unlock unlimited fun! Dial 09055556666 for exclusive deals and offers, valid for a limited",1
Hi there! Your daily horoscope is ready! Text 'Horoscope' to 67890 to get your personalized,1
Unlock amazing deals! Text 'Deals' to 67549 to get exclusive discounts on your favorite brands!,1
Win big! Reply 'Yes' to this message to enter our daily lottery. Winner announced at 6pm daily. Terms and,1
Hello! Your daily horoscope for today is now available. Dial *222*111# to listen,1
Win now! Dial 09082093456 for your chance to win a brand new car! Hurry,1
"Unlimited data offer! Reply 'YES' to activate now, standard rates apply. Offer ends midnight tonight. Don't miss",1
"Hey there, quick heads up! You've been selected for an exclusive offer - get a free trial of our premium mobile game ""Galactic",1
Hey there! 🤘💥 Exciting news for you! Get ready to win big with our new daily lottery,1
Hi there! 🌟 Exclusive offer just for you! 🎁 Unlock 50% off your next,1
You've been selected for an exclusive offer! Get a 50% discount on your next purchase at [store_name]. Call us,1
"Your bank account has been credited with a surprise bonus of £500. To access, dial 0800 12",1
Attention! Your account has been upgraded! Enjoy unlimited data and faster speeds. Dial 0803-890,1
"Unlock endless entertainment! Dial 0800-024-7890 for daily free games, quizzes,",1
Win 1000 free airtime credits! Reply 'YES' to confirm your entry in our weekly draw!,1
Unlock endless fun with our new game app! Download now and win exciting prizes!,1
"Win big! Join our daily lottery, just text 'Lucky7' to 5566 for a chance to win 1",1
"Win big! Dial 5555 to enter our daily lottery draw. Limited slots available, act fast!",1
Unlock amazing discounts on our latest fashion collection! Text BIGSAVE to 90909 to join now!,1
Win big with our daily lottery! Dial *123# for a chance to win cash prizes and exciting gifts. Don,1
Unlock amazing deals! 🎁 Get 20% off your next purchase at our online store. Text 'DEALS,1
Win amazing prizes with our daily lucky draw! Text 'LUCKY' to 12345 and be part of the,1
Hello! Exclusive offer for you! Win a brand new iPhone 14 Pro Max by simply replying 'Yes' to this message.,1
Hi there! You've been selected to win an all-inclusive vacation to the Maldives. Reply YES to,1
"Hello, this is Alex Johnson from the National Lottery. You have won a grand prize of £10,000 in our Christmas r",1
Good news! You've been selected for a surprise holiday package worth €3000. Reply YES to claim now! Off,1
Attention! Unclaimed prize alert! You've won a brand new iPhone 14 Pro Max in our annual tech giveaway. Cl,1
"Attention: Unclaimed inheritance alert! €20,000 awaits you from the estate of the late John Smith. Rep",1
"Hello, you've been selected for a chance to win an all-inclusive vacation for two! Reply 'Yes' to claim your prize",1
Hi there! You've been selected for an exclusive opportunity! Win a brand new iPhone 14 Pro Max just by participating in our quick,1
"You've won a free spa day at Champneys! To claim your prize, reply YES and call 0871",1
Your car's warranty is about to expire. Contact us at 07555123456 for an extended,1
Your account activity alert: Suspicious login attempt from an unknown device. Please confirm your identity by calling 0751234,1
Attention! Win £5000 with our new mobile game. Install now and join the contest. Dial *9090,1
"You've won a free weekend getaway! Call 0905551234 to confirm your prize. Hurry,",1
Hey there! Your recent purchase from our store is ready. Come pick it up at our store or pay for delivery at checkout. Call us,1
Attention! You've been selected for a special offer from our premium brand. Call 0700-SPRINGDAY to,1
Unlock exciting deals! ���alska-50% off on latest tech gadgets. Visit our store now for limited,1
Win a free year's supply of your favorite brand of coffee! Text YES to 55555 to enter. Msg,1
Limited time offer: 50% off on the latest smartphone models! Reply YES to 987654,1
"Unlock the power of WhatsApp Gold! Get unlimited messages, high-resolution images, and personalized features! Text 'SUBSC",1
Win a brand new iPhone 14! Text WIN to 555-5555 to enter. Limited time offer. Don,1
"Unlock incredible savings with our latest promo! Get 50% off on select items at [store_name]. Hurry, offer ends",1
"Unlock a limited-time offer: 1) Justin Bieber - Yummy Remix ft. Chance the Rapper, 2",1
Unlock exclusive deals: 1) Taylor Swift concert tickets 2) iPhone 14 pre-orders 3) 50%,1
"Special limited time offer: upgrade your phone with our latest model, the X20, featuring 4G speed and a sleek design.",1
Unlock unlimited streaming for just $1/day! Subscribe now at www.streamitdaily.com,1
"Unlock unlimited entertainment! Stream your favorite movies, music, and games for just $9.99/month. Reply START to",1
Unlock amazing savings on the latest smartwatch! Reply YES to 9876-5432 for exclusive,1
Unlock unlimited data for just $9.99/month! Reply YES-555 to activate offer. Visit www.,1
Your special promotion for today: win a brand new smartwatch with every purchase over $100 at our store. Limited time offer,1
Unlock a secret treasure trove of exotic pets! Reply YES to 555-9876 for more details on our,1
Win a Samsung Galaxy S21+! Enter now for your chance to win the latest smartphone. Reply with 'Enter' to join the,1
Special offer! Download the latest viral hit 'Baby Shark Dance' ringtone for free now. Reply YES to this,1
Unlock limited time offer: upgrade your phone's security with our top-rated antivirus app! Reply YES to get started!,1
Limited Offer: Unlock exclusive deals & discounts at top stores! Reply YES to join our VIP club now!,1
Unlock unlimited streaming of your favorite movies and shows! Join Now at www.moviesunlimited.net and get a 7-day,1
"Unlock unlimited entertainment! Dial *5678 and enjoy unlimited music, movies, games, and more, all for a limited",1
"Alert: Upgrade your phone security now! Unlock advanced features and protect personal data with our exclusive app offer, available for a limited time only at",1
Offer: receive 10% off on your next order from our online store. Use promo code SUMMER10 at check,1
Unlock unlimited data and calls for just £10 a month! Visit www.discountmobile.com now and upgrade today!,1
"Unlock the latest fashion trends and get exclusive deals by joining our VIP list! Text ""FashionVIP"" to 12345",1
"Unlock a world of savings! Text ""deals"" to 888-456-SAVE and get exclusive discounts",1
Unlock endless entertainment with our streaming service! Get a 30-day free trial by texting'streamon' to 123,1
Join now and get a free trial of our premium fitness app! 💪🏋️‍♂️🏃‍♀️,1
"Unlock incredible savings with our exclusive 7-day sale on designer sunglasses! Reply ""yes"" to get access to our limited-",1
"For a limited time, get 50% off on our premium smartphone cases! Protect your device today at www.techguardpro",1
"Win a brand-new electric bike! Reply with ""eBike2023"" to enter the draw. Limited time offer, don",1
"Your weekly horoscope update is now available! Subscribe for personalized astrological insights and predictions, charged at £2.99",1
Your weekly subscription for exclusive emojis has been activated. Charge of £3.00 applied to your account. Reply STOP,1
Your weekly horoscope subscription is now active. Receive personalized astrological insights every week for just £2. Reply STOP,1
Your monthly subscription for unlimited access to our emojis has been renewed. You will be charged £3.99. Reply ST,1
Your monthly movie streaming subscription with silverflix has been renewed. The charge of £7.99 has been made to your account. To,1
"Your daily horoscope subscription has been activated, costing you £3.50 per week. To stop receiving these messages, reply STOP",1
"Your weekly horoscope subscription has been activated. You will be charged £3.99 every Monday. To cancel, reply STOP or",1
Hello! Your monthly entertainment package with 50+ channels has been activated and you've been charged £9.99. Visit www,1
"Hey there, limited time offer! 💥 Win a brand new iPhone 13 Pro Max just by clicking the link below �",1
"theBank>Hey there, we noticed some suspicious activity on your account. To secure your funds, please call us at 1-800",1
"The offer of the day: 📲Unlock unlimited access to the latest ringtones, wallpapers & games! Click here",1
The offer of the week: Unlock secret features on your phone for free! Reply with your number to activate now! 📱,1
Unlock the secrets of winning at online gambling! Click here for exclusive tips and tricks!,1
Unlock unlimited fun with our exclusive gaming app! Reply YES to receive a free trial offer!,1
themall> hurry! limited time offer! shop now and get 50% off on selected items at our store! visit us today!,1
"Get your daily dose of luck! Dial *3456# to play our new lottery game and win big! Hurry, limited",1
"Unlock the secrets of the universe with our brand new app, ""Stargazer X"". Download now",1
Unlock limitless fun with our new mobile game! Download now and join millions of players worldwide. Don't miss out! Dial *12,1
"Hello, dear friend! I've just launched a new mobile game called ""Galactic Quest"". Embark on an interstellar adventure and",1
Unlock endless fun with our new mobile game! 🎮 Play now and join millions of players worldwide. ���,1
Discover the power of your voice! Transform your mobile into a state-of-the-art voice recorder. Visit www.voiceboost,1
Unlock the secrets of the universe with our astrology app! Get a personalized reading and discover your destiny. Text 'STARS,1
"Unlock your device with code 123456, visit our website now for updates and more offers!",1
"Dear valued customer, you've won a free movie streaming trial! Activate now by replying ""START"" to 5",1
"Unlock unlimited fun! Reply 'Yes' to 56789 for exclusive offers and deals. Hurry, limited",1
Your daily horoscope is ready! Text 'STARS' to 67890 for a free reading. Don't,1
"Hi there! You've won a free movie ticket from 67549! To claim, reply with 'REDEEM",1
Win big with our daily lottery! Text 'LUCKY' to 67890 to enter. Winners announced at,1
"Attention! Limited time offer: Purchase 3 premium coffee drinks at our café and get a free customized mug! Hurry,",1
Unlock unlimited streaming of the hottest movies and shows with our special offer: sign up today and get 30 days free on our,1
"Win a brand-new smartphone! Reply with 'Yes' and answer a simple question to enter. Hurry, contest ends tonight!",1
🏠 Limited Time Offer! 🏡 Upgrade your living space with our exclusive furniture sale! ���,1
Exclusive offer! Win a brand new smartphone by participating in our daily raffle. Text 'Raffle' to 12,1
Unlock a secret concert experience! 🎶 Limited-time offer: text 'YES' to 123456,1
"Win a brand-new car! Reply YES to enter the raffle, only 3 days left!",1
Unlock a secret sale at our boutique! Reply 'Yes' to receive a unique code for exclusive discounts on designer items. Offer,1
Quick! Limited offer: get 50% off on the latest smartphone models. Reply YES to claim now!,1
"Special offer: Unlock 50% off on the latest smartphones! Reply YES to claim now, limited time only!",1
Limited offer: upgrade your phone with premium apps! Reply YES to unlock discounts ����������,1
Special offer! Win a brand new smartphone by participating in our daily raffle. Reply 'Yes' to join! Good luck!,1
Unlock unlimited data! Reply to confirm activation 📱📱,1
"Win an iPhone 14 Pro! Reply YES to enter the draw. Hurry, ends soon!",1
Unlock endless music streaming for just $2/day! Reply STOP to cancel.,1
"Unlock 70% off your next purchase! Hurry, limited time offer. Reply YES to activate.",1
Hey there! You won a free pizza voucher! Call us now on 0706045829 to claim,1
Hi there! Enjoying the sun? I've got an amazing deal on solar panels! Call me at 071234,1
Hey there! I've got an exciting opportunity for you! Earn extra cash by joining our mystery shopping program. Text back to confirm and,1
"Hi, found your lost phone! Call me at 08123456789 to arrange pickup.",1
Hello there! Need help with your phone bill? I can reduce it by 50% for a limited time. Call me back at,1
Hey there! 🤘 Got an exciting offer just for you! 💥 Unlock the secret to a,1
Unlock your phone with a secret code sent to you! Reply YES to 900123 now!,1
Unlock your phone's potential! Dial 0800-900-1234 for our exclusive offer!,1
Unlock secret deals! Text 'YES' to 1938 for exclusive offers!,1
Win a brand new car! Text 'Lucky7' to 1900 for your chance!,1
Unlock your new iPhone X for just $99! Reply YES to this message and we'll send you a link with all the,1
Your bank account is temporarily locked. Call 0900 123 4567 to reactivate immediately.,1
Unlock your phone's potential! Dial *#06# for IMEI number. Visit website link in reply for amazing deals!,1
Unlock secret savings on your favorite brands! Text 'Deal' to 555-555-5555 for instant,1
Join our exclusive circle of testers! Get early access to new products and be part of our VIP community. Reply YES to,1
Attention! Earn extra cash testing luxury skincare products from L'Oréal. Apply now to join our VIP tester team,1
Hello! Exciting opportunity for fashion enthusiasts! Join our team as a brand ambassador for our latest fashion line. Apply now at [we,1
"Join our exclusive product tester team! Enjoy free luxury products from top brands, all from the comfort of your home. Reply YES to",1
Hey there! Fancy being a part of our exclusive product testing squad? We're looking for stylish individuals to try out our latest offer,1
Hi there! You're invited to join our exclusive group of testers for the latest beauty products by Lush. Earn free good,1
Hi there! Exciting opportunity for fashion-forward individuals to test out the latest trends with our new brand. Sign up now for a chance,1
"Special offer! Enjoy unlimited WhatsApp for 30 days, just text 'WHATSAPP' to 4956",1
Limited time offer: get 50% off your next pizza order from Domino's! Text 'DOMINOS,1
Daily surprise! Open your email to find a mystery gift from us! Visit this link now: mysterygift2023.com,1
"Unlock amazing deals! Text 'DEALS' to 90012 for daily discounts and offers. Hurry, limited time",1
Unlock limited-time offer! Get a free 30-day trial of our premium streaming service. Reply YES to activate now.,1
Limited-time offer! Boost your battery life with our exclusive power pack. Reply YES to 90123 for,1
"Unlock amazing deals! Reply YES to get exclusive discounts on popular brands. Limited time offer, act now! #deal",1
Unlock the secret to a wealthier life! Get rich quick tips and exclusive deals by texting 'wealthnow' to 9900,1
"Unlock incredible savings on our exclusive deals! Text 'Deals' to 5555 to join now, standard rates apply.",1
Unlock the secrets to a bigger bank account! Text 'WIN' to 987654321 for your chance to win,1
Join our exclusive club now and get daily tips on how to boost your income! Text YES to 656565 for immediate,1
Unlock incredible savings! Dial 09055512345 now and get a exclusive deal on our latest smartphones,1
Unlock unlimited fun with our new gaming app! 🎮💥🌟 Download now for,1
Unlock amazing savings on designer shoes! Reply YES to get access to exclusive deals! #ShoeSavings,1
"Unlock the secret to a stronger, happier you! Dial 0905556677 now for just 6",1
"Unlock limitless fun! Dial 09055566777 for exclusive games & special offers, only",1
Unlock a world of excitement with our exclusive offers! Dial 0800-987-6543 now for free,1
Unlock limitless fun! Dial 0800-900-3210 now for an unforgettable experience,1
"Join our exciting weekend party! Fun, music, and beautiful people await you. Don't miss out! Text YES to 99",1
"Win big! Play our new slot game now and become an instant millionaire!"" #gamblingawareness",1
Daily lottery win! Claim your share! Reply YES to code 123456 for immediate prize transfer!,1
Unleash your wild side! Join our exclusive party tonight at Club XYZ! 💃🕺 Call now,1
"Unlock limitless entertainment and exciting offers! Dial 07900 123 456 now, it's",1
"Join our exclusive club for exciting offers and unforgettable experiences, dial 0900 123 4567",1
Free trial offer! Join our fitness club today and receive a personal trainer for one month. Limited time offer. Terms and conditions apply. Reply Y,1
Unlock 500 bonus points! Reply 'YES' to confirm your participation in our exclusive loyalty program. Offer ends soon.,1
Unlock incredible savings! Text 'OFFER' to 45678 to access exclusive discounts on mobile data packages. Terms and conditions,1
Limited time offer: Win a smartphone! Reply YES to this SMS to enter the draw. Standard SMS rates apply.,1
Special offer! Dial 98765 for a chance to win a brand new smartphone! Standard network rates apply. For more,1
Receive a free trial of our premium dating service. Text 'YES' to 98765 to confirm and get started! Off,1
"Win a brand new smartphone! Reply 'Yes' to opt in, standard rates apply. 18+. For full terms &",1
Win a luxury vacation! Reply YES to confirm participation. Standard SMS rates apply. Winner selected randomly. Good luck!,1
"Hi there! 🌞 You've won a free vacation for two to a tropical paradise! To claim your prize,",1
"Exclusive deals! Unlock savings on designer accessories, tech gadgets, and home essentials. Shop now and get a",1
"Hey there, fancy a chance to win exciting tech gadgets and enjoy unlimited streaming? Sign up now and join our community for daily updates",1
💥🔥Win exclusive tickets to the upcoming concert of your favorite artist! Reply YES to confirm participation and share with friends for,1
"Hey there, fancy a chance to win exciting tech gadgets and more? Just reply with your favorite emoji and enter our instant",1
Hey there! 🌞 Exciting news! 🤯 You could be the next winner of a brand new iPhone,1
"Unlock a £5000 surprise or a £1000 cash prize, reply now at 0798091",1
Congratulations! You've been selected to receive a free vacation package worth £3000. Reply 'Accept' to,1
Claim your free voucher worth £250 for your favorite store! Reply YES to confirm and get the details.,1
Claim your free gift today! Text YES to 456789 and receive a special offer worth up to £500,1
You've been selected for a special offer! Reply YES to receive a free Samsung Galaxy S22 or a £50 Amazon,1
Claim your free gift worth £500 now! Call 0871-234-5678 to confirm your,1
"Dear valued customer, you've been selected for our exclusive prize draw! Text 'yes' to claim your chance to win a fantastic holiday",1
Claim your share of a £5000 prize! Reply,1
Win big with our daily lottery! Dial *123# for a chance to change your life!,1
Special offer: Get a free trial of our premium cleaning service! Transform your home today!,1
"Unlock your phone's potential! Download our app for unlimited games, entertainment, and more! 📱💻",1
Claim up to 3000€ compensation for mis-sold PPI! Text 'YES' to confirm your interest and a,1
Win a brand new smartphone! Reply 'Yes' to enter the raffle. Limited time offer!,1
Win big prizes with our daily lottery! Just text 'LUCKY' and join now!,1
Get your daily fortune now! Text FORTUNE to 1234 and find out your lucky numbers for today!,1
Win big with our daily lottery! Dial *123# to participate and secure your chance to claim a share of the massive,1
"Win a luxury vacation! Reply YES to enter our draw, limited slots available!",1
Win a luxury weekend getaway to Bali! Simply share this message and like our page for a chance to win! Hurry,1
"Win a brand new smartphone! Reply with your name and number to enter the draw. Hurry, contest ends tomorrow!",1
Win a brand new iPhone 13 Pro Max! Simply text 'WIN' to 12345 and participate in our weekly draw,1
"Limited time offer: buy 3 pizzas from our restaurant and get a large one for free! Hurry, offer ends tonight!",1
Unlock limitless savings with our exclusive shopping app! Download now for amazing deals!,1
Unlock a world of adventure with our latest game app! Join millions of players on the quest for treasure. Download now!,1
Limited offer: get your hands on the latest 'Gym-Tonic' dumbbells - tone up like your favorite celebrit,1
"Get ready for the ultimate stress relief! Introducing 'Anger Punch' vending machines, now available near you. Unleash",1
"Don't miss out on the latest fashion trend! Get your 'Ex-Girlfriend Eraser' shoes now, limited stock available!",1
Win a year's supply of gourmet coffee! Reply 'Coffee' to enter!,1
"Win a luxury vacation package in Bali with the latest 'Lottery Lucky Dip'! Hurry, limited time offer!",1
Limited time offer! Get a free fitness tracker from Fitbit! Simply sign up for our newsletter and receive your discount code.,1
"join our exclusive loyalty program and get access to special deals on your favorite products! reply ""JOIN"" to opt in now. limited time offer",1
Win a trip to Disneyland Paris! Reply 'WIN' for your chance to enjoy the magic! Offer ends soon. Don't,1
Unlock a world of entertainment! Stream unlimited movies and music with Amazon Prime. Sign up today and enjoy a 30-day free trial,1
limited offer! upgrade your phone now and get the latest samsung galaxy s23 for free. visit [website] before stock runs out,1
"enjoy unlimited calls to India! low monthly fee, no hidden charges. subscribe now at www.indiacallunlimited.com/",1
"Unlock incredible savings on your latest tech gadgets! Limited time offer: buy one phone, get one free from our store! Reply Y",1
"Unlock amazing savings on the latest smartphones! Reply 'YES' to enjoy huge discounts on top brands like Apple, Samsung, Hua",1
Unlock a secret treasure! 🔐 Find hidden gold coins in our new game 'Treasure Island' - download now and start,1
"Unlock a lifetime of entertainment! Subscribe to our streaming service and enjoy unlimited movies, TV shows, and music for just $9.9",1
Unlock a secret deal! Limited time offer: Get 10% off on your next purchase at [StoreName]. Use code SAVE1,1
Unlock unlimited data for just $10/day! Limited time offer. Hurry!,1
Limited time offer! 50% off on all pizza orders. Use code SAVEPIZZA at checkout.,1
"Unlock amazing deals! Dinner for two at our finest restaurant, just 50% off with code LUCKY50. Hur",1
"Unlock unlimited internet for just $9.99/month! Reply 'YES' now to activate, offer ends soon!",1
"Hurry! Limited time offer: Buy 2 pizzas, get 1 free! Offer ends midnight tonight. #PizzaDe",1
Special offer: lower your energy bills! Sign up for our solar panel installation now and get a 30% discount. Call 12,1
"Win exclusive VIP access to your favorite artist's concert! Text ""VIP"" to 45678 to join the club",1
Special offer: lower your energy bills now! Call 987 for details and save big on your monthly costs.,1
"Hey there! 🌟 Limited offer! Get your favorite brand's latest product at 50% off! Hurry,",1
e-mail alert: jane doe size: 1kb subject: discounted smartphone offer. call 456,1
"Hey there, enjoy big savings on the latest tech gadgets! Limited stock available, order now and get free shipping. Rep",1
e-mail alert: jane doe size: 2kb subject: free trial offer for your utility bill - contact support for more info,1
Unlock a secret bonus! Text 'WIN' to 456-7890 to receive a special offer from our exclusive club.,1
"Hey there! Check out our exclusive offer - a brand new smartphone, just for you! Reply with 'YES' to claim your device",1
Unlock a secret offer just for you! Reply 'YES' to 9999 for more info! Time is,1
Unlock a mystery with us! Dial 0789 123 4567 for an exclusive secret that could change,1
Unlock a secret offer for the latest smartphone model! Text 'YES' to 55555 and get instant access. Hur,1
Attention! Unclaimed crypto reward waiting for you. Claim now at bitcoinrewardcenter.net/12345.,1
Unlock secret deals and discounts! Text 'YES' to 123-456-7890,1
Unlock a secret surprise today! Dial 0789 123 4567 now and reveal your hidden,1
Limited time offer: Unlock secret deals! Text 'Deals' to 555-5555 and receive exclusive discount,1
"Unlock unlimited fun! Text 'Join' to 9876543210 and get access to exclusive deals, games",1
Unlock limited-time offer! Dial *890# for 50% off on your next purchase at [website]. Hur,1
"Unlock your weekend fun! Dial *987# for unlimited games, music, and chat. Reply STOP to opt-",1
Unlock exclusive deals now! Dial *987# for instant cashback and special offers. Reply 'STOP' to opt-out,1
"Your account has been upgraded! Enjoy double rewards on all purchases from now until end of May. For more details, visit our website at www.",1
Unlock 50% off on your favorite products this weekend! Visit www.dealsoffline.com for exclusive deals. Reply,1
"Your account has been upgraded! Enjoy unlimited access to our premium content for the next month. Reply ""YES"" to confirm and start",1
"Discover the power of our super-fast internet! Upgrade today and enjoy unlimited browsing, streaming, and downloading. Limited time",1
Unlock endless entertainment with our new gaming bundle! Get a month of unlimited gaming access for just $9.99!,1
Hurry! Buy 5 Apple watches and get the 6th one free. Limited time offer! Visit our store now.,1
"Unlock secret hidden offers and discounts from top brands, simply reply with 'Yes' to this message!",1
Get ready for a surprise! Win a brand new iPhone 14 in our daily draw! Reply YES to this message and follow the,1
Win an iPhone! Simply text 'iWANT' to 12345 and get a chance to win the latest iPhone 1,1
"Exclusive offer! Get a free upgrade to the latest smartphone model from network provider XYZ. Plus, enjoy unlimited data and international",1
"Unlock incredible savings! Get up to 50% off on selected items at our store! Limited time offer, hurry!",1
"Hi there, it's your local pizza place. We have a special offer today: buy one large pizza and get another one half-price",1
Attention! You've been selected for a special offer on the latest smartphone models. Reply 'YES' to confirm and receive,1
"Unlock your phone's potential! Upgrade to our premium software for unlimited storage, faster speed, and enhanced security. Reply YES",1
Hi there! 🌟 Limited time offer! Get your hands on the latest smartphone accessory - the Xtreme Power Bo,1
Unlock your phone's potential! Limited time offer on top-rated apps. Reply 'Yes' to 90123 for,1
"Meet new friends and chat now! Join us at www.socialconnect.com, limited time offer - 50% off for first",1
Hey there! It's your lucky day! Win a brand new iPhone 13 Pro Max by simply replying YES to this message,1
"Win 1000£ in our daily lottery! Reply 'yes' to enter, 'no' to opt out.",1
Win a brand new iPhone! Reply 'Yes' to 9876 to enter the draw. Msg & data rates may apply,1
Win a free smartphone! Reply with your name and address to 90909 to enter the draw!,1
Unlock secret savings! Reply 'yes' to get exclusive deals on latest smartphones. Limited time offer!,1
"Unlock secret discounts! Reply with 'CODE' to access exclusive deals on games, gadgets, and more! Hurry, offer",1
Unlock secret savings! Reply with 'discount code' to 6549 to access exclusive offers on the latest tech gadgets,1
Win a free smartphone! Reply 'YES' to this SMS to enter the draw. Limited time offer! Don't miss,1
Unlock special deals! Reply with 'VIP access' to 9000 for exclusive offers on the latest phone accessories!,1
Win a free smartphone! Reply with your name and contact number to 9900 for a chance to upgrade your device today!,1
Unlock exclusive deals! Dial *123# for daily discounts and special offers. Join now!,1
Unlock exclusive deals with our mobile app! Download now and get 10% off your first purchase. Use promo code MOB10,1
Attention! Limited time offer: upgrade your phone plan for just $5/month. Reply 'yes' to confirm or text 'help,1
"Unlock your bonus points! Dial *123# now to claim your rewards and boost your balance! Don't miss out, act",1
Unlock exclusive deals! Dial *123# for daily offers and discounts. Join now!,1
Limited time offer: 50% off on all purchases at our online store. Use code 'SUMMER50' at,1
Unlock limited-time discounts on the latest tech gadgets! Text 'TECH25' to 41111 to,1
Unlock exclusive deals and offers! Reply 'YES' to join our VIP club and get access to limited-time discounts. Text,1
Your new ringtone is available now! Download it at www.ringtones4free.com/your-number. Don't forget,1
Your mobile number has been selected as the lucky winner in today's draw. Claim your prize by calling 0902 55,1
Unlock your phone's potential! Dial *#06# to find your IMEI number and get exclusive offers from our partners.,1
Unlock the secret of winning numbers! Dial *777# now for instant lottery results and tips. Limited time offer!,1
"Your bank account has been credited with a bonus of €50. To activate, reply with 'yes' before 10/0",1
"Unlock exclusive offers from our latest sale! Dial *123# now to access, limited time only!",1
Unlock special deals on our latest products! Text 'YES' to 123456 to opt in for daily offers.,1
Join our daily lottery! Text 'Lucky' to 12345 and you could win up to €1000,1
"Win a brand new iPhone 13! Reply YES to enter the draw. Limited spots available, act now!",1
📣 Limited time offer! Upgrade your phone case for just $10! Protect your device now at www.best,1
Unlock unlimited talk time! Dial *5678# now and enjoy endless conversations!,1
Unlock unlimited calls & texts with our exclusive offer! Dial *90# now or visit www.offer.com/mobileboost,1
Limited offer! Upgrade your phone memory with our premium SD card. Reply YES to activate now!,1
"Limited offer: upgrade your phone battery! Replace old batteries with long-lasting, high-capacity ones. Reply 'YES",1
Limited time offer! Get 50% off on your next pizza delivery with code 'SPRING50'. Hur,1
Unlock unlimited internet access for just $9.99/week! Reply 'YES' to start enjoying lightning-fast browsing,1
"Unlock a world of adventure with our latest smartphone deal! Limited time offer: Buy one, get one free. Hurry, offer ends soon",1
Unlock a secret vacation! Reply YES to win a week-long trip to an exotic island 🏝️���,1
"Attention! Limited time offer: Upgrade your Ken doll collection with the latest Divorce Barbie, complete with accessory set and Ken",1
"Exclusive offer: Limited-edition 'Breakup Buddy' doll now available! Don't miss out on this collectible item,",1
"Breaking news: The latest trending toy this season is 'Divorce Doll', complete with split-up accessories and emotional baggage",1
Win a brand new 'Divorce Doll' and make your breakup unforgettable! Reply YES to enter!,1
Attention! Limited time offer: Get a FREE 'Break-Up Buddy' doll! Perfect companion for your post-relationship adventures!,1
Unlock the power of your phone with our amazing offer! Upgrade to the latest Samsung Galaxy S21 for just £1/day. Limited,1
Unlock hidden potential with our secret savings! Limited time offer: 50% off yoga mats at www.zenfitness.co.,1
Unlock hidden savings on the latest smartphones. Upgrade now with our exclusive offers at mrphonemagic.com. Limited time,1
"Unlock your creativity with a free trial of Adobe Creative Cloud! Design, edit, and collaborate anywhere. Visit adobe.com/off",1
upgrade your phone and get a year of Netflix for free with Vodafone! reply START to 23456 for more,1
Unlock hidden potential! Boost your phone's speed with our exclusive app. Download now for limited time offer. Reply STARTBOOST,1
"Unlock your potential with our amazing fitness app! Get fit, lose weight and track your progress. Download now for limited time offer. Reply with",1
Unlock the secret to glowing skin with our exclusive facial serum! Enjoy a 50% discount for a limited time only. Order now,1
Limited offer! Get a 15% discount on your next pizza order with code 'SUMMER15'.,1
"Unlock unlimited entertainment! Stream your favorite movies, music, and games on our platform. Reply YES to activate your",1
Special offer! Purchase a new iPhone 14 now and get a free pair of AirPods Pro. Limited time offer. Hurry,1
"Unlock endless fun with our latest game app! Dodge obstacles, collect coins, and climb leaderboards! Download now!",1
Unlock the secrets of winning big! Play our daily lottery for a chance to win 1 million dollars!,1
"Unlock the secret to eternal youth! Get 20% off on our anti-aging serum. Limited time offer, hurry",1
Claim your free trial subscription to our premium news channel! First week is on us. Text 'SUBSCRIBE' to 12,1
"Meet the new smartphone! Unbeatable features, affordable price. Order now and get free delivery. Dial 987 to",1
"Special offer: get 50% off on your next order with promo code SUMMER50. Hurry,",1
"Flash sale! Get 50% off all summer clothes. Shop now at our online store, offer ends tonight!",1
Sale on designer sunglasses! Limited stock available. Shop now and get a free case! Reply STOP to unsubscribe,1
Unlock savings on your healthcare! Get a free consultation with our online doctor. Text 'HealthCheck' to 4567 to sign up,1
Quick offer! Limited-time discount on popular smartphone accessories. Reply YES to get a special link and 10% off.,1
Flash sale on designer shoes! 50% off for the next 24 hours. Visit our website or call 123,1
Hot deal! 50% off on designer sunglasses. Limited time offer! Reply YES to confirm your order and get,1
Meet your dream partner today! Swipe right on our dating app. Limited time offer: Free premium membership for a week. Don,1
Win big with our daily lottery! Dial *999# and be in the running for a chance to win up to,1
Unlock amazing deals & win exciting prizes! Text YES to 9900 for daily updates. 18+,1
"Congratulations! You've won a brand new smartphone! To claim your prize, reply with your name and contact number before 3",1
Win big with our daily lottery! Text 'LUCKY' to 43572 for a chance to win,1
Special offer for you! Get 50% off on all purchases today at our online store. Visit www.discountdealsnow.,1
Unlock amazing deals with our secret shopper program! Text 'YES' to 1234567 to get started. Limited,1
Hey there! Don't miss out on the amazing offer! Win a brand new iPhone 14 Pro Max! Reply 'YES,1
Unlock 50% off on your next order! Visit www.dealsnow.com and use code SUMMER50.,1
Unlock amazing deals on the latest tech gadgets! Text 'YES' to 55555 to join our exclusive club and,1
Win up to 5000 credits this week! Dial *123# for free entry. Offer ends soon.,1
Special offer! Win 150 points by playing our new game! Log in at www.games2go.com now! Limited,1
Unlock special deals on the latest tech gadgets! Reply 'YES' to receive exclusive offers and daily updates. Standard rates apply.,1
Unlock exclusive deals for the upcoming holiday season! Visit www.holidayshopper.com and enter code HOL123 to claim your,1
Limited time offer! Hurry! Dial *879# for a chance to win 1 million naira! Don,1
Unlock unlimited fun with our new gaming app! Join now at www.funtasticgames.com and receive a free in-game,1
Limited time offer: Get a free smartwatch with every purchase of our latest smartphone model. Don't miss out!,1
Unlock the power of your phone! Get unlimited internet for just $9.99/month. Reply YES to activate now!,1
"Unlock incredible savings! Text 'Bargain' to 12345 and receive exclusive discounts on your favorite brands, from electron",1
Unlock the secrets of the universe! Learn ancient knowledge hidden for millennia. Dial 9001-234-5,1
Unlock hidden treasures with our secret app! Get rich quick - download now!,1
Win a free weekend getaway to Bali! Text 'BALI' to 8989 and you could be our lucky winner,1
"Get the latest iPhone X at an unbeatable price! Upgrade now and enjoy free data and calls for life! Hurry, offer ends soon",1
"Get a chance to win free concert tickets! Text ""Win"" to 555-6789 now! Hurry, offer",1
Limited time offer! Win a brand new iPhone 14 with our daily lottery. Text 'LUCKY' to 8,1
"Hi there, special offer on our latest smartphones! Reply 'YES' for more info or dial 07955",1
"Win a brand new smartphone! Reply with 'yes' to enter the draw, 18+ only. Standard message rates apply.",1
Special offer! Get 50% off on your next purchase at our online store. Use code SAVE50 at checkout. Limited,1
"Hey there! It's been a while since we connected, how about catching up tonight? Call me on 555-12",1
Unlock unlimited streaming on our new movie app! Offer ends tonight. Download now at appstore.com/moviesunlimited,1
"Special offer! 50% off on limited edition phone cases. Order now at www.fastdeals.com/caseoffer,",1
Win a brand new iPhone X! Text WIN to 19123 for your chance. Standard rates apply. Ends 11,1
Win a free smartphone! Reply with your full name and phone number to 5566 for a chance!,1
"Unmissable deal! Reply 'Yes' to get 100 ringtones for just £1, only available today!",1
"sms. free wins: ""Claim your free 500MB mobile data! Reply with 'WIN500' to activate,",1
"Unlock hidden deals! Reply with 'Secret1' to access exclusive offers on fashion, tech, and more. Limited time only!",1
"Unlock amazing discounts! Reply 'YES' to receive special offers on tech gadgets, fashion accessories, and more. Hurry",1
Hey there! Unlock exclusive deals on trendy phone cases and accessories! Reply with 'Deal Cases' to 6,1
sms. win_now: you've won an iPhone 14! Reply with your full name and address to claim your prize.,1
sms. win10: upgrading your phone to Windows 10 will make it faster and more secure. reply YES to receive,1
Attention! Limited time offer: Upgrade your phone plan for just $10/month and get unlimited calls and texts. Reply ST,1
Unlock exclusive deals! Text 'YES' to 56789 and join our VIP club for daily offers and special discounts,1
Limited time offer: get 50% off on your next online purchase. Enter code 'SUMMER50' at check,1
"Unlock exciting deals, access exclusive offers now. Visit mobsi.com and enter password: 543210",1
"Unlock exclusive deals! Dial *123# for daily offers, competitions, and more. Reply STOP to opt-out",1
Limited time offer! Upgrade your phone plan now and get free streaming service for a month. Text YES to 1234,1
"Unlock exclusive deals now! Dial *123# for daily offers, limited time only!",1
Limited time offer! Unlock exclusive deals on tech gadgets. Text 'YES' to 5555 to join now,1
Daily horoscope updates now available! Text ASTRO to 5555 for personalized insights.,1
Your phone number has been selected for a special offer from our partners. Dial *#123# to activate unlimited data bundle for the,1
"Unlock the secret to faster internet browsing! Dial *#62# to check your service number, then call 1234",1
Win a brand new smartphone! Text 'Lucky' to 5566 for a chance to enter our daily draw. Terms and,1
Win a brand new smartphone! Text 'LUCKY' to 12345 for a chance to enter the draw.,1
Unlock your phone's hidden features! Dial *#06# for your IMEI code and visit our website to upgrade now.,1
Daily horoscope updates now available! Text HOROSCOPE to 1234 for your personalized reading.,1
Your account balance is $10.50. Dial *99# to check your balance or make transactions. Standard rates apply.,1
Congratulations! You've been selected for a special offer! Reply 'Y' to claim your discounted smartphone. Limited time,1
Congratulations! You've been selected for our exclusive weekly prize draw. Reply 'Claim' to receive your prize. For more offers,1
Unlock unlimited fun! Dial *#987*654# to activate your secret gaming features. Reply STOP to,1
"Your number has been selected to win a free Samsung smartphone! Reply ""Yes"" to claim now, or ""No"" to opt out",1
Unlock the secret of eternal youth with our exclusive anti-aging serum! Reply YES to learn more about this revolutionary product,1
"Unlock unlimited calls & texts with our exclusive offer! Reply YES to activate now, standard rates apply (wapst...)",1
Special offer! Get 50% off on our premium pizza menu. Order now at pizzaonline.com using code SUMMER5,1
"Limited time offer! Upgrade your phone with our premium apps bundle for just $9.99. Hurry, offer ends tonight!",1
"Unlock limitless data for just $9.99/month! Hurry, offer ends soon!",1
"Unlock endless summer vibes with our tropical beach phone case! Limited time offer, grab yours now!",1
Discover the latest craze: 'Break-up Buddy' doll! Comes with matching divorce papers and a bottle of wine!,1
Exclusive offer! Win a brand new luxury car with our weekly raffle. Text WINCAR to 123456,1
Claim your free Amazon gift card! Simply click on the link below to complete a quick survey and receive your code instantly: http://www,1
Attention: Your credit card has been declined. Update your payment info at www.creditcardupdate.com to prevent service interruption.,1
Attention: Your Amazon Prime subscription renewal is due soon! Upgrade now to enjoy unlimited entertainment and fast shipping at http://www.,1
Claim your Amazon gift card worth £50! Reply YES to this message to confirm participation and receive a unique code.,1
Congratulations! You've been selected for an exclusive offer! Click here to claim your free gift: http://www.,1
Alert: Your credit card details may have been compromised. Update information immediately at www.securityupdates.com to ensure safety.,1
"Congratulations! You've won a brand new iPhone 14 Pro Max! Reply YES to confirm your delivery details, or",1
Hi there! 🌱 Exclusive offer! 💥 Get 50% off on our organic fruits & ve,1
"Special offer! Get 50% off your next online purchase with code SUMMER50. Limited time only, don't",1
Hello there! Quick reminder: Your package is on its way! Track it here: amazon.com/myorders,1
"Attention! Your account has been temporarily locked due to suspicious activity. To regain access, please verify your identity by clicking the link below within",1
🌱🌿 Green Thumb Alert 🌿🌱! Limited-time offer:,1
"Unlock the secrets of the universe, order now! Limited time offer, click here to learn more.",1
Hello there! You've been selected for a special offer from our store. Get 20% off on your next purchase when you use,1
Hey there! 🌸🌻 Exclusive offer for you: get a 20% discount on our stunning bouqu,1
Win big! Play our daily lottery at lucky789.com. Limited time offer - enter code LUCKY77 for a,1
Join our exclusive membership for unlimited access to top fashion brands at discounted prices! Text START to 555-555-,1
Unlock amazing discounts on your favorite products! Text DISCOUNT123 to 555-1234 now!,1
"Unlock endless fun with our mobile games! Reply 'PLAY' to start now, limited time offer!",1
"Unlock a secret treasure! Dial *999# and win exciting prizes today!"" #sweepstakes #luckyw",1
Win big with our lottery! Reply 'LUCKY' to 89123 for your chance to win a brand new,1
Win a free iPhone 13 now! Reply 'Yes' to this message and follow the link to enter the draw. Good luck! #,1
Congratulations! You've won a brand new iPhone 14 Pro Max! Reply YES to this SMS,1
Unlock your surprise gift worth 5000 coins! Text YES to 9876543210 within,1
"Congratulations! You've been selected to receive a £50 Amazon voucher. To claim, reply YES to this",1
Congratulations! You've been selected for a surprise gift of 5k! Call 07123456,1
Exclusive offer! Win an all-expenses-paid trip to Bali! Reply 'Bali Trip' to 0,1
"Dear customer, you've been selected for a special offer! Enjoy a 50% off on your next purchase at our",1
Limited time offer! Get your hands on our brand new iPhone 13 Pro Max! Reply 'iPhone' to this number to,1
Exclusive offer! Win a brand new iPhone 13 Pro Max! Reply WINNOW to 9876543,1
🌐 Discover the secrets of life! Visit www.unveilthetruth.net for enlightening,1
"Hey there, discovered a hidden treasure! It's waiting for its lucky owner at www.treasure-unveiled.com. Hur",1
Hey there! 🌺 Discover my latest venture at www.luckylotus,1
"Meet new friends at www.findmates.com, join now and start exploring! �����������",1
New job opportunity! Earn $1000/week working from home. Visit www.flexiblejobs.net for details.,1
"You found a hidden treasure, claim it now at www.fortuneawaits.com before someone else does! Hurry!",1
Unbelievable offer! Get a top-of-the-line smartphone with unlimited internet access for just $99. Rep,1
"Unlock amazing deals! Get 50% off on the latest smartphones, limited time offer! Reply YES to 080",1
Hey there! You've won a brand new smartphone! Claim it now by dialing 078901234,1
"Hey there! You've been selected to receive an amazing offer from our telecom partner. Get ready to enjoy unlimited data, 4G",1
"Discover the power of instant communication! Get your free WhatsApp account and connect with friends, family, and colleagues around the",1
Greetings! You've been selected to receive a brand new smartphone. Activate it now by dialing 0805,1
Exclusive offer: win a smartwatch by participating in our daily quiz. Text 'YES' to 080123,1
enjoy a limited-time offer! get a free smartwatch with every purchase of our latest smartphone model. call 08145,1
Unlock a world of excitement! Text 'Adventure' to 1911 and get daily mystery challenges delivered to your phone. Win,1
Unlock unlimited access to exclusive dating apps! 💃💃 Text 'YES' to 1900,1
Unlock secret discounts on trendy clothes! Text JOIN to 12345 and receive exclusive offers straight to your inbox.,1
Unlock hidden savings with our secret shopping app. Shop top brands for less and earn rewards. Download now for exclusive deals!,1
"Unlock secret sales & exclusive deals at your favorite stores, text 'YES' to join!",1
"Unlock hidden savings with our exclusive shopping deals, delivered right to your device. Text 'Deals' to 123456 to",1
Unlock secret sales and exclusive deals! Text 'YES' to 55555 to join the VIP club and get notified,1
Unlock endless entertainment with Funtime! 🎮📱 Text 'JOIN' to 67890 for,1
<prepared by 448712405000>Congratulations! You've been selected as a,1
You've been selected for a special offer! Call 08712404000 to claim your free trial of,1
You've won a trip to Paris! Call 08712404000 to confirm and arrange your unfor,1
<prepared by 448980740000> Congratulations! You've won a free 1,1
<prepared by 448912403000>Congratulations! You've won a free weekend,1
Congratulations! You've won a free smartphone! Reply YES to claim now or call 08,1
Congratulations! You've won a free vacation package. Call 08712404000 to confirm,1
Hi there! You've been selected to receive a special offer! Dial 08712345678 to,1
📱 Unlock exclusive deals! Reply with 'YES' to join our VIP club and receive special offers from top brands every,1
📱 Limited Time Offer: Boost Your Social Media Presence! Reply with 'Yes' to receive a FREE consultation from our,1
📣 Limited time offer! Reply now to claim your free trial of our exclusive fitness app. 🏋️‍♀,1
📣 Hurry! Limited time offer! Reply to claim your free trial of our premium streaming service with 50% off for,1
🎁 Limited Time Offer! Hurry! Get a Free Samsung Galaxy Tab A7! Reply to confirm your participation and answer,1
"📱 Unlock 50% off on your next mobile phone purchase! Hurry, limited time offer! Reply 'YES",1
📣 Special offer! Unlock a secret discount on the latest gadgets. Reply with your email address to get started!,1
"Unlock secret savings on luxury brands! Reply YES to receive exclusive offers from top designers, limited time only!",1
"Unlock limited time offer! Get a free 7-day trial for our premium fitness app, reach your goals faster! Text START to",1
"Unlock endless fun! Download 'Angry Birds Space' for free on your phone now. Reply YES to start the download, then",1
"Unlock amazing prizes! Reply 'YES' to win a brand-new smartphone! Don't miss out, limited time offer",1
"Unlock exciting new levels in Candy Crush Saga! Reply YES to claim your free boosters and lives! Hurry, offer",1
Win amazing prizes! Dial *#123# for your chance to win a brand new iPhone 14 Pro Max! Reply,1
Unlock a new level in your favorite game! Reply 'YES' to receive a secret code for a free power-up. Hurry,1
Win a brand new iPhone 14 Pro Max! Reply with,1
"Win a free smartphone! Reply 'yes' now and you could be our next lucky winner. Don't miss out, limited time",1
Your number is due for renewal! Upgrade now to our premium plan and enjoy unlimited calls and texts. Dial *123#,1
"Meet new friends, join our community. Text 'Join' to 07000123456, or visit www",1
Unlock unlimited data with our special offer! Dial 08001234567 for a limited time only.,1
Unlock hidden phone features! Dial *#06# for code. Upgrade now for exclusive offers!,1
Unlock secret bonus levels in our popular game! Call 08001234567 and enter code GOLD12,1
Unlock exclusive deals and win prizes! Dial 09061234567 now to join the VIP club,1
Unlock hidden bonuses in your favorite mobile game! Text 'levelup' to 0762419999 for exclusive,1
"Hey there! You've won a free trial of our amazing fitness app. To claim it, reply with 'Yes' to this message.",1
You've won an all-inclusive weekend getaway! Reply 'YES' to claim your prize and receive details! Terms apply.,1
Hello! Exciting news! You've won a free one-month membership to our popular fitness app. Swipe left to claim your,1
Meet new friends! Reply 'YES' to 434 to connect with 'HandsomeGuy73' now,1
"Your daily horoscope for Pisces: Luck may come your way, but beware of hidden pitfalls. Reply 'YES",1
Special offer! Win a luxury holiday for two! Reply with 'yes' to enter the draw. Winner announced soon! Standard message rates,1
You've won a free subscription to our premium adult content service! Reply 'yes' to activate now or 'no' to opt out.,1
Win big! Dial 1-900-555-1234 now for your chance to claim a free weekend,1
Congratulations! You've been selected for a mystery shopping task at the local grocery store. Earn £20 cash back by,1
"Warning: Your credit card may have been compromised! To ensure your account security, verify your card details now at http://www.securitycheck.",1
Congratulations! You've won a free subscription to our premium service! Activate now at http://www.ex,1
Congratulations! You've been selected for a mystery shopping task at MegaMart! Complete the survey at www.,1
Your bank card is blocked due to suspicious activity. Unblock immediately at http://www.securitycheck.com or call 1,1
"Win the latest iPhone 13! Answer 3 simple questions to enter the draw, hurry limited slots available! Click here: http",1
Alert: your online banking security has been compromised. Change your password immediately at https://www.banksecure.com or contact us at,1
Attention: Your bank account is being flagged for suspicious activity. Verify your details immediately at http://www.securityalert.com,1
"Unlock your dreams, win big! Enter our daily raffle for a chance to win cash prizes. Reply YES",1
Hey there! Exciting news! You've been selected to receive a free trial of our premium streaming service. Click the link below to,1
Limited time offer! Get 50% off on your next pizza order. Use code PIZZAPALOOZ,1
"Hey there! Exciting offer! Get 50% off on your first order at our online store! Hurry, this deal ends soon",1
"Special offer for you today: get 50% off your next purchase at our store! Hurry, this offer ends soon! Visit us",1
"Special offer: Get 50% off on your next order with the code SAVE50. Hurry, limited time only! shop",1
"Hey there, you've been selected for an exclusive offer! Upgrade your phone now with our amazing deals. Reply YES to confirm",1
Special offer! Unlock 50% off on limited time items at our store. Reply YES to 123-4,1
Special offer: Discover the latest tech trends and exclusive deals! Visit techtrends.link/dealsnow - Limited time only! Use,1
Unlock a world of excitement with our latest casino games! Play now and win big at spintopia.com/winbig! #JoinThe,1
"Win exciting prizes with our daily lucky draw! Text ""Lucky"" to 91910 for a chance to win! Terms and",1
Hey there! 🌸 Unlock endless entertainment with our special offer on unlimited movie streaming. Reply YES to 90,1
Win a brand new iPhone 13! Reply YES to this message to enter the draw. Winner announced next week!,1
Win amazing prizes now! Reply YES to 123456789 to enter daily draws. Terms and conditions apply,1
Join our exclusive members-only deals on luxury items! Text JOIN to 41111 for instant access!,1
Attention! Limited-time offer: Win a brand new iPhone 13! Reply YES to this message to enter,1
"Congratulations! You've been selected for a free iPhone 14! Reply 'accept' to claim yours, limited time",1
Attention! You've been selected for a special offer! Win an all-inclusive vacation for two to Bali! Reply,1
Attention! Limited-time offer: win a brand-new iPhone 14 Pro Max! Reply 'iPhone14' to,1
Congratulations! You've been selected to receive a free iPhone 13 Pro! Reply 'Claim' to the number,1
Congratulations! You've been selected for a special offer! Win a brand new iPhone 13 Pro! Reply YES,1
Congratulations! You've won a brand new iPhone 13! Reply 'Claim' to 07,1
You've been selected for a limited-time offer! Win a brand new iPhone 14! Reply 'WIN,1
"Meet new friends on our app! Join now at www.makefriends.world, share your photos and stories. Hurry",1
Investment opportunity of a lifetime! Visit www.wealthtoday.co for details on our latest cryptocurrency venture. Don,1
"Meet new friends, join our community at www.friendsforever.co! Share your stories, photos, and more. Let's",1
"Hey there, have you heard about the amazing offers on www.greatdeals4u.com? Hurry, they won't last",1
"Unlock a hidden treasure at [website.com]! Hurry, claim your reward now! 🏆💰 #l",1
Meet someone special today! Swipe right on www.luckylove.app 💖,1
"Hi there! I found an old phone with your number, you might want to check out this link for more info: www.lostand",1
Hey there! 🌟 Discover the secrets of success at www.secretstosuccess.online. Limited spots,1
"Discover the magic of unlimited internet at home! Sign up for our high-speed fiber optic plan and enjoy streaming, gaming, and",1
Greetings! Enjoy a free trial of our premium streaming service for a week. Click here to activate: [link],1
Exciting news! Enjoy unlimited data and calls with our latest smartphone offer. Visit our store or call 08,1
Hey there! Enjoy a special offer on our latest smartphone model. Limited time only! Call 0803567890,1
"Discover unlimited fun! Activate your free trial for unlimited internet, calls & SMS today. Visit our website or",1
Unlock limitless fun! Get a free trial of our unlimited gaming & streaming service. Text 'StartNow' to 0,1
Hi there! Exciting news! You've won a brand new smartphone! Activate it now at 08123,1
Greetings! You've been selected for a special offer. Receive a free smartwatch with unlimited data plan. Contact us at,1
Unlock secret deals at popular restaurants! Text 'dineout' to 6789 for exclusive offers.,1
Unlock hidden savings on your shopping! Text 'deals' to 67890 for exclusive discounts on popular brands.,1
Unlock your phone's full potential! Upgrade to our premium service for unlimited data and super-fast speeds. Text YES to,1
"Unlock the secrets of your zodiac sign! Get daily personalized insights on love, money, and career. Text START to 1",1
Unlock secret discounts on popular brands! Text 'DEALS' to 67890 and start saving today!,1
Hey there! 🤘 Get ready to rock with our exclusive music streaming service! 🎵 Unlimited access to the h,1
Unlock a world of excitement with our weekly adult movie deals! Text YES to 12345 for exclusive offers and steamy scenes,1
Unlock a world of secret deals with our exclusive discount app. Text JOIN to 12345 for instant access!,1
<prepared by 555123456789>Hey there! You've won a free dinner vouch,1
You've been selected to win a luxury vacation! Call 08712404000 to confirm your prize!,1
Your account has been temporarily locked due to suspicious activity. Call 08712404000 to regain access.,1
<prepared by 55555555555>You've won a free smartphone! Claim it now,1
Your number has won a grand prize! Call 08712404000 now to claim your £5,1
Unlock your free daily prize! Dial *345# now for a chance to win up to £100 in cash,1
<prepared by 448712405000>You have been selected for a special offer! D,1
<prepared by 555123456789>Attention! You've won a free vacation for two,1
📣 Exclusive Offer! Get a 50% discount on your next online order from our store. Hurry,1
"Unlock incredible savings! Reply for exclusive deals on designer clothes, electronics, and more! Hurry, limited time offer!",1
🎊 Limited Time Offer: Unlock a free 30-day trial of our premium streaming service! Reply YES,1
"📲 Special Offer! Unlock exclusive deals on the latest tech products! Text ""YES"" to 555-5",1
📣 Limited Time Offer: Unlock Exclusive Deals on Samsung Galaxy S22! Reply with your email,1
🎁 Exclusive offer! Unlock a $50 gift card today! Reply now to confirm your email address and receive the,1
🎁 Limited Time Offer! Unlock a Free Samsung Galaxy S22 Ultra! Reply with your email address and confirm,1
📲 Limited Time Offer: Boost Your Internet Speed with Our Exclusive Promo! Reply Y/N to Activate,1
Win big! Play 'Candy Crush Saga' now and get a chance to win a brand new iPhone 12! Reply,1
"Unlock unlimited fun! Download Candy Crush Saga for free. Reply YES to receive link, then text INSTALL to",1
Unlock amazing rewards! Play daily quiz & win prizes! Text START to 55555 now!,1
Win big with our daily lottery! Play now and you could be our next millionaire. Reply 'play' to join.,1
Unlock endless fun! Download Angry Birds Space for free now. Reply START to activate and blast off!,1
Unlock incredible savings! Get a discount of 20% off your next purchase at our store. Reply 'YES' now to claim,1
Win a brand new smartphone! Reply 'yes' to opt in and be entered into our weekly draw. Terms & conditions apply. Good,1
"Unlock endless fun! Play Candy Crush Saga for free, limited time offer. Reply YES to activate, data charges may apply",1
Attention! Upgrade your phone's performance with our exclusive app. Limited time offer! Download now at mobileboostpro.com/off,1
"Attention! Your phone number has been selected for a special offer from our trusted partner. To learn more about our exclusive deals, simply reply with",1
Limited offer! Unlock 50% off on our latest smartwatch model. Call 0812-345-,1
Unlock unlimited mobile games for 99 cents! Text YES to 888-999-0001 now,1
Unlock your phone's potential! Get the latest gaming app - 'Super Snake' - now for only €2.99. Call,1
Unlock secret sales! Text 'YES' to 07987654321 for VIP deals on the latest,1
Unlock amazing savings on your next purchase! Call now at 07891234567 for exclusive deals and discounts,1
Unlock hidden discounts on your favorite products! Text 'Deals' to 555-123-4567 now,1
"Unclaimed prize alert! You've won a £1000 shopping voucher! To claim, reply with 'Yes' to",1
Your new phone upgrade is ready at our store! Visit us today and enjoy 30% off on accessories!,1
"Unlock hidden lottery winnings! Text 'Yes' to 43443 to claim your prize! Don't miss out,",1
Meet single parents like you! Join our community now: www.parentmatch.com Reply STOP to opt out.,1
"Dear valued customer, your number has been selected for a special offer! Reply YES to 87878 within 4",1
"Daily horoscope: Your lucky numbers for today are 6, 12, and 18. Win big! Dial",1
"Your recent purchase of 'Mystery Box' has been processed. For support, reply 'HELP' or visit our website at www.",1
"Win 1000 cash instantly! Dial *987#. Limited time offer, hurry up!",1
"Congratulations! You've won a brand new iPhone 14! To claim, reply with your full name and address before",1
Warning: Unauthorized login attempt detected on your bank account. Reset password immediately at http://www.banksecurity.com/password or call,1
Congratulations! You've won a brand new iPhone 14! Claim your prize by confirming your details at www.,1
Important notice: your online banking security has been compromised. Reset your password immediately at https://bank.com/security or contact us on,1
Reminder: Unpaid bills due on 15th. Late payment fee applies. Pay now at www.billpay.,1
Unlock exciting rewards! Join our loyalty program at www.loyaltyrewards.com and get 25% off on your next purchase,1
Unbelievable deals! Get a brand new iPhone 13 Pro for just £199! Limited time offer! Reply with,1
"Unlock a £3000 cash loan today! No credit checks, fast approval. Text YES to 7890 to",1
Win a brand new iPhone XS Max! Reply YES to this message to enter the draw. Winners announced daily! Don't,1
Unlock massive savings on the latest smartphones! Reply YES to 66777 to claim your exclusive discount. Limited time offer,1
"Unlock a world of possibilities with our innovative loans! Even with poor credit history, we're here to help. Text APPLY to 6",1
Attention! Win a brand new iPhone 14 Pro Max! Simply reply 'yes' to this message and you could be our lucky winner,1
Unlock your dreams! Win a brand new iPhone 13! Reply WIN to 88888 for a chance,1
Unbelievable deals on the latest smartphones! Upgrade now and get free delivery. Visit mobilesales24.com or call,1
"Unlock £500 instantly! Reply YES to claim, then dial 090555512",1
"Limited time offer: Get a free smartphone with a new mobile plan! Reply YES to opt-in, terms apply.",1
Unlock hidden savings on your energy bills! Switch providers now and save up to 40%! Call 0330 12,1
"Dear valued customer, a surprise awaits you! Claim your £ 50 Amazon voucher by clicking the link below",1
Special Offer: Unlock your home's potential with a quick loan. Improve your living space today! Call us at 03,1
Unlock your secret prize! Dial 09055551234 now and find out if you've won up,1
Unlock a surprise gift worth up to â 500! Dial 0905555555,1
Limited time offer! Get 50% off your next online purchase! Use code 'SAVE50' at checkout. Hur,1
Your prize is waiting! Text YES to 888-999-000 to confirm and receive a call with details,1
"Unlock your hidden potential! Dial *#123# for a chance to boost your income. 18+, standard rates apply",1
"Unlock your lucky charm! Dial *987# for a chance to win a luxurious holiday worth £5,00",1
"Claim your free gift! Text YES to 36056. Limited time offer! Reply costs £2.50,",1
Unlock your fortune today! Reply YES to this message and receive a lucky number. Dial *999# to claim your potential,1
Congrats! You've been selected for a free Apple Watch! Reply YES to claim now. T&Cs apply.,1
Limited time offer: Get a free 30-day trial of our premium service. Reply YES to 45678,1
Unlock your phone's full potential! Upgrade to our premium service for faster speeds and better battery life. Reply YES to 1,1
"Congratulations! You've been randomly selected to receive a £500 voucher for your favorite store. To claim,",1
"Attention! You've been selected for a surprise lottery win of £500! To confirm your winnings, reply with your",1
"Attention! You've been selected to receive a free smartphone. To claim, reply with your full name and address. Don't",1
"Attention! You've been randomly selected for a £500 Amazon voucher! To confirm your win, reply with 'Yes",1
"Attention! You've been selected to receive a free smartphone! To claim your prize, reply with 'Yes' and provide your contact",1
"Celebrate your lucky day! You've won a £1,500 shopping spree! To claim,",1
Exciting news! You've been selected for a surprise £500 voucher to spend at your favorite store. To claim,1
"Good news! You've been selected for a chance to win a brand-new iPhone 14 Pro Max! To claim your prize,",1
Unlock the secret to winning the lottery! Get lucky numbers for just £5 per week. Text YES to 69909,1
Limited time offer: Get 50% off on your next purchase at [store_name]. Shop now at [website] or,1
Unlock your potential with our tailored training programs! Limited spots available. Enroll now at www.unlockyourpotential.com,1
Unlock your potential with our personal development course! Limited spots available. Call today at 07985 432109,1
"Unlock your potential with our personal development course. Limited spots available, sign up now at www.potentialunlocked.com",1
Unlock unlimited potential! Get fast cash loans today! No credit check required. Dial now at 08717111,1
Win a luxury vacation! Reply 'YES' now to enter the draw. Limited spots available!,1
Limited time offer! Get a 50% discount on your next pizza delivery from PizzaHut. Text 'PIZZA5,1
Limited time offer: Get a free subscription to our premium fitness app! Text 'fitlife' to 1234567 and transform,1
"Limited time offer! Get a free 1-month subscription to Netflix by texting ""subscribe"" to 4567890",1
Hurry! Limited time offer! Get a 50% off on your next pizza order with Domino's! Reply with,1
Unbelievable deal! Get a brand new iPhone 13 for just £299. Limited stock available. Order now at mobile,1
Unlock a limited-time offer! Get 50% off your next purchase at our store! Reply YES to 999,1
Hurry! Limited time offer: Get a free pair of AirPods Pro with any purchase over £100 at our store. Use,1
Limited time offer! Get a brand new iPhone 13 for just £199! Reply 'iPhone' to 6,1
Hello! You've been chosen for an exciting opportunity! Dial 07891234567 to claim your,1
Hey there! 🎉 You've been selected to win an amazing prize! 🎁 Simply reply with your full name,1
Attention! You've won a brand new iPhone 14! Reply with your full name and contact details to claim. Offer,1
"Congratulations! You've won £1000! To claim, text 'WIN1000' and your full name",1
Attention! You've won a free 3-month subscription to our premium fitness app! Reply 'Yes' to activate now.,1
Attention! You're a lucky winner! £1000 cash prize waiting for you. Dial 07891,1
"Congratulations! You've won a brand new iPhone 14! To claim, text 'WIN14",1
Exciting news! You've won an all-expenses paid vacation! Call 0700-WIN-V,1
Good news! You've won an all-expenses-paid trip to Bali! Call 07834567,1
Exciting news! You've won a luxury weekend getaway! Call 09063345678 to,1
Good news! You've been selected for an all-expenses-paid trip to Bali! Call 084484,1
Good news! You've won an all-expenses-paid trip to Bali! Dial 0330332,1
Good news! You've been selected for an all-inclusive Caribbean cruise! Call 0844335997,1
Exclusive offer! Dial 07891234567 to claim your £50 Amazon v,1
Attention! Limited-time offer: Get a free Samsung Galaxy S21 + worth £1299! Simply call 09,1
Quick offer! Save up to 70% on designer shoes! Visit our website now and shop till you drop!,1
"Get ready for a surprise! Win a 55"" Smart TV or £1000 cash! Dial 0844-",1
"Exclusive offer! Unlock a 50% discount on your next online purchase from [Brand Name]! Hurry, this offer",1
"Early bird offer! Book your dream vacation to Bali now and get a 50% discount. Hurry, offer ends soon!",1
Unlock unlimited streaming of your favorite movies and shows! Sign up now for a limited time offer: www.streamit.com/offer,1
"Unlock massive savings! Shop now and get 50% off on selected items. Hurry, offer ends soon! Visit our website or call",1
"Attention! Limited-time offer! Get 50% off your next purchase at our store. Hurry, offer ends soon! Visit",1
Special Offer: Upgrade your phone today with 50% off Samsung Galaxy S22! Dial 0330-1,1
"Congratulations! You've won a free one-month subscription to our premium fitness app. Hurry, claim your prize before it",1
Attention! You have been chosen for a special offer! Reply 'Yes' to receive a free trial of our exclusive diet plan,1
"Did you know that by activating the 'Ultimate Battery Saver' app, you can double your phone's battery life instantly",1
Attention! You've been selected to join our exclusive VIP club. Reply YES to get access to special offers and discounts,1
"Unlock your phone's hidden potential with our exclusive app! Download now and win a free 1-year subscription!"" #ad",1
Hey there! 🌟 Your lucky number came up in our daily draw! 🎉 Claim your 500€ Amazon,1
Unlock incredible savings on designer shoes! Limited time offer ends soon. Text 'YES' to join!,1
"Congratulations! You've been selected for a free cruise vacation! To confirm your spot, reply 'ACCEPT' before the offer ex",1
Win a brand new iPhone 13 Pro! Reply with your full name and mobile number to enter the draw!,1
Unlock 1000 bonus points and 1-month premium membership! Text 'YES' to 0909 8,1
Unlock unlimited mobile data for just $9.99/month! Reply START to get started!,1
"Unlock exclusive deals! Text 'YES' to 9999 for amazing offers on tech, fashion, and more!",1
Unlock a $100 cashback on your next grocery shopping! Sign up now at www.grocerybucks.com and enter,1
Unlock exclusive deals & win big! Dial 0908 012 3456 for a chance to win a,1
Win a brand new iPhone 14 Pro Max! Text 'WIN' to 555-555-5555,1
"Unlock 1000 free minutes and 50GB data for just one day! Hurry, dial 0800",1
"Unlock a £1,000 cash boost for your home! Dial 0700000000 to discuss",1
Reminder: Your credit card has been approved for a £2000 loan. Contact us at 0123456,1
Limited time offer! Dial 09012345679 to claim your free monthly subscription to our exclusive dating,1
Attention! Limited-time offer: Win a 1-week vacation for two in Bali! Reply 'Vacation' to,1
Your number has been selected to receive a special bonus! Dial 09082345679 to activate your £,1
"Unlock a life-changing opportunity! Dial 07000123456 to verify your £10,0",1
Don't miss out! Limited time offer: Win a 7-day luxury cruise for two! Reply 'Enter' to join the,1
Exciting news! Your name has been selected for a £250 Amazon voucher. Reply 'Yes' to this message,1
Unlock a lifetime of savings with our exclusive club! Join now and get a free 4-night stay at a luxury resort. Text JOIN,1
"Unlock a world of possibilities! Win a brand new iPhone 14 or £20,000 cash! Enter now by texting",1
"Unlock your financial freedom! Get a personal loan up to £10,000 with no credit check. Reply YES to",1
"Unlock the secret to a debt-free life! Get a personalized loan offer, no matter your credit score. Reply YES to",1
Get a chance to win a brand new iPhone 13! Reply YES to this SMS to enter the draw. Winner will,1
Unlock a world of possibilities with our flexible loans! Bad credit history? Not a problem. Contact us today at 0300 1,1
"Unlock the secret to a debt-free life! Low interest loans available, even with poor credit. Call now at 0800-",1
"📱💼 Quick loan approved! Up to £1000, even with CCJ's or defaults",1
Unlock your secret £ 500 bonus! Reply YES to claim or dial 09083012,1
Limited time offer! Unlock a secret discount on your monthly bills - call 09085556677 now,1
Unlock your phone's full potential with our exclusive software upgrade! Reply YES to get started.,1
"Unlock a surprise gift! Dial *987# for a chance to win exciting prizes or discounts. Hurry, offer ends",1
Unlock your phone's full potential! Upgrade to our premium plan with double data for just £5/month. Reply 'YES,1
Unlock your new phone contract today! Upgrade to the latest smartphone models now. Reply YES to 123456,1
Unlock a secret bonus of up to £500 on your next online purchase! Reply YES to this message for details and exclusive offers,1
Limited time offer! Reply YES to 6767 to unlock 50% off your next online shopping purchase! Ends,1
Your daily lottery ticket has been drawn! Claim your £20 prize by replying 'CLAIM' to this message. W,1
"Unlock your phone's full potential! Get exclusive deals on apps, games, and more. Reply 'YES' to 90",1
"Dear valued customer, you've been selected to receive a special offer. Upgrade your phone plan now and enjoy double data for",1
Unlock exclusive deals and offers! Reply YES to 90909. Standard rates apply. Opt-out anytime.,1
Unlock unlimited access to exclusive offers! Reply YES to 45678 and unlock your deals today! Standard rates,1
Congrats! You've been selected to receive a special offer! Enjoy 50% off on the latest smart,1
Unlock your lucky fortune! Text YES to 67676 to claim your chance to win up to £50,1
Congrats! You've been selected for a £500 shopping voucher! Reply 'Yes,1
Good news! You've been selected to receive a free smartphone. Reply YES to confirm your delivery address.,1
"Attention! You've been randomly selected for a £500 Amazon voucher. To claim, reply 'Yes",1
Attention! A mysterious benefactor has chosen you for a secret fortune of £5000! Claim your winnings by replying,1
"Attention! You've been randomly selected for a £500 Amazon voucher. To claim, reply with your full name and",1
"Attention! You've been selected for an exclusive offer: a brand new iPhone 14 Pro Max! To claim, simply reply with",1
Hey there! Exciting news! You've been selected to receive a £500 voucher for a popular online store.,1
Alert! You've been selected for a mystery shopping opportunity at your local grocery store. Earn up to £50 in cash and free,1
"🌟 Win a dream vacation! Reply YES to this message and you'll be automatically entered. hurry, competition ends",1
Unlock endless entertainment! Stream your favorite movies & music for just $9.99/month. Visit www.entertainmentunle,1
"Win a brand new car! Enter now at www.bigluckydraw.co.uk. Hurry, competition ends soon!",1
Unlock endless possibilities with our personalized credit solutions! Bad credit history? No problem! Visit us at [website] or call [phone number,1
"Unlock the full potential of your mobile device! Upgrade now and enjoy unlimited data, calls, and texts for just £20 a month!",1
Unlock the full potential of your phone with our amazing offers! Upgrade now at mypeakoffers.com or call 0333,1
Unlock your potential with our personal development courses! Limited spots available. Enroll now at www.unlockyourpotential.net,1
Unlock your potential! Learn a new skill today and boost your career. Limited time offer! Sign up now at www.skillsup,1
Unlock unlimited fun! Play Candy Crush Saga for free now! Text JOIN to 1234567 and,1
Limited time offer! Upgrade your smartphone with our latest model for just £99! Reply 'yes' to 67,1
Unlock endless fun! Dial *90# to receive a free month of unlimited video streaming. Limited time offer. Don't miss,1
"Unlock the magic of Minecraft: Pocket Edition! Download it now for free, limited time offer. Reply 'install' to activate,",1
Unlock limitless entertainment! 🎮 Get a year's subscription to Netflix and Spotify for just £9.99/,1
Unlock a world of excitement! Reply 'yes' to 90123 to enter our draw for a brand-new smartphone,1
Limited time offer! 50% off on your next pizza order with Domino's. Use code SAVE50 at check,1
"Unlock amazing prizes! Text ""lucky"" to 4567890 and enter our grand lottery draw today! Win a",1
Congrats! You've won a brand new iPhone 14! Call 0789123,1
Attention! You've won a brand new smartphone! Call 0845-567-891,1
"Congratulations! You've won a free iPhone 14! To claim, simply reply with your full name and address. Hur",1
Congrats! You've won a free iPhone 13! Call 070012345,1
"Congratulations! You've been chosen to receive a £1000 gift! To claim, text YES",1
"Special offer! Reply with your name and address to receive a free trial of our premium health supplements. Limited stock available, act now",1
Congratulations! You've been chosen for a free weekend getaway! Call 0700123456,1
Congratulations! You've been chosen for a limited-time offer! Dial 078912345,1
Good news! You've been selected to win a luxury weekend getaway! Call 08448889999,1
Attention! You've been selected for a Samsung Galaxy S21 Giveaway! Dial 08454678,1
Attention! You've been selected for a free 3-day all-inclusive cruise! Call 090655,1
Attention! You've won an all-inclusive Caribbean cruise! Contact 0845678910 to confirm,1
Attention! You've won a luxury 7-day Mediterranean cruise! Call 08009116677,1
Congrats! You've won a Samsung Galaxy S21! Call 08700056789,1
"Attention! You've won a 55"" Smart TV! Call 07000345678 now",1
Attention! Limited Time Offer! Win a brand new Tesla Model 3! Call 084587,1
Unlock a secret mystery! Dial 07890123456 for your chance to uncover hidden treasure!,1
Exclusive offer! Get 50% off on your next purchase from our store. Use code 'SAVE50' at checkout,1
Congratulations! Your name was randomly selected to win a trip for two to Bali. Call 0330-123-,1
Congratulations! You've won a 5-day all-inclusive vacation in the Maldives. Reply YES,1
"Exclusive offer! Limited time only: 50% off on the latest designer sunglasses. Hurry, offer ends soon! Rep",1
Exclusive offer! Upgrade your home with a smart thermostat at half price. Reply 'YES' to 079,1
"Exclusive offer! Upgrade your gaming experience with our latest console, Xbox Series X. Limited stock available, order now at www.gam",1
Limited time offer! Upgrade your home security system with a free smart lock and camera. Reply YES to 0787,1
Attention! You've been selected for a free vacation package. Reply 'Yes' to confirm and receive more details!,1
Breaking news! You've been selected to test the latest smartphone with AI capabilities. Reply for more details. ���,1
Attention! Win a lifetime supply of pizza 🍕 just by replying 'YES' to this message. Don't,1
"Congratulations! You've been selected as a participant in our exclusive VIP club. Enjoy exclusive deals, rewards, and events.",1
Unlock the secret of eternal youth! 🌟 Try our revolutionary anti-aging serum today! ���,1
Be aware: Your device's factory settings will be reset tomorrow at 3 AM. Backup your data now. Dial *#9,1
Unlock a hidden fortune! Dial *329# for your chance to win millions. Time is running out!,1
"Don't miss out on our limited time offer: buy 2 pizzas, get the 3rd one free! Offer ends",1
Unlock exclusive deals on designer sunglasses! Reply YES to get 50% off your first purchase. Limited time offer!,1
"Unlock exclusive deals! Reply YES to receive special offers on tech gadgets, fashion, and more. Dial *123",1
Unlock amazing savings! Dial 0800 987 6543 to receive a code for 25%,1
Unlock exclusive deals & discounts! Text 'YES' to 9876543210 to subscribe!,1
Unlock exclusive deals and discounts! Shop now at [website] and get a 20% off on your first purchase with code,1
Unlock 500MB of data for just $9.99! Text YES to 9999 to subscribe now,1
"Get your hands on the latest gaming console for just £99! Hurry, offer ends soon! Text 'GAMEON' to",1
"Exclusive deal: get a premium fitness tracker at half price! Reply YES to redeem, offer ends soon!",1
Limited offer! Dial 07891011122 to receive your free 2-day vacation in Mal,1
Exciting news! You've been selected for a mystery shopping opportunity! Earn £50 just by shopping at your favorite store.,1
Unlock your potential! Join our online course for free today and boost your career. Reply 'Enroll' to start learning now.,1
Exclusive offer! Limited edition Samsung Galaxy S22 available for just £199. Reply 'Yes' to secure yours now.,1
Discover a secret holiday package! ☀️ 🌴 Limited-time offer! Book your dream getaway today by,1
Greetings! You've been chosen as our lucky winner in today's draw for a Samsung Galaxy Tab S7+. Dial,1
"Attention: Unclaimed inheritance of £10,000 awaits you! Contact our legal department immediately on 012",1
Unlock your financial freedom! Invest in cryptocurrency with us today! Limited time offer: deposit £100 and receive £100 bonus,1
win a brand new car! reply 'WIN' to 90001 to enter. only 10p per entry. open,1
"Unlock a world of possibilities with our unsecured personal loans! No credit checks, no hassle. Call us today at 030",1
Win a brand new iPhone 13 Pro! Limited slots available! Reply YES to 07988 77,1
"Dear customer, you've won a free shopping voucher worth £50! To claim, reply 'yes' within 2",1
Attention: Unclaimed package. Contact 89102345 immediately to avoid disposal.,1
"Congratulations! You've won a brand new iPhone 14! To claim your prize, reply with 'Claim' and provide",1
Congratulations! You've been selected for a special offer! Increase your income by participating in a market research study. Call,1
Special offer! 🎁 Get 50% off your next purchase at our online store! Use code 'SPRING5,1
Attention: Your recent online purchase needs verification. Call us at 0700-FAST-HELP (07,1
Special offer! Unlock amazing deals on the latest tech gadgets. Reply YES to 98765432,1
Special offer: Get 50% off your next purchase at [store_name]! Use code SUMMER5,1
ðŸš¨ Congrats! You've won a brand new Samsung Galaxy S23 Ultra. Secure your prize,1
"âœ¨ Exclusive Offer! Unlock a year of free streaming on our premium movie platform. Limited spots available, act fast",1
ðŸš¨ Breaking News: You've won a brand new Tesla Model 3! Click the link to claim your prize,1
Congratulations! You've won a brand new Samsung Galaxy S23! Claim your prize instantly by clicking the provided link.,1
"Congratulations! You've won a brand new Samsung Galaxy S23. To claim your prize, simply click the link below and",1
"Exclusive invite: Unlock a world of entertainment with a free streaming subscription. Hurry, offer ends soon!",1
Congratulations! You've won a brand new tablet! Click the link to claim your prize and enjoy endless entertainment.,1
Unlock secret savings! Reply YES to claim 50% off your next purchase at [store name] today!,1
"Unlock your hidden wealth! Invest now and secure a chance to win a luxury vacation worth 50,000 dollars!",1
Unlock a secret cryptocurrency bonus worth 0.1 BTC or more! Reply 'YES' to confirm and get started!,1
Congrats! You've been selected to win a brand new iPhone XS! Reply 'Yes' to claim your prize!,1
Hi there! You've been selected for a special offer! Reply 'YES' to claim your discounted gym membership worth £3,1
Unlock a secret fortune! Call this number for a guaranteed win and a chance at life-changing wealth!,1
"Special offer! Win a brand new iPhone 14 Pro Max or a luxury vacation worth $10,000. Enter now at",1
Meet someone new tonight! Swipe right for your chance at love and exciting prizes!,1
"Hey, congratulations! You've won a free vacation! To claim, reply with your full name and address. Hurry, offer",1
"Hello! Exclusive offer for limited time: Free trial of premium entertainment service. Unlock unlimited access to movies, music, and games.",1
"Hey there, it's Alex! I've got an amazing business opportunity that can turn your text messages into a revenue stream! Just reply",1
"Hello! You've won a free vacation package! To claim, reply with your full name and contact details. Hurry, offer ends soon",1
"Attention! You've won a free smartphone! Reply to this message to claim your prize and get more details. Hurry,",1
"Hey there, it's an exciting opportunity! Earn cash by participating in our market research study. Reply to confirm your interest.",1
"Hey there! 🌱 We're offering a limited-time promotion: 50% off on our organic, eco",1
Greetings! 🌟 You've been selected for an exclusive offer on our new luxury skincare line. Reply Y,1
"Unlock hidden savings! Get exclusive deals on groceries, electronics, and more with our app!",1
Greetings! We've noticed your love for pets and want to offer you a special deal. Test our new pet grooming kit and,1
"Hello, it's Sam from the local bakery. We're offering a free trial of our freshly baked bread delivery service for",1
Greetings! You've been selected for an exclusive opportunity to beta test our latest smartphone app. Preview it now and get a,1
Meet new friends tonight at the city square! Join us at 8 PM. #FriendshipFest2023 www.city,1
Unlock 50% off at our store today! Visit us now,1
Unlock exclusive deals today! Dial *99# for instant access. Limited time offer!,1
Unlock a secret deal today! Text 'YES' to 555-5555 to access exclusive offers at our store.,1
"Unlock a secret world! Dial *#867# to access exclusive deals and offers. Hurry, offer ends soon!",1
Unlock secret deals! Text 'YES' to 555-555 for exclusive offers from our partners.,1
Hey there! You've won a free gift! Visit www.instant-gifts.net/code123 to claim yours before,1
"Dear customer, enjoy a 50% discount on our latest smartphone models! Visit our store now at mall.com/s",1
Meet beautiful singles in your area! Reply with YES to start chatting now.,1
"Claim your long-lost winning! Reply 'YES' to confirm, and unlock £500 instantly!",1
Hey there! You've won a free holiday to sunny Bali! Reply with your full name and contact details to claim!,1
"Hello, you've won a brand new smartphone! To claim your prize, reply with your full name and address.",1
Claim your hidden fortune! Reply with 'Uncover' to reveal your secret inheritance today!,1
Your device's security alert! Update now to protect your data!,1
Special offer! 50% off on all purchases today only! Visit our website or call 098765432,1
Unlock your phone's full potential! Upgrade now with our exclusive offer. Reply YES to 90123 or visit,1
Win a luxury vacation! Enter now for your chance to unwind in paradise! Reply YES to 45678 to,1
"Win big in our lottery! Draw on 25th Mar, 22. Don't miss out! Reply STOP",1
Special offer: win a weekend getaway for two! Reply YES to 98765 to enter the draw. Don,1
Attention! You've been selected for an exclusive offer! Claim your prize by replying YES to this message. Terms & conditions,1
Win a brand new iPhone 14! Enter now at www.luckywinnings.com. Limited time offer! Hurry!,1
"Win amazing prizes! Join our weekly raffle, draws every Sunday. Text 'JOIN' to 98765 to",1
"Special offer! Limited time only: upgrade your phone with our latest 4G device, boosting your internet speed and gaming experience. Reply",1
Unlock the secrets of enhanced productivity! Learn more about our exclusive time management app - available for download now. Reply YES to 45,1
"Exclusive offer: Upgrade your ringtone collection with our latest releases! 1) DJ Snake - Let Me Love You,",1
Special offer: Upgrade your phone with our latest 5G model for just $99! Reply YES to activate now!,1
"Unlock your potential! Try our revolutionary smartwatch now, limited time offer! Reply YES to 90123 for details.",1
Daily deals alert! 🛍️ Today's special: 1) sleek blue smartwatch 🕰,1
Unlock unlimited music streaming for just $2/week! Text JOIN to 55664 to subscribe.,1
"New ringtones available now: 1) ""A Thousand Years"" by Christina Perri, 2) ""I Gotta",1
Your recent search for 'best smartphone deals' has caught our attention! Visit our website to explore exclusive offers tailored just for you.,1
your recent visit to amazon.com suggests you might be interested in our exclusive deals on latest tech gadgets. replying YES will,1
"Unlock the secrets of your destiny! Get your personalized horoscope now, just text YES to 911-22",1
You've won a free 3-day pass to our exclusive fitness club! Upgrade to a yearly membership for a special discount.,1
"congratulations! you've won a brand new smartwatch! to claim your prize, reply with 'claim' now! offer ends soon",1
your recent purchase has arrived at our warehouse. please confirm delivery details to proceed with shipping. call us on 0800 12,1
"Your local pizza shop is running a special offer today! Buy one get one free on all pizzas. Hurry, this offer ends at",1
"Hey there! You've won a free trial of our premium streaming service. Start enjoying your favorite shows now, just click here to activate!",1
Unlock your phone now! Dial *#06# to reveal your IMEI number and text it to 41123,1
"Unlock your phone's full potential! Dial *#06# for IMEI, text it to 45678",1
Unlock your phone's potential with our exclusive app! Dial *#9090# to access now. Offer ends soon!,1
Unlock your phone now! Dial *#06# to reveal your IMEI number. Text it to 41122,1
Limited offer: Unlock your phone's full potential with our exclusive app! Reply YES to 55668 for,1
"Unlock your new iPhone 13 now! Reply with 'Yes' to get a special discount code. Limited time offer, don't",1
"Unlock your phone's hidden features! Reply YES to 987654 for a special code. Limited time offer,",1
"Unlock your phone now! Dial *#06# to find your IMEI number, then text it to 4112",1
Win big! Enter our daily draw for a chance to win an iPhone 14 Pro Max! Reply 'Enter' to join!,1
You've won a brand new iPhone 14! Collect it at your nearest Apple store within the next 7 days. Reply,1
Exclusive offer! ðŸš¨ Win a brand-new iPhone 13 Pro Max by entering our raffle. Hurry,1
Limited offer! Unlock your iPhone 13 for just $99! Upgrade your phone now by replying 'YES,1
"Good news! You've won an iPhone 14 Pro Max! To claim, reply 'Yes' and we'll send the details",1
"Good news! ðŸ˜ƒ You've won an iPhone 14! To claim, reply 'Claim' and follow the link",1
"Reminder: Your bank account has been credited with a mystery bonus of 2000 EUR. To claim, call us now",1
Earn up to $200 weekly by participating in our online surveys! Click the link below to get started: [link],1
Congratulations! You've won a brand new smartphone! Claim it now by replying YES and dialing the toll,1
Attention: Your account is temporarily locked due to unusual activity. Please call 1-800-555-678,1
Congratulations! You've won a free vacation! Call 08458675432 to claim your,1
Congratulations! You've won a fantastic holiday package! Call 07890123456 to claim,1
Your daily fortune: 🔮 Good news ahead! 🌟 Call 0870456,1
Special offer: Unlock your phone now! Dial *#06# and text back for instant unlock code. Limited time,1
"Dear valued customer, you've won a free vacation! To claim, reply YES to this SMS and call 087",1
Attention: Your account has been suspended due to unusual activity. Call us immediately at 0800-123-45,1
"Congratulations! You've been chosen to win an all-expenses-paid trip to Bali. To confirm your entry, reply Y",1
Unlock your luck with a $500 Amazon voucher! Reply 'Yes' to confirm and receive the link to claim your prize,1
Congrats! You've won an all-expense paid trip to paradise! Secure your spot by replying 'Yes,1
Congratulations! You've been chosen for a chance to win a brand new Samsung Galaxy S22! Reply,1
Congrats! You've won a year's supply of gourmet coffee! Claim your prize by replying 'Yes,1
Congrats! You've won a year of premium Netflix subscription! Click here to activate your prize and start binge-watching,1
âœ… Congratulations! You've won a brand new gaming console! Click the link to claim and enjoy endless fun! Time is tick,1
"ðŸŽ‰ Congratulations! You've won a 5-day all-inclusive cruise vacation! To confirm, reply",1
"Unlock your dream car! Reply YES to claim your chance to win a luxury vehicle worth £50,000. Hurry",1
"Unlock a secret fortune! Dial 987654321 now for your chance to win up to 10,",1
Meet someone exciting tonight! Text back and reveal your deepest secrets 😜,1
Unlock a secret deal on luxury watches! Reply YES to receive exclusive offers!,1
"Win a £5000 dream vacation! Reply YES to claim your chance, limited spots available!",1
"Win an all-inclusive vacation to the Caribbean, just reply with your name and contact number!",1
Unlock your fortune! Dial *999# for a chance to win 1 million naira or luxury goods!,1
Hello there! You've won a free smartphone! Just follow this link to claim your prize before it's too late,1
Hey there! It's Alex from the travel agency. We've found some amazing deals on exotic vacations for this summer. Reply for,1
"Hey, it's Alex! I've got an amazing business opportunity for you! Earn extra cash by promoting our products through text messages",1
Hey there! It's a great opportunity to save on utility bills with our new energy-saving plan. Reply for more info!,1
Hey there! It's John from the local bank. We've got an exciting offer for you! By simply upgrading your account,1
Hey there! It's Sam from your local pizza place. We've got a special offer just for you! Order now and enjoy,1
"Hello, you've been selected for an exclusive trial of our new premium phone service. Reply 'Yes' to get a free 3",1
"Hey there! You're invited to try our exclusive, limited-time offer for a complimentary premium subscription to our streaming service, featuring top",1
"Hello, you've been selected for a special offer! Test out our new hair care line and receive a free trial kit. Reply 'Y",1
"Hi there! Enjoy a complimentary 30-day trial of our premium streaming service, featuring the latest movies, TV shows, and music",1
"Attention! You've been selected for a special offer: a free trial of our premium movie streaming service, with access to thousands of movies",1
Greetings! You've been selected for an exclusive trial of our new luxury skincare line. Reply to claim your free samples,1
"Hello, it's a limited-time offer! Try our premium service for just $1 for a week, including unlimited calls and texts",1
Hey there! We've got an exclusive offer for our early bird customers - a complimentary facial treatment at our luxurious spa. Rep,1
Special offer! Unlock hidden features on your phone with code: XYZ987. Visit www.secretfeatures.mobi now,1
"Unlock exclusive deals! Dial *777# for instant access, limited time offer ends tomorrow!",1
Unlock exciting offers! Reply 'yes' to join our daily deals club. Text STOP to opt out.,1
Unlock secret deals now! Text 'YES' to 555-555 and receive exclusive offers at your favorite stores.,1
Hey there! 📱 Quick heads up! 📝 Your Netflix account login details for today are: Username: j,1
Unlock exclusive deals at midnight! Text YES to 555-5555 to opt in. Msg & data rates may,1
"Unlock exclusive deals! Text 'YES' to 41111 for daily offers, limited time only!",1
"Dear customer, for a limited time only, enjoy a 50% discount on all orders from our online store. To claim, simply",1
"Dear customer, you've been selected for a special offer! Reply YES to claim your discount voucher today",1
"Dear friend, I've found an amazing deal on designer sunglasses! Hurry, limited stock! Reply Y",1
Win £500! Reply with your full name and postal code to claim.,1
Hey there! You've won an amazing prize! Reply 'Yes' to claim it now!,1
You've won a free iPhone 14! Reply 'Yes' to claim your prize and provide your details.,1
"Win a brand new smartphone! Join our contest now by texting 'WIN' to 456789. Hurry,",1
Win a brand new iPhone! Enter now by texting 'WIN' to 45678. Terms and conditions apply. 1,1
Don't miss out on our special offer! 50% off all items until 31st Mar. Shop now at www.,1
"Win big today! Join our lottery now, draw at 24th March 25. Reply STOP to opt out,",1
Win big! Daily raffle draws starting tomorrow! Register now for your chance to win up to £500! Text WIN to,1
Win a brand new smartphone! Enter now at www.winphone.com before Feb 25th. Don't miss out on,1
Win a brand new iPhone 14 Pro Max! Join our weekly draw now! Reply YES to 98765 to,1
Win big! Daily draw starts tomorrow! Dial *900# to participate and stand a chance to win up to £500,1
"Special deal: upgrade your phone with our latest model, offering enhanced features and sleek design. Reply 'YES' to claim now!",1
Special offer: upgrade your phone with our latest model for only $99! Reply YES to confirm and we'll send you the,1
"Limited time offer: upgrade your phone with our latest model, featuring a 64MP camera and 5000mAh battery",1
Limited time offer: upgrade your phone with our latest model - 'Galaxy S23'! Reply 'YES' to,1
Special offer: Upgrade your phone with the latest gaming features! Reply YES to 90374 to learn more.,1
Unlock the secrets of eternal youth! Try our latest anti-aging serum - limited time offer! Reply YES to 912,1
📞 Limited time offer! Unlock 50% off on our latest smartwatch models. Reply STOP to unsubscribe,1
"Special alert: Limited-time offer - 50% off on the latest smartwatch model! Hurry, offer ends in 2 days",1
"Hi there, it seems your recent survey entry won you a free 30-day trial for our premium streaming service. Cl",1
You've won a free smartwatch! Claim your prize by replying with your name and address before midnight. Don't miss out,1
Your recent search history shows interest in smart home devices. Check out our exclusive deals now and upgrade your home!,1
"you've won a free 3-month subscription to our premium streaming service. to claim, reply with 'activate' and share this code",1
Exciting news! You've won a 3-day all-inclusive vacation in the Maldives! Reply now to,1
you've been selected to win a brand new smartphone! reply YES to claim now and get it delivered! #l,1
"Remember, you can enjoy unlimited streaming with our new music app! Dial 0800-555-55",1
Unlock your phone now! Dial *#06# and share the IMEI to receive a free security upgrade.,1
"Dear customer, your recent purchase from our online store is on its way! Track it now using this link: bit.ly/3n",1
"Attention! You've won an all-expenses-paid vacation to Bali! To confirm, reply with 'Yes' and provide",1
"Unlock the secret treasure! Dial *#12345# for a chance to win hidden prizes. Hurry, offer ends",1
Unlock your phone's potential with our exclusive app! Text 'YES' to 555-5555 to receive a,1
"Unlock your phone's potential! Dial *#06# for IMEI, text it to 456789",1
Special offer! Unlock limitless data for just $10/week. Reply STOPDATA to opt-out. Standard rates apply,1
Win a brand new iPhone X! Reply with 'Yes' to confirm your entry in our grand draw. Winner announced next week! Don,1
Attention! You've just won a brand new iPhone 14 Pro Max! Click the link below to claim your prize before it,1
Exciting news! 🎉 You've been chosen to receive a £100 voucher for your favorite restaurant. Hurry,1
Unexpected win! ðŸŽ‰ You've been chosen to receive a £200 Marks & Spencer voucher. Conf,1
Reminder: Your tax refund of £250 is waiting for you! Click the link below to claim it now: [link],1
"Enjoy a free pizza on us! Order now from our special link. Hurry, offer ends soon!",1
"Attention! ðŸš¨ You've won a brand new iPhone 14 Pro Max! To claim your prize, reply with",1
Exciting news! You've won a brand new iPhone 14! Claim your prize by replying 'Yes' or clicking,1
Exclusive offer! Win a brand new iPhone 13 Pro Max by participating in our daily draw. Enter now at [weblink],1
Special offer! Unlock amazing discounts at your favorite stores. Text 'YES' to 67890 and start saving now,1
Alert: Your account may be at risk. Verify your identity by calling 08456789123 as soon as,1
Attention: Your account may be at risk. Call 089-567-8901 to secure your funds and,1
Attention: Your account may be at risk due to unusual activity. Please log in to your account or call our support at 078,1
Attention! You've won a fantastic vacation package! Call now on 0800-123-4567,1
Attention: You've won a fantastic smartphone! Call 07955555555 to claim your prize,1
"Your account has been locked due to multiple incorrect login attempts. To regain access, please call our customer service at 07891",1
Attention! You've been selected for a special offer on a limited-time smartphone deal! Call 078912,1
"ðŸŽ‰ Congratulations! You've won a brand-new Samsung Galaxy Z Flip 4. To redeem,",1
Congrats! You've won a brand new smart TV! Click the link to claim your prize. Offer ends soon!,1
"â˜¹ Congrats! You've won an Amazon Echo Show. To claim, reply YES and verify your details",1
Congrats! You've won a brand new Samsung Galaxy S23 Ultra. Claim it now by following this link and,1
"âœ… Congratulations! You've won a brand new Samsung Galaxy S23! To claim, simply tap the link and confirm",1
"Congrats! You've won a brand new Samsung Galaxy Z Fold3! Click the link to redeem now, offer ends",1
Congratulations! You've been selected to win an all-inclusive vacation worth $5000! To confirm your prize,1
Congratulations! You've been selected to receive a brand new iPhone XR! Reply 'Claim' to confirm and provide your,1
Unlock a surprise worth up to £500! Dial our hotline now to discover your mystery prize: 0908,1
Attention! You've been selected for an exclusive offer: Win up to $500 in Amazon gift cards or a brand-new,1
Attention! You've been selected for a special offer! Win a brand-new iPhone 14 or a $500 Amazon,1
Attention! You've been selected for a special offer! Get a brand-new smartphone or a 500GB,1
Attention! You've been selected to receive a free smartphone. Reply 'ACCEPT' to claim now. Limited time offer!,1
"Congratulations! You've been selected for a free iPhone 14 Pro Max. To confirm your prize, reply with 'yes",1
Join our exclusive club and get access to premium entertainment content for just 99p/week! Reply YES to 123,1
"Limited time offer! Get a brand new smartwatch with heart rate monitor, GPS, and waterproof features for just 99 pounds. Rep",1
"Unlock amazing deals! Get 50% off your first month's subscription, plus a free e-book on productivity tips. Reply",1
Win a brand new smartphone with unlimited data and calls for a year! Reply with your name and number to enter the draw. Hur,1
"Limited time offer! Unlock 3GB data, 500 minutes, and 5000 texts for just 1",1
Unlock amazing savings! Reply YES to get a brand new smartphone for just 99 pounds and unlimited data for 3 months,1
Unlock unlimited data and fast 5G speeds for just £20/month! Reply YES to 12345,1
Limited time offer: upgrade your phone to the latest Samsung Galaxy for just 19.99 pounds per month! Reply 12,1
"Unlock the world of streaming with our latest offer: 3 months free on premium subscription, plus 10% off all in-app purchases",1
"Unlock a world of entertainment! Subscribe now to get unlimited streaming access to your favorite shows, movies, and sports. Reply YES",1
Unlock unlimited streaming of your favorite shows! Sign up today for our exclusive offer: 3 months free trial + 50% off on,1
"Unlock amazing deals on our latest smartphones! Reply with your name to receive a personalized offer and exclusive discounts, valid until the end",1
"Unlock exciting offers! Text YES to join our VIP club for exclusive deals on tech gadgets, travel packages, and more! Limited",1
"Unlock unlimited data & talk time for just $29/week! Hurry, offer ends soon! Reply YES to activate!",1
Upgrade your phone now and get a 64GB memory SD card absolutely free! Limited time offer! Text UPGRADE to 1,1
"limited offer! upgrade your phone now and get 2000 extra minutes on your plan, valid for 30 days. reply with",1
Unlock your potential with our exclusive offer! Upgrade to the latest Samsung smartphone for just £99! Call 01234,1
Unlock unlimited talk time on your Vodafone number! Upgrade to our premium package now and enjoy free international calls for the next,1
"Unlock the world of limitless entertainment with our exclusive offer! Win a brand-new Samsung Galaxy S21 Ultra, or",1
Unlock incredible savings! Join now and get 50% off your first month on our amazing phone and internet bundle. Reply STOP to,1
"Unlock hidden savings with our exclusive offer: Get a brand-new Samsung Galaxy S21 for just £150! Hurry, this",1
Attention! Win an iPhone 13 Pro Max by participating in our daily raffle. Reply with 'WIN,1
"From 888000: ""Your number has won a brand new iPhone X! To claim your prize, simply reply with 'Claim",1
Unlock incredible savings on the latest smartphones! Switch to our network today and enjoy 50% off your first bill. Limited time offer!,1
Special offer: unlimited texts to 07XXX-XXX-XXXX for just £2.50/week! Reply,1
Meet new people in your area! Text 'join' to 09089991234 for,1
Join our exclusive club for unlimited calls to 0871 numbers! Reply YES to 4567890,1
Join our exclusive club! Get 500 extra minutes for just 50p/day. Reply YES to,1
Unlock endless talk time! Dial 09055551234 for just 50p/min. Rep,1
Unlock unlimited talktime for just 5p/min! Dial *9# now or reply STOP to opt out. Standard network,1
Exclusive offer: unlimited texts to 60911 for just 50p/day! Reply ST,1
Unlock unlimited chats with our exclusive offer! Dial 09055551234 for just 50,1
Special offer! Upgrade your phone now and get a free smartwatch! Call us at 0700123,1
Unlock a secret deal! Reply 'yes' to enjoy 50% off on your next order from our exclusive partner store. Limited time,1
"Unlock a secret treasure chest! Dial 90321 now and unveil your mystery gift. Hurry, offer ends tonight",1
Unlock the secrets of the universe! Dial 09051234567 for a special offer on our advanced ast,1
Unlock a mystery adventure! Dial 87654321 now and uncover hidden treasures! Standard rates apply.,1
Unlock a hidden fortune! Dial 07891234567 to discover your secret prize of up to £5,1
Unlock your fortune! Dial 09031234567 for a chance to win a brand new iPhone X and,1
Unlock amazing savings! Dial 09055551234 for exclusive deals on designer accessories. Calls cost,1
Get ready for a thrilling adventure! Win an Xbox Series X by participating in our online contest. Visit www.gamers,1
Hey there! Get ready for an exciting weekend! Win a brand new Samsung Galaxy Tab S7 by participating in our quick quiz. Reply,1
"Limited offer! Grab your chance to win a Samsung Galaxy Z Fold3 5G worth $1,799.99!",1
Get your hands on the latest iPhone 13 Pro Max! Click the link below to claim your chance. Offer ends soon! https://,1
Unlock the power of your Samsung Galaxy S21 Ultra with our exclusive app. Download now at play.samsung.com/power,1
"Special offer! Limited edition Apple AirPods Pro available at half price. Hurry, offer ends soon. Reply 'Yes' to claim",1
Hey there! 🌟 You've won a 7-day all-inclusive vacation for two to a tropical paradise!,1
"Hi there, we've noticed you've been browsing our latest iPhone 13 models. To claim a 20% discount",1
Exclusive offer: upgrade your smartphone with our latest model at unbeatable prices! Reply YES to claim this limited-time deal,1
Your account has been upgraded! Enjoy unlimited data for the next month! Reply 'YES' to confirm and activate now! Offer,1
limited time offer! upgrade your phone now and get a free streaming subscription worth 50$! reply 'yes' to confirm. offer ends,1
"Your bank account has been credited with 5000 dollars. To release funds, call our hotline now at",1
"Special offer: Unlock your potential with our premium fitness app! Download now and get a 30-day free trial. Limited time offer,",1
Hi there! You've been selected for a special offer: a brand new smartphone with unlimited data for just £29/month,1
"Unmissable offer! Get a state-of-the-art smartwatch at half price! Limited stock! Hurry, offer ends tomorrow",1
Unlock a year of unlimited data! Text 'data' to 78945 and enjoy the internet without limits.,1
Unlock the mystery of a new app that could change your life! Text'secret' to 90123 to receive a link and,1
Unlock exclusive discounts on your favorite brands! Text 'deals' to 84848 and start saving today!,1
Join our exclusive club and get free access to unlimited premium content! Text YES to 90123 to activate now.,1
Unlock the secrets of success! Reply 'achieve' to 78945 and receive our exclusive e-book on productivity h,1
limited time offer: upgrade your phone now and get a free streaming service subscription for 6 months! text 'upgrade' to 78,1
"Join the VIP club and get exclusive offers on the latest tech devices, games, and more! Text ""VIP"" to 90",1
Unlock exclusive discounts on your favorite brands! Text 'Deals' to 90123 to start saving today!,1
"Exclusive offer! Get a free smartwatch with your next online purchase worth £50 or more. Hurry, limited time",1
"Welcome to our exclusive club! As a new member, you have a chance to win a brand new iPhone 14. Simply reply with",1
Good news! You've won a brand new smartphone! Claim it now by replying with your full name and address,1
Exclusive offer! Get a free smartphone upgrade with any 24-month plan. Reply YES to 90,1
Exclusive offer! Enjoy a 50% discount on your first order at our online store. Use code FIRST50 at check,1
Unlock a mystery & win! Solve our riddle & enter our daily draw for a chance to win £500! Text SOL,1
"Win a luxury holiday to Bali! Reply YES to confirm your entry, hurry offer ends soon!",1
"Congratulations! You've won a brand new iPhone 13! To claim, reply with your full name and address before",1
"Attention! You've won a brand new smartphone. To claim, reply with your full name and address before 12/1",1
"Unlock incredible savings! Dial *987# for exclusive offers on the latest smartphones and gadgets. Hurry, limited time",1
Hey there! Your account has been activated! Enjoy unlimited calls to selected numbers for just £10/month. Reply STOP to,1
"Hi! You've won a free 30-day trial for our premium fitness app. To claim, reply YES and",1
"Dear valued customer, you've won a free 2-night stay at our luxurious beach resort! To confirm your",1
"Greetings! Your lucky draw entry has been selected. Claim your prize by replying with your full name, phone number, and the",1
Attention! Your monthly subscription for premium music services has been renewed. Reply 'STOP' if you wish to cancel.,1
Good news! You've won a free vacation to the Maldives! Claim your prize by calling 090606,1
"Attention! You've won a brand new iPhone 14 Pro Max! To claim, reply YES to this message and dial",1
Congrats! You've won a luxurious 7-day Caribbean cruise! Call 09050090,1
Great news! You've won a 7-day all-inclusive vacation to the Maldives. Call 0905,1
"Congratulations! You've won a brand new iPhone 13 Pro Max! To claim, reply YES to this message and",1
Congrats! You've won a 7-day all-inclusive vacation in Bali. Call 0901,1
Attention! You've won a 7-day all-inclusive Caribbean cruise for two! Call 090501,1
Congrats! You've won a 7-day Caribbean cruise! Call 0905009004,1
Attention! You've been selected for an exclusive offer! Get a free iPad Mini or £500 cash. Reply 'Yes,1
Attention! Unclaimed lottery prize alert: Your recent draw entry has won you £500 cash or a £1,1
Attention! You've been selected for a special offer! Dial 0903-456-7890,1
Attention! You've been selected for a special offer! Dial 0903-890-2222,1
"Unlock a secret gift! Dial 09082050500 to discover your mystery prize, limited time offer ends",1
Unlock a fortune! 🌟 Dial now for a chance to win £500 in cash or £1000,1
Attention! You've been selected to receive a special offer! Dial 0905-123-456,1
Congratulations! You've been selected for an exclusive offer. Win a brand new iPhone 13 or a 500,1
Unlock incredible savings! Get a brand-new smartphone and 5GB data for just £10/month. Reply YES to,1
Special offer: Upgrade your phone and get a free wireless speaker with improved bass and clear sound quality. Reply YES to 12,1
"limited offer: upgrade to 4G network for just 5 pounds per month, valid until 31st July, reply 12",1
Unlock the secrets of eternal youth with our revolutionary anti-aging serum! Reply YES to receive a FREE sample and uncover the f,1
win a trip to Bali for two with 5-star accommodation and daily spa treatments! Text BALI to 123,1
"limited time offer: upgrade to our latest smartphone model for just 99 pounds, includes unlimited data and texts for 12 m",1
"limited offer! get 30% off on your next pizza order with promo code PZA30, valid till midnight today",1
Unlock 5GB data bonus for 30 days with our latest phone plan! Reply with 'Subscribe' to activate now!,1
"Exclusive offer: upgrade your phone for just $99! Plus, get unlimited data for 3 months! Reply 'YES",1
"Unlock unlimited data for just £10/wk! Reply YES to activate now, offer ends tomorrow!",1
Win a brand new smartphone! Reply with your name and mobile number for a chance to enter the draw.,1
Unlock unlimited data at just $25/month! Limited time offer. Reply YES to activate now!,1
"Limited time offer: get a smartwatch with fitness tracker and heart rate monitor for just $99, plus free shipping! Reply",1
Unlock your dream smartphone at half price! Text 'Unlock' to 12345 to access exclusive offers and special deals. Limited,1
Limited time offer! Get the latest smartphone with unlimited data for just $39/month. Reply 'Yes' to confirm,1
"Dear customer, enjoy unlimited calls and texts with our new plan! Switch to Vodafone today and get a free",1
Hey there! 🌟 We've got an exciting offer just for you! 🎁 Upgrade your phone to,1
"Unlock incredible savings with our limited-time offer! Upgrade your device to the sleek Samsung Galaxy S21 for just £99,",1
Unlock incredible savings! Limited time offer: upgrade your phone to the latest Samsung Galaxy S9 for just £99! Reply YES now,1
Unlock incredible savings! Limited time offer: upgrade your phone and get a 50% discount on monthly plans with Vodafone. Rep,1
Unlock hidden benefits on your o2 account! Reply YES for a chance to win a brand new iPhone X and 500 extra,1
Win a brand new iPhone XS Max! Reply YES to this message and you could be our lucky winner! Hurry,1
Unlock incredible savings with our exclusive offer! Reply YES to claim a brand-new Samsung Galaxy S23 for just £99!,1
Unlock endless talk time with our special offer! Dial 07955908866 now for unlimited minutes at,1
Special offer! Get unlimited calls to 0345 numbers for just £10/month. Reply STOP to opt out,1
Unlock unlimited talk time for just 50p/day! Reply START to 67890 and enjoy non-,1
Join now and get 100 free texts! Text'subscribe' to 8899 for unlimited chat!,1
Unlock unlimited talk time! Reply YES to activate special offer for 50p/min calls until end of month. Text ST,1
Exclusive offer! Dial 0845-896-5432 for unlimited calls to,1
Unlock endless fun! Text GAMEON to 9090 for unlimited gaming minutes. Standard rates apply. Opt out anytime by text,1
Unlock unlimited talk time with our special offer! Dial 09055551234 now and enjoy 3,1
"Special Offer! 🎁 Upgrade your phone with our latest model, the Samsung Galaxy S21 Ultra,",1
"Unlock incredible savings! Text 'Deal' to 5555 to receive exclusive discount codes for your favorite brands. Hurry, offer",1
Win a brand new iPhone X! Text 'WIN' to 555-1234 to enter. Standard text rates apply.,1
Exclusive offer! Limited edition Apple Watch Series 7 now available for just £349. Reply YES to secure yours today!,1
"Unlock a secret bonus! Dial *345# within the next hour for a surprise reward. Hurry, time is running",1
Unlock a secret discount on your next shopping spree! Text YES to 7890 to join our exclusive VIP club and start,1
"Dear customer, we're thrilled to announce that you've been selected for a special offer! Win an iPhone 13 Pro",1
Enjoy unlimited access to exclusive movie premieres and live concerts! Dial 09055555555,1
Hey there! 🌟 You've been selected for a special offer! 🎁 Win an Apple Watch Series,1
Unlock endless fun! Text 'YES' to 5566 for a chance to win a year's worth of unlimited game,1
Attention! Limited offer: buy one pair of designer sunglasses and get another pair free. Reply YES to confirm your interest and,1
Attention! You've been selected for a limited-time offer: a free one-year subscription to our premium streaming service. Reply,1
Get ready for a thrilling adventure! Win a limited-edition gaming console with our exclusive raffle. Visit www.gamingra,1
"Unlock amazing deals on our latest smartphones! Visit our site today for exclusive offers and free shipping on orders over $50! Hurry,",1
"Hi there, we've noticed you've shown interest in our latest smartphone models. To stay updated on exclusive deals and offers, text",1
Get ready for the ultimate gaming experience! Pre-order the latest Xbox Series X at a special discount. Visit xboxpromo.com,1
Attention! You've been selected for a limited-time offer: a premium smartphone with unlimited data for just £99/,1
You may have recently entered a competition and we're excited to announce that you're a winner,1
"Limited time offer! Upgrade your phone plan for just £5/month and get unlimited calls, texts, and data. Reply",1
Your recent application for a loan approval status check is now ready. Reply YES to receive your status or call us at 0912,1
your credit card may be at risk! update your info now to avoid potential fraud: [url]secure.com/update,1
"Exclusive offer! Get your hands on the latest smartphone model for just £99. Reply YES to claim, limited time offer",1
Unlock incredible savings on the latest smartphone models! Limited time offer ends soon. Reply YES to claim your exclusive discount code!,1
"Exclusive deal alert! Limited time offer: Get a high-quality smartwatch for just 199! Hurry, offer ends soon",1
Unlock exclusive discounts on popular smartphones! Text 'deal' to 90123 for limited time offers. Upgrade now,1
"Unlock a world of entertainment! Text 'unleash' to 74357 and receive access to unlimited movies, music,",1
Unlock a secret deal! Reply 'deal' to 84321 for a limited-time offer on the latest smartphone,1
Unlock amazing discounts on the latest tech gadgets! Text 'deal' to 99555 for exclusive offers!,1
Unlock a secret sale! Text 'deal' to 987654 to access exclusive discounts on the h,1
"limited time offer: boost your data plan by 5GB for just £5/month. reply ""yes"" to 6004",1
Limited time offer! Upgrade your phone to the latest smartphone model. Text 'upgrade' to 78543,1
Unlock exclusive discounts on your favorite brands! Text'shop' to 87878 to start receiving offers now! #LimitedTime,1
"Hi there! You've won a brand new smartphone! To claim your prize, simply reply with 'Claim' and provide",1
You've won an all-expenses paid trip to a tropical island! Reply YES to claim your prize and start,1
Hello! Exciting news! You've been selected to receive a free smartphone! Reply 'Claim' to confirm and get more,1
Welcome to our exclusive members club! You've won a free smartphone and a 3-month Netflix subscription. Rep,1
"Attention! You've won a brand new iPhone 14 Pro Max! To claim your prize, reply with your full name and address",1
"Limited time offer! 50% off on your next order from our premium store. Hurry, offer ends soon!",1
Greetings! You've been selected for a special offer! Get a brand new smartphone and 10GB data plan for just,1
"Hey, congrats! You've won a brand new smartphone! To claim, reply with your full name and address,",1
Attention! Your phone number has been selected for a special offer from our sponsors. Win a brand new smartphone by texting 'Y,1
"Hi, you've been selected for our monthly prize draw! To claim your $100 gift card, simply reply with the code found",1
"Dear customer, your subscription to our premium service has been activated. To confirm, reply 'yes' within 24 hours. Failure",1
"Congratulations! You've won an all-expenses-paid trip to paradise! To confirm, reply with your full name and",1
"Hey there! Your account has been upgraded to premium. Enjoy unlimited streaming and ad-free experience. To confirm, reply 'yes",1
"Congratulations! You've won a brand new iPhone 14 Pro Max! To claim, reply with 'Yes' and dial",1
"Congratulations! You've won a brand new iPhone XR worth £799! To claim, reply 'YES",1
"Congrats! Win a luxury 7-day cruise for 2, valued at £10,000. Claim",1
Attention! You've won an all-inclusive Caribbean cruise! Call 09050090044 to,1
"Congratulations! You've won a 3-day cruise for two in the Caribbean. To claim your prize, call 0",1
Win a brand new iPhone XS! Text 'Lucky' to 87654321 now for your chance to claim,1
Congratulations! You've won a brand new iPhone 13 Pro Max. Claim yours by replying 'Yes' to,1
Congratulations! You've won an all-inclusive cruise for two in the Caribbean! Dial 09050,1
Attention! You've been selected for a special offer! Claim your free iPhone 14 or £500 cash,1
"Congratulations! You've been selected to win an all-expenses paid trip to Bali! To confirm your prize, reply",1
Attention! Your lucky number 123456 has been drawn in today's grand lottery. Claim your prize worth,1
Unlock unexpected rewards! 🎁 Dial 09082019999 now to claim,1
"Attention! Unclaimed winnings of 500 euros await you! To access your prize, simply reply with 'Claim' and",1
Attention! You've been selected for a special offer! Claim your 500 Amazon vouchers or 125,1
"Attention, your account is suspended. Call 07987654321 immediately to reactivate and avoid losing your data",1
"Congratulations! You've won a brand new iPhone X! To claim your prize, call 0700123",1
Attention! Win a brand-new iPhone XR worth 799€ by calling 077777889,1
Attention! You've won a free vacation to Bali! Call 07001234567 to confirm,1
Special offer! Dial 07985432190 for a chance to win a brand new iPhone 13,1
Attention! Win a brand-new iPhone 13! Reply 'YES' to this SMS to claim. Winner announced,1
Exclusive invitation: win a weekend getaway to the Maldives! Reply YES to confirm participation. Winner selected via random draw,1
Attention! You've won a free weekend getaway to the stunning Scottish Highlands. Call 07891234,1
Unlock your potential with our exclusive investment opportunity! Reply YES-900 to receive detailed info and secure your spot now,1
Unlock the secret to a prosperous future! Dial 919-555-1234 for instant,1
Unlock amazing deals! 🎁 Shop now and get a surprise discount on your purchase. Visit us: sms.,1
Attention! You've won a free 3-month subscription to our premium fitness app. Activate now at sms.ac/,1
Hey there! You've won a free trial of our premium fitness app! Get toned and stay motivated with personalized workout,1
💡MeetNewPeople! Get ready for an exciting adventure! 🌟 Reply YES-,1
Hey there! Exciting opportunity 💥 Win a brand new smartphone just by sharing a funny video or mem,1
"sms.betterhealth: Boost your immune system with our new supplements! Limited time offer, order now at www.",1
Hey! Big news! You've been selected for a surprise reward! 5 free nights at a luxury resort! Reply YES to,1
"Join our exclusive rewards program and get access to discounted travel, premium content, and exclusive offers. Reply YES to opt-in,",1
"Exclusive offer! Unlock a world of entertainment with our streaming service. 7-day free trial, then just £4.99",1
congratulations! you've been selected for a mystery shopping job at the local grocery store. earn easy money! reply 123,1
Congrats! You've been selected for a mystery shopping assignment! Earn £50 cash. Reply 'Yes' to,1
"Limited time offer! Buy any item from our store now and get a 50% discount. Hurry, offer ends tonight!",1
Meet hot singles in your area! Reply YES to 89887 and start chatting now. Standard rates apply.,1
Limited time offer! Get a brand new smartphone with unlimited data for just £20/month. Reply YES to this,1
Congratulations! You've been selected to receive a free smartphone! Reply 'ACCEPT' to claim yours today. Off,1
Congratulations! You've been selected for a special offer from our sponsors. Claim your free iPhone 14 Pro by,1
Congratulations! You've been selected to participate in a market research study for a leading tech brand. Reply YES to 4,1
Congratulations! You've been selected to participate in our exclusive survey for a chance to win a brand new smartphone. Reply YES,1
Congratulations! You've been selected for a special offer! Call 09058096666 to claim your,1
Congratulations! You've been selected for a special offer from our sponsors. Dial 0905809,1
Attention! Your account balance has reached a record high. Dial *300# to access your bonus rewards. Don't miss,1
Attention: Your account has been upgraded! Enjoy unlimited data for the next month. Dial *#123# to activate,1
"Dear Customer, you've been selected for our exclusive loyalty rewards! To claim your voucher worth £50, simply reply Y",1
"Congratulations! You've been chosen as our lucky winner for the daily draw! To claim your prize of £500,",1
Congratulations! You've been selected for a special offer! Dial 0789-123-45,1
"Congratulations! As a loyal customer, you've been chosen to win an all-expense paid vacation. Call 012",1
Congratulations! Your number has been randomly selected for our exclusive loyalty rewards program. Claim your prize by calling 0207,1
Congratulations! You've been selected for our exclusive customer survey. Complete it by replying'survey' and you could win,1
"Congratulations! You've been chosen as our lucky winner for the monthly draw! To claim your prize of £500,",1
"Congratulations! You've won a free dinner voucher worth £50! To claim, reply with 'Yes' and",1
Exclusive offer! Win an iPhone 14 Pro Max! Reply YES to confirm your entry and text STOP to,1
Unlock incredible savings! Dial 09060754567 now for exclusive deals on the latest tech gadgets,1
Win a brand new iPhone 14! Call 09012345678 to activate your prize. Standard rate,1
Exciting opportunity! Win a brand new iPhone 14 Pro Max! Call 09066382422,1
Unlock exclusive discounts on designer shoes! Text 'SHOEDEALS' to 89123 for instant access.,1
Exclusive offer! Win an iPhone 13 Pro Max and a year of free Netflix. Call 0700-WIN-NO,1
Unlock the secrets of the universe with our exclusive psychic reading! Call 07700000123 for only £,1
"Unlock incredible savings! Dial 09060897546 for exclusive deals on designer handbags, limited time",1
Unlock endless fun with our exclusive gaming app! 🎮 Get it now for FREE! Just text 'GameOn' to 6,1
Unlock the power of your phone with our exclusive app! Text 'power' to 8007 for instant access and weekly updates.,1
Get a free trial of unlimited calls and texts for a week! Just text'startfree' to 9006,1
Exclusive offer! Get 50% off your first purchase at [StoreName]! Simply use code FIRST50 at check,1
Unlock limitless fun with our daily trivia! Text TRIVIA to 9001 for a chance to win amazing prizes,1
Limited time offer! Unlock 3GB data for just $10/month with our new plan. Text 'dataoffer,1
Limited time offer: Get 50% off on your next mobile recharge! Reply YES to 9001 to,1
Weekend special! Reply 'winner' to 9000 for a chance to win an iPhone X! Hur,1
Win a brand new Samsung Galaxy S21 and a year's subscription to Netflix! Text 'WIN' to 123456,1
Congrats! You've won a brand new Samsung Galaxy S21 and a $200 Amazon gift card. Reply,1
Limited time offer! Reply to claim your free Amazon Echo Dot! Act now before it's too late!,1
Unlock unlimited data and calls for just 10p/day! Reply YES to 89000 to activate now,1
Win a brand new iPhone 14 and a year's worth of free Netflix subscription! Reply 'Yes' to confirm your entry and,1
Win an all-expenses paid vacation to a tropical island! Text 'Sun' to 1234 to enter. Winner announced every,1
Unlock the secrets of winning big with our exclusive lottery! Text 'lucky' to 67890 and get a chance to,1
Unlock a £100 Amazon voucher! Text 'WIN' to 12345 and be entered into our weekly draw,1
Unlock 500 free minutes on your phone line! Dial *1234 now and enter code 9876.,1
Attention! You've been selected for an exclusive offer! Text 'YES' to 078912345,1
Congratulations! You've won a brand new iPhone XS and a 6-month Netflix subscription! Reply,1
You've won a brand new iPhone 13 Pro Max and a 6-month Netflix subscription! Reply 'ACCEPT' to,1
"Congratulations! You've been selected to receive a brand new iPhone 13 Pro Max! To claim, reply YES and provide",1
You've won a brand-new Samsung smartphone and a 128GB microSD card! Reply to this text to claim,1
Hi there! You've been selected for a special offer! Win a brand new Apple iPhone 14 or an all-expenses-,1
"Congratulations! You've won a brand new iPhone 14! To claim, reply with your name and address. Limited time offer",1
"Special offer: upgrade your phone's memory with our 64GB microSD card, now just £10! Reply YES",1
"Get ready for the weekend! Enjoy 20% off on all drinks at our bar, valid till Sunday. Hurry, limited time offer",1
Win a brand new iPhone X! Reply YES to this message to enter our free competition. Winners announced daily! Good luck!,1
Unlock your free £20 Amazon voucher instantly! Reply with 'Amazon20' to 456,1
Unlock amazing deals at our store! Reply YES to receive daily offers and exclusive discounts. Text STOP to opt out.,1
Unlock endless entertainment! Subscribe to our premium streaming service for just £4.99/week. Reply START to 12,1
Unlock unlimited internet access! Reply YES to 9001 now and enjoy superfast browsing at just £5/,1
Unlock limited-time offers and exclusive deals with our daily text alerts! Reply START to 41414 to join now,1
Limited time offer! Unlock the secrets of love with our psychic reading service. Call 090633344,1
Special offer: 50% off on all online purchases today! Visit www.amazingdeals.com and use code SAVE,1
Special offer! 🎁 Get 50% off on your first subscription to our adult chat line. Call now,1
Unlock incredible savings! Dial 07900011234 for exciting deals on the latest smartphones and tablets,1
Unlock limited-time offer: 50% off all online games! Quickly upgrade your gaming experience. Dial 0905,1
Join our exclusive VIP club for unlimited access to premium content and special offers! Reply YES to 654321,1
Get ready for the summer! Tanning lotion at half price. Order now and receive a free beach towel. Dial 090,1
"Win an all-expenses paid trip to the Caribbean! Text 'WIN' to 9999 and enter now, standard rates apply",1
win a brand new car! text WIN to 12345 and enter our monthly draw. good luck!,1
limited offer! get a free iphone 14 with unlimited data plan for 12 months. call 0800,1
"Unlock unlimited games on your mobile! Play popular titles like Candy Crush, Angry Birds, and more! Text 'Games",1
Win a brand-new Tesla Model 3! Enter now by texting 'Tesla' to 9001 and you,1
"win a brand new car! reply START to 8888 and participate in our weekly draw, you might be our next lucky winner",1
"exclusive offer: buy now a brand new iphone 13 pro max, only £599. limited stock, order within the",1
"Unlock limitless streaming of the hottest shows, movies, and music! Reply 'StreamNow' to 90090",1
limited offer! upgrade your phone & save! trade-in your old device for up to £300 off a new Samsung Galaxy S2,1
Attention! You've won a 3-day all-inclusive vacation to the Maldives. Call 0845,1
Attention! You've won a trip to Bali! Call 07891234567 to claim your,1
Greetings! Unbelievable offer: win an all-expenses-paid trip to Bali with a mystery companion. Reply,1
Win a brand-new iPhone 14! Reply YES to this SMS to confirm your entry. Winner announced,1
Attention! You've won a brand new iPhone 13 Pro Max. Contact 0700123456,1
Immediate attention required: Win a brand new iPhone 14 Pro Max! Reply YES to confirm delivery details. Limited time offer.,1
Attention! Unclaimed lottery prize of £3000 awaits at 07891234567,1
Attention! Limited time offer: Win an all-inclusive 7-day trip to Bali for two. Reply,1
sms. secretgamersclub: win a free PS5! join our exclusive gaming community today! reply YES-909 to,1
Unlock a mystery tonight! Win exciting prizes. Reply 'Join,1
Unlock your dreams with our secret app! Download now and discover hidden opportunities in your area. Reply YES-910,1
Unlock amazing discounts on the latest tech gadgets! Reply YES-1234 for instant access to exclusive,1
sms. johnsmith: your secret admirer is waiting for you! reveal their identity at www.sms.,1
Unlock secret offers and savings! Reply YES-456 for exclusive deals from your favorite stores. Visit www.dealsunlimited,1
Meet new people and win cash prizes! Join our game now at www.funtimes.mobi/winners.,1
Unlock your creativity with us! Join our art workshop this weekend and unleash your inner artist. Reply YES-9,1
Attention! You've been selected for an exclusive VIP club membership! Join now and receive a free gift! Reply YES to,1
Congratulations! You've been chosen for a free 6-month subscription to our premium fitness app. Activate now at fitnessapp.,1
Meet singles near you! Join now and start chatting! Text START to 678910 for free trial!,1
"Congrats! You've been selected for a free 6-month Netflix subscription. To claim, reply with 'ACCEPT' before",1
Join our exclusive club! Text YES to 07980 901234 to get a 30,1
Congrats! You've been selected for a new iPhone 14 Pro Max! Reply 'Yes' to confirm your delivery address.,1
Attention! Exclusive offer for you: 50% off on your monthly Netflix subscription. Reply 'YES' now to activate,1
Special offer! Unlock the secret to glowing skin with our miracle serum. Order now and receive a free 1-month supply of,1
Congratulations! You've been selected for a special offer from our partners. Dial 09058,1
Your account has been selected for a special offer. Reply YES to 9001234567 to claim your,1
Congratulations! You've been selected for an exclusive survey offering a chance to win a brand new iPhone 14 Pro Max.,1
Attention: Your account with our banking partner has been upgraded! Dial 09058094444 to,1
Congratulations! You've been selected for a free weekend getaway to a luxurious resort. Reply 'YES' to 4,1
"Congratulations! Your name was randomly selected to receive a brand new smartphone. To claim your prize, reply with 'yes' to",1
Your account with MegaTech has been upgraded! Enjoy unlimited data for the next month. Reply STOP to opt-out,1
Attention! Your account balance has reached a minimum limit. Top up now to avoid service disruption. Dial *123# or,1
"You've won a free trip to Bali! To claim your prize, reply with 'Accept' and call 0207-1",1
Congratulations! You've won a free subscription to our premium service worth £50! Activate now by replying 'yes,1
Congratulations! You've been chosen for a special offer. Win an iPhone 14 by participating in our quick survey. Rep,1
"Dear customer, you've been selected for our exclusive loyalty reward! Claim your free gift worth £300 by calling 0",1
Congratulations! You've been chosen for a special promotion. Claim your £50 voucher by replying 'Y,1
Congratulations! You've been randomly selected for a special offer. Dial 0789-123-4,1
"Your account has been upgraded! Enjoy the benefits of our premium services. For more info, reply ""INFO"" and we'll send you a",1
"Congratulations! You've been selected in our monthly draw and won an iPhone 13 Pro! To claim your prize, reply",1
"Attention! Unclaimed inheritance of 500,000 euros! Call 09023456",1
Win a brand new iPhone XR! Call 0800-123-4567 to confirm your entry and claim,1
Unlock 1000GB data for just £9.99/month! Dial 09012345,1
Celebrate! Win an iPhone X with just a call to 09087654321,1
Exclusive offer! Win an iPhone 13 Pro Max! Reply YES to this message and call 070,1
Attention! You've been selected for a limited-time Apple Watch offer. Call 0700123,1
Unlock amazing deals! Call 09066382422 for exclusive discounts on the latest tech g,1
Unlock the secret to a better body! Call 09082223333 for a special offer on our weight loss,1
Limited time offer! Upgrade your phone's ringtone collection! Text NEWTONES to 6005 for a free weekly,1
Win a brand new Samsung Galaxy S22! Reply with 'Samsung' to 8007 and enter the draw today!,1
Unlock amazing deals! Get a free trial of our premium movie streaming service for 7 days! Just text'startmovie' to 9,1
"Limited time offer! Grab the latest ringtones and wallpapers, absolutely free! Text freebies to 9001",1
Unlock endless fun with our daily joke! Text 'dailyjoke' to 9009 to receive a hilarious joke every day,1
"Unlock unlimited entertainment! Get free movies, games, and music for a week. Text'movies' to 9001 now",1
Unlock unlimited entertainment! Get 3 days free trial of our premium streaming service. Text trial to 9001 now!,1
Daily lottery alert! 🎰 Win a brand new iPhone 13 Pro Max! Text LUCKY to,1
"Unlock amazing deals! Text 'YES' now to receive exclusive offers on tech gadgets, travel packages, and more! Don't",1
Unlock unlimited entertainment with a 3-month Netflix subscription! Reply 'Stream' to activate now!,1
Claim your free 1-month Amazon Prime membership! Text 'prime' to 12345 to activate now!,1
Unlock a secret deal! Limited time offer: Win a brand new iPhone 14 or a £300 Amazon voucher. Text,1
Unlock a surprise worth £300! Reply with YES to claim your voucher for a top-of-the-line,1
Unlock your dream vacation! Reply 'Yes' to enter our draw for a luxury getaway. Winner announced weekly!,1
Unlock limited time offer: 500 free minutes on your mobile plan! Reply with YES to claim now.,1
Unlock a surprise worth 500 coins! Just play our new game and spin the wheel! Reply PLAY to,1
Congratulations! You've won a brand new iPhone X and a 1TB Samsung SSD. Claim your prize by,1
Unlock the secret of eternal youth! Text YES to 987654321 to receive a FREE sample of our revolutionary,1
"Congratulations! You've won a brand new iPhone 14 Pro Max! To claim, reply 'YES' and dial",1
Win a brand new iPhone 13 Pro Max and a trip to Maldives! Text 'YES' to 0798,1
Win big! Dial 09051234567 for your chance to win a brand new Tesla Model,1
Hey there! 🌺 You've been randomly selected for a limited-time offer: Win an Apple Watch Series 7 and,1
Unlock your fortune! Dial 0845 345 6789 for a chance to win a brand-new,1
"Hey there! You've been selected for an amazing opportunity! Win a brand new Samsung Galaxy S22 Ultra, an Apple Watch Series",1
"Unlock the mystery of the hidden treasure! Dial *9876 to reveal your secret code and claim your fortune today! Hurry,",1
Unlock amazing deals at our online store! Reply 'YES' to 90123 for exclusive offers and discounts. Hur,1
Unlock amazing savings with our exclusive deals! Text 'deal' to 90909 for instant access!,1
"Unlock your phone's potential! Upgrade to our premium plan for unlimited themes, ringtones, and games. Reply YES",1
Win a brand new iPhone XS! Reply 'yes' to enter. Standard rates apply. 18+. Closing date:,1
"Unlock secret deals! Reply YES to 9999 to join our exclusive club and get access to daily offers, limited-time",1
Unlock the secret of the universe! Dial *7777 and press '1' for just £3/min. Limited time offer,1
win a brand new iPhone X! text WINIPHONE to 45678 and you could be our lucky winner! standard,1
Limited time offer! Dial 09085789 for just 50p/min and get connected to our,1
Unlock unlimited fun with our special offer! Dial 090857821 and enjoy 24/7 access,1
Limited time offer! 50% off on all subscriptions. Join now by texting 'SUBSCRIBE' to,1
Limited time offer! Unlock a world of fun with our new mobile game. Text 'START' to 123456,1
Limited time offer! Get 50% off on our premium dating service. Text 'LOVE50' to 678,1
Limited time offer! Win 1000 free text messages by joining our chat room now! Reply 'YES' to,1
Special offer! Dial 09055551212 for just 50p/min unlimited access to,1
"Win a brand-new iPhone XS! Reply ""WIN"" to 90210 to enter the draw. Limited time offer",1
"Unlock endless entertainment! 🎬 Text 'Stream' to 7890 to access 7 days of premium movies, music",1
Unlock endless fun! Dial 897654 for a chance to win a PlayStation 5. Limited slots available! Rep,1
Win a brand new iPhone X! Reply YES to this SMS and enter our daily draw. Winner announced every hour! Hur,1
Unlock unlimited entertainment! Win an iPad Air or a year's Netflix subscription. Text WIN to 56789 and join the,1
Unlock unlimited streaming of the latest blockbuster movies on your phone! Text MOVIES to 7890 for a special offer,1
Win a brand new electric bike! Text 'cycle' to 5555 to enter daily. Winner announced weekly. Terms & conditions,1
Win a brand new iPhone 13! Reply 'iPhone' to 456789 and be entered into our,1
"Attention! Unclaimed prize alert: Win a brand new iPhone 14 Pro Max. Reply 'Yes' to claim, or call",1
Hey there! 🌞 You've been selected to receive an exclusive offer from our latest partner 🤝 Shop now and,1
"Hey there! 😜 You've won a free gift! To claim, reply with 'Yes' and we'll send",1
"Hey there! You've won a brand new smartphone! To claim it, reply with your full name and address. Standard rates apply.",1
Get ready for a life-changing offer! Win up to £1000 with our daily lucky draw. Text 'WIN,1
"From ""specialoffers@mega-deals.com"": ""Hey there! Get ready for an unbelievable sale! 7",1
Limited time offer! Get 50% off on your next purchase at [store_name]! Reply YES to confirm and,1
Hey there! 🌟 Exclusive deal just for you! 💥 Get 30% off on your next order,1
Hey there! 😃 Just wanted to let you know that we've got some amazing deals on the latest tech gadgets!,1
"Win free movie tickets! Reply ""win"" to 45678 to enter daily draw. Hurry, ends tomorrow",1
"Win a brand new iPhone 14! Reply 'Yes' to enter the draw! Hurry, contest ends tonight!",1
Get lucky! Win iPhone 14 Pro Max in our daily draw! Reply YES to 987654,1
Win a brand new iPhone 13! Reply YES to confirm entry. Ends 10/10/,1
"Limited offer! Win a brand new iPhone X just by replying 'Enter' to this message! Hurry, contest ends",1
Unlock the power of endless energy! Boost your vitality with our secret elixir. Text YES to 41414,1
Win a brand new iPhone 14! Reply 'WIN' now to enter! Offer ends soon!,1
"Dear valued customer, you've won a brand new iPhone 13! Claim your prize by replying 'YES' to",1
You've been selected for an exclusive prize draw! Reply 'YES' to claim your chance to win a luxury holiday!,1
"Exclusive invitation! Become a beta tester for our groundbreaking mobile app and receive early access, plus exclusive rewards. Reply Y",1
Exclusive invitation! Win a dream vacation to Bali by joining our online sweepstakes. Reply YES to 0798,1
Attention! Win an all-expenses-paid trip to paradise island. Reply with 'Yes' to this message and you could,1
Limited spots available for our exclusive online gaming event! Join now at www.gametopia.com for a chance to win big,1
Hey there! You've been selected for an exclusive tech beta test! Reply to this number for details and join the future of mobile tech,1
Hi there! You've been selected to participate in our exciting new mobile game show! Win cash prizes and more! Reply 'Y,1
Attention customer! You've won an all-expense-paid trip to a tropical paradise! Call 033012,1
Hey there! 😃 Discover our exclusive deals on the latest smartphones! Reply 'YES' to 78,1
Hey there! I've got an amazing deal for you! Win a brand new iPhone 14 Pro Max just by texting 'WIN,1
Hot deal! Limited time offer: Get 50% off your next order at our online store. Visit now at www.discountde,1
"Hey there, looking for some extra cash? Dial 09082123456 and enter our exciting competition! You",1
Unlock a world of excitement with our secret online casino! Join now at gambling-fun.co.uk and claim your 100%,1
Limited offer! 50% off on your next order at pizzaexpress.com. Enter code 'PIZZA50' at,1
Win a dream vacation! Reply YES to 4999 for your chance to enter. Msg&data rates may apply.,1
Win up to £10K! Text 'LUCKY' to 49001. Standard rates apply.,1
You've been selected for a special offer! Get a free 30-day trial of our premium dating service. Reply YES to,1
Win an all-expenses paid trip to Bali! Reply YES to 07987654321,1
Claim your free trial of our premium dating service! Reply 'Yes' to 07891234567 now,1
Claim your £50 Amazon voucher now! Reply YES to confirm and receive details.,1
Your lottery number 98765432 for today's draw. Claim your prize by calling 0330,1
Your bank account has been credited with £500. Call 0161-292-4567 for further,1
You've won a free weekend getaway to a luxurious resort! Call 01234-567-890,1
Win a brand new smartphone! Text 'YES' to 07700-900-900 to enter,1
Win a brand new iPhone XS! Enter our daily raffle by texting 'LUCKY' to 9001,1
Limited Time Offer! 🎮Unlock 30% off on your next video game purchase at GameStop. Simply show,1
Limited time offer: enjoy a free movie ticket with every pizza purchase from Domino's Pizza! Offer ends August 31,1
Hey there! Win a brand new iPhone 13 Pro Max with our exciting raffle! Simply text 'LUCKY13,1
"Win a brand new iPhone 13! Simply subscribe to our daily newsletter and enter the draw. Limited time offer, ends soon!",1
Unlock limited-time deals! Text 'YES' to 555-1234 to receive exclusive offers from your favorite stores,1
🍕 Pizza Hut Special Offer! Order 3 pizzas this week & get a free garlic bread. Limited time,1
"limited offer! upgrade your phone plan for just £5/month and get unlimited data until end of year. replying ""YES",1
"Unlock your iPhone now! Dial *#06# to receive your IMEI number, then call 078912",1
Hi there! You've won a free month of premium subscription to our fitness app. Reply with 'Claim' to activate now. Off,1
"Attention! You've been selected to win a brand new iPhone 14 Pro! To claim your prize, simply reply YES to this",1
"Hi there! You've won a free one-year subscription to our premium fitness app! To activate, reply with your name and phone number",1
Unlock your new phone today! Dial 07891234567 for a special offer. Limited time only,1
You've been selected! Win a brand new iPhone 14 Pro! Reply YES-909 to claim your prize or,1
"Attention! You've won a free smartphone! To claim, text 'Claim' to 8989 and provide your details",1
Attention valued customer! You've been selected for a special offer! Reply 'YES' to claim your free gift! Offer valid,1
Unlock the secrets of financial success! Join our exclusive webinar and learn strategies to increase your income.,1
Unlock amazing deals and win prizes! Text 'WIN' to join our exclusive club now!,1
Join our exclusive club for unbeatable deals on the latest smartphones! Text 'YES' to 555-555,1
Unlock unlimited fun with our new gaming app! Download now for endless entertainment!,1
Unlock hidden savings! Upgrade your phone plan today and enjoy extra data at no extra cost!,1
Meet singles near you! Find love in your area today. Reply 'YES' to start your journey!,1
"Unlock limitless entertainment! Stream thousands of movies, TV shows, and music with our special offer. Subscribe now and get a free trial!",1
Attention! Your phone number has been selected for an exclusive offer. Click the link below to claim your free trial of our premium texting service!,1
Hey there! Exclusive offer just for you! Join our premium chat service and meet hundreds of exciting people. Reply YES to join now!,1
Hi there! You've won a free trial at our exclusive online dating platform! Connect with like-minded individuals today. Reply with your,1
Unlock unstoppable fun! Join our exclusive party chat now. Reply 'YES' to 0798765,1
Hey there! You've won a free trial at our exclusive dating platform! Connect with like-minded singles in your area. Reply with,1
Hey there! You've won a free trial at our exclusive dating app! Connect with like-minded individuals today. Reply to confirm and,1
Hello! You've won an amazing prize! Claim it now by replying with your full name and email address to confirm. Hurry,1
Hey there! You've won a free trial at our exclusive dating platform! Connect with like-minded individuals and potentially find your soulmate.,1
Hello! You've won a free 30-minute consultation with our top life coach! Reply with 'Yes' to claim your,1
"Exclusive invitation! Limited edition Louis Vuitton handbag available at half price for a limited time only. Hurry, offer ends soon",1
"Congratulations! You've been selected for a limited-time, exclusive offer on our premium smartphone model. Reply YES",1
limited offer: upgrade your phone plan for just £2/month! reply UPGRADE to activate ***** before 31st,1
"Limited-time offer! Buy 2 pizza boxes, get 1 free at your local pizza hut. Offer ends this weekend.",1
"limited time offer! upgrade your phone plan today for unlimited data and calls at half the price, offer ends soon! dial *234",1
Limited-time offer: upgrade your phone plan and get a free smartwatch! Reply 'yes' by 15th July to,1
"💥 Exclusive offer! 💥 Limited time deal: Buy one, get one free on our latest smartphone",1
Invest in the latest crypto trend! Join our exclusive group and get early access to promising coins. Reply 'crypto' for more details.,1
"Unlock unlimited data on your O2 plan with a 6-month upgrade offer! Reply 'YES' to activate now, or",1
"Unlock your phone's potential! Upgrade to our premium plan for unlimited data, faster speeds, and exclusive apps. Text YES to",1
Unlock unlimited streaming on our new music app for just £1/month! Sign up now at musicunleashed.co.uk/,1
Unlock the secrets of a mystical world! Dial *777 now for your free tarot reading and daily horoscope.,1
Unlock unlimited fun with our exclusive offer! 🎮 Get a free gaming console + 3 months subscription with every new data,1
Unlock endless chats with our unlimited text plan for just £10/month! Text START to 6767 for,1
"Special offer: Samsung Galaxy S21 with 24-month contract, 100GB data, unlimited minutes and texts for",1
🌟 Exclusive offer! 🌟 Dive into the world of adult entertainment with our special discount. Text 'JO,1
Hey there! You've won a free trial of our premium dating app - meet your match now! Reply with YES to confirm and,1
"Hot dating tips await! Reply with your name and city to join our exclusive community. Meet singles near you, chat, and maybe more!",1
Hot offers alert! Exclusive discounts on our latest fashion collection. Reply YES to 9900 to unlock your savings!,1
Hey there! You've won a free trial of our premium dating app! Reply with your name and email to claim your prize. Hur,1
"New deals waiting! 🎁 Get 50% off on our best-selling items this week. Hurry, offer ends",1
Hey there! You've won a free trial of our exclusive dating service. Connect with like-minded individuals and find your perfect match. Reply,1
Special offer alert! Get 30% off your next order at [store name] when you sign up for our text al,1
Hey there! 🌟 Exclusive deal just for you! 💸 Get 20% off your next order with,1
Attention: You've won an amazing iPhone! Reply with 'Claim' to activate your prize. Standard SMS rates apply. W,1
"Hello, you've won an amazing prize! To claim, reply with your full name and address. Hurry, offer ends soon!",1
Quick Loan Alert: Your emergency fund is running low. Approve a fast loan today for just £1/day. Reply Y,1
Hey there! You've won a fantastic prize! Claim your 1000€ now by replying with your email address. Terms,1
You've been selected to receive exclusive offers and deals just for you! Reply YES to join,1
Hey there! 🤩 You've been selected for an exclusive offer! Get 50% off on your next purchase at our,1
"Win a brand new iPhone 14! Reply YES to 987654 to enter the draw. Hurry,",1
Hey there! You've been selected for a fantastic opportunity! Win an all-expenses paid trip to the exotic Maldives! Rep,1
Win instantly! Dial *555 for a chance to win a brand new iPhone XS! Call now!,1
"Win a brand new iPhone 13 Pro! Reply 'Enter' to join the draw! Hurry, contest ends tonight!",1
"Special offer! Unbelievable 50% off on all shoes at ShoeMart! Hurry, limited time only!",1
"Limited time offer! Win a brand new iPhone 13 Pro Max by simply replying YES to this message! Hurry, offer",1
Special offer! Win a trip to Bali for two! Reply YES to 78954 for your chance now!,1
📣💥🔥 Limited Time Offer! 💥🔥📣 Unbel,1
Exclusive invitation: win a luxury vacation for two in Bali! Reply with 'Yes' to this number within 24 hours and,1
Unlock the mystery and win big! Call now on 08001234567 for a chance to participate in our,1
Hello! 😃 You've been selected for a free trial of our premium streaming service. Reply 'START' to begin,1
Congrats! You've won a brand new smartphone! Reply Y/N to claim within 24 hours or forfe,1
Unlock the secrets of financial success! Join our exclusive webinar and learn the secrets of the rich. Register now at www.financialsecre,1
"Attention! Exclusive invitation for you to join our new mobile gaming community. Win cash prizes, free gifts, and more! Reply",1
Exclusive offer! Win a luxury holiday for two in Bali. Reply 'Yes' to this message to enter the draw. Standard text,1
Congratulations! You've won a brand new smartphone! Call 0845 862 012,1
Win a brand new iPhone! Reply YES to this message to enter our contest. Standard message rates apply. Ends soon! #L,1
Win big! Text 'yes' to 4900 to enter daily raffle for a chance to win £1,1
"Hey there, looking for some fun? Win big with our exciting new game! Dial 09051234567",1
Win a free holiday! Text 'Sun' to 45678 and be entered to win an all-inclusive trip to a,1
Hey there! 😘 Curious about winning some big bucks? 💰 Text 'LUCKY' to 49,1
"Hey there! 😃 Quick question - have you tried our amazing, limited-time offer for just £9.9",1
Unlock a world of excitement! Dial 09064567890 now to claim your free lottery ticket!,1
Hey there! 😘 Discover the hottest deals on designer shoes right now! 🛍️ Just text,1
Unlock your potential with a free online course. Visit www.learn-online.com/code123456 and claim your spot,1
"Unlock exclusive offers: win a holiday trip for two! Reply YES to opt-in, STOP to unsubscribe.",1
Win an iPad! Call 0700-123-4567 to enter daily. Limited time offer!,1
Your account balance is £50. Dial *123# to check and recharge.,1
Your number has been selected for a free trial of our premium calling service. Dial *123# to start enjoying unlimited international calls,1
Win a luxury weekend getaway! Call 0123-456-7890 to enter the draw. Hurry,1
"Unlock amazing deals! Dial 0800-123-4567 for exclusive offers on latest smartphones, table",1
You've been selected for a free trial of our premium mobile service. Text 'YES' to 07980-9,1
Win an all-expenses-paid vacation to Bali! Text 'Vacation' to 435789 and enter,1
Win a brand new iPhone 13! Join our weekly lottery by texting 'LUCKY' to 8888,1
Attention! Upgrade your phone plan now and get a free smartwatch! Offer ends soon. Reply YES to 67,1
Limited time offer: upgrade your phone plan and get a free wireless earbuds set worth £129! Reply YES to,1
🌟 Limited Time Offer: Enjoy a Complimentary Dinner for Two at our Michelin-Starred Restaurant!,1
Limited time offer! Order pizza from our store today and get a free movie ticket. Offer valid until 31st August. Call,1
Limited time offer! Dine at Pizza Hut tonight and get a chance to win an all-expenses-paid trip to Italy,1
Limited time offer! Get 30% off on your next pizza order from Domino's Pizza. Use code 'S,1
Welcome offer! Get a free smartphone with a 24-month contract. Reply YES to activate now or,1
Attention! You've been selected for a special offer! Reply YES to claim your discount code for a popular smartphone model.,1
Attention! You've won a free weekend getaway at our luxurious resort! Call 080012345,1
Hi there! 📣 You've won a free 30-day trial at our gym! 💪���,1
Attention! You've won a brand new iPhone 14 Pro! Claim your prize by replying 'yes' to this S,1
Hi there! 🌞 You've won a free trial at our exclusive gym! 🏋️‍♂️,1
Attention! You've been selected to win an all-expenses paid vacation! Reply YES-1234 to confirm,1
Hi there! You've won a free lunch at our restaurant! Just reply with your name and preferred time to claim. Offer ends soon,1
"Discover amazing deals on trendy smartphones! Limited time offer, don't miss out!",1
Unlock the power of cryptocurrencies! Earn bitcoins by simply sharing our app with friends. Join now and start earning!,1
Unlock secret deals and exclusive offers by joining our VIP text club now!,1
"Unlock the secrets of financial success! Get instant access to our exclusive webinar on wealth creation. Register now, limited spots available!",1
Unlock secret discounts with our exclusive loyalty program! Reply YES to join now.,1
Unlock endless entertainment with our exclusive streaming service! Sign up now and get a 7-day free trial!,1
"Unlock your phone's full potential with our premium app! Boost speed, security, and features, all for just $4.99",1
Unlock secret discounts on popular apps! Click link now and save big!,1
"Hello, you've been selected for an exclusive offer! Join our premium dating platform, 'Romance Connect'. Reply with your age,",1
Unlock thrilling adventures with our exclusive dating app! Connect with like-minded singles in your area. Sign up now at [website] or,1
Hey there! You're in for a treat! Join our exclusive dating event happening this weekend. Reply with your age and interests to confirm your,1
Hey there! You've won a free trial on our popular dating app! Reply with your name and interests to get started. Don't,1
Unlock endless fun! Join our exclusive game night at 9pm. Text YES to 0798765,1
Join our exclusive dating platform! Reply with 'YES' and your age/gender to start matching. Don't miss out on your,1
"Unlock passion! Meet singles near you, swipe right now on our dating app ❤️ 📲 Download today!",1
"Unlock hidden matches today! Reply with 'Yes' to start swiping now on our exclusive dating app. Limited time offer, don",1
limited time offer: unlock the secrets of the universe with our premium astrology app! first 100 subscribers get a,1
"special offer! get 20% off your next order with code SUMMER20 at checkout. limited time only, hurry",1
Unlock a hidden fortune with our lottery app! Join now and stand a chance to win millions. Reply LUCKY before 7,1
"special offer: 50% off on all designer sunglasses at shades.co.uk! reply YES to claim now,",1
Exclusive offer! 50% off on limited edition sneakers from Nike x Off-White. Order now and enjoy free shipping!,1
special offer: limited-time discount on luxury vacation packages! book now and get 25% off 🏖️��,1
limited offer! upgrade your phone plan for only £5/month! reply UPGRADE for more details...,1
limited time offer: upgrade your phone plan with 50% more data! reply UPGRADE to 079876,1
Unlock unlimited data for just £10/month! Call us now at 0800 123 456,1
Unlock unlimited music streaming with TuneMate for just £1/week! Dial *TUNE to activate now.,1
Win a brand new iPhone 13! Text 'iPhone13' to 1234 for a chance to win! Limited,1
"Unlock amazing savings with our limited-time offer! Get a brand new Samsung Galaxy S21 with half-price monthly installments, 1",1
Unlock the world of unlimited music streaming! 🎵 Get a 30-day free trial of Spotify Premium with,1
Unlock amazing savings with our limited-time offer: 50% off monthly contract for Samsung Galaxy S22! Call us now at,1
Unlock unlimited internet for just £9.99/month! Visit mobileupd8.co.uk/unlock now or reply ST,1
"Unlock your potential! Get a free 30-day trial of our premium fitness app, including personalized workouts, nutrition plans, and",1
"Hey there! You've won a free trial of our premium dating app! Meet new people, chat, and who knows, maybe even find",1
"Hey there! 🌟 Your daily horoscope is now available. For a personalized reading, reply with your zodiac",1
"Hi there! Your recent ticket purchase for the upcoming comedy show has been processed. For the best experience, make sure to arrive early to claim your",1
Meet local singles! Join now at [website].com. Reply 'JOIN' to confirm.,1
hotdeals alert! grab your exclusive discount on today's hottest tech gadgets. text 'YES,1
Hot deal! 🌶️ Limited-time offer: 50% off on your next video chat session with,1
Hey there! 🌹 You've won a free month of premium membership on Flirtify! 🎉 To claim your prize,1
Hey there! 🌟 Exclusive deal for you! Get 30% off on your next purchase at our store just by,1
"Attention! Your account has been flagged for unusual activity. To secure your funds, confirm your identity by replying with your full name and",1
"Hey there! You've won an amazing shopping voucher worth 100€! To claim your prize, reply with 'YES",1
Your request for personalized ringtone 'Melodious Sunrise' is now in progress. Expected delivery by end of day. C,1
Your subscription to our premium wallpapers service has been activated. Enjoy unlimited high-quality wallpapers on your device!,1
Congrats! Your daily horoscope subscription is now active. Receive personalized insights every day. Reply 'STOP' to unsubscribe.,1
Your recent purchase of the 'Melodious Chime' ringtone is now being prepared for delivery. Expected arrival within 24,1
Your recent purchase of a custom alarm tone is now in production. Estimated delivery in 3-5 business days. Track your order at [website,1
Your purchase of 'Epic Battle Theme' ringtone is in progress. Track your order at www.tunepedia.com/1,1
Congrats! Your recent purchase of the 'Epic Sunset Melody' ringtone is now being processed. Delight in the soothing ser,1
Your subscription to our exclusive daily horoscope service has been activated. Text STOP to unsubscribe.,1
Your order for the 'Epic Drum Beats' ringtone is now in progress. Enjoy the rhythm on your device soon!,1
Your request for a personalized ringtone has been received. Processing will commence shortly. Enjoy your unique sound!,1
Your requested wallpaper has been successfully downloaded. Access it now at our website or via the link provided.,1
purchase of the 'Melodious Chime' ringtone is now in progress. Expected delivery within 24 hours. Thank,1
Your purchase of the 'Epic Guitar Riff' ringtone is now being processed. Delivery to your device estimated within 24,1
Your request for a personalized ringtone is now in progress. Expected delivery within 24 hours. Enjoy your unique sound!,1
Your recent purchase of the 'Melodic Waves' ringtone is now being processed. Expected delivery within 24 hours.,1
Your custom wallpaper has been successfully downloaded. Access it now by visiting our website [link].,1
Your request for personalized ringtone has been received. Processing will commence shortly. Enjoy your unique sound!,1
Your request for a custom wallpaper has been received. Processing will commence shortly.,1
"download of the 'Epic Battle Theme' ringtone is now in progress. Enjoy the thrill of victory, on repeat!",1
requested mobile game download is now in progress. Enjoy the adventure!,1
Your purchase of the 'Epic Battle Theme' ringtone is now being processed. Expect delivery within 24 hours. Enjoy your new sound,1
ringtone is now available! Click the link to complete your purchase and enjoy the epic sounds on your device.,1
Your mobile game purchase confirmation: 'Zombie Invasion: Last Stand' is now processing. Enjoy the chaos!,1
Your requested wallpaper download is now in progress. Completion may take a few moments. Enjoy customizing your device!,1
Your requested wallpaper download is now in progress. Kindly wait for the confirmation message indicating completion.,1
Your purchase of the 'Epic Drum Beats' ringtone is now in progress. Track your order at www.besttunes.,1
Your requested wallpaper download is now in progress. You'll receive a notification once it's ready for your device.,1
Your request for a custom wallpaper has been received. Processing may take up to 24 hours. Reply 'STOP' to cancel.,1
Congratulations! Your subscription to our exclusive daily horoscope service has been activated. Text STOP to unsubscribe.,1
Congrats! Your latest mobile game purchase is now being processed. Enjoy the thrill!,1
Your subscription to our daily horoscope service has been activated. Text STOP to unsubscribe.,1
Your requested wallpaper download is now in progress. Enjoy the fresh visuals!,1
Your requested subscription for our exclusive daily joke service has been activated! Laughter is just a text away! Reply STOP to unsubscribe.,1
Congratulations! Your subscription for monthly floral deliveries has been activated. Your first bouquet will arrive soon. Reply 'STOP' to cancel or,1
Your request for personalized ringtones has been received. Processing will commence shortly. Enjoy your unique melodies!,1
Confirmation: Your mobile wallpaper purchase is now in progress. Enjoy customizing your device!,1
Confirmation: Your mobile wallpaper purchase is being prepared. Expect delivery within 24 hours. Reply STOP to unsubscribe.,1
"Congrats! Your daily horoscope subscription is now active. Get your daily insights, lucky numbers, and astrological predictions via SMS. Rep",1
Your request for the personalized ringtone has been received. Processing will commence shortly. Thank you for choosing our service!,1
Confirmation: Your request for a custom wallpaper has been received. Processing may take up to 24 hours. Reply 'STOP' to cancel or,1
Your recent mobile game purchase is being processed. Unlock thrilling adventures now!,1
Confirmation: Your request for a personalized phone wallpaper has been received! Processing now. Enjoy your unique design soon!,1
Your request for a custom wallpaper has been received. Processing may take up to 24 hours. Reply 'Stop' to cancel.,1
Your purchase of the 'Epic Drumroll' ringtone is now in progress. Estimated delivery time: 5 minutes. Enjoy the,1
Your recent purchase of the 'Mystic Forest Melody' ringtone is now in progress. Enjoy the calming sounds of nature on your device soon!,1
"Your request for the 'Epic Guitar Melody' ringtone has been received. Processing now, expect delivery soon!",1
"Your requested music for your device is now on its way! Enjoy the beat, it's almost time to groove!",1
Congrats! Your requested wallpaper download is now in progress. Enjoy customizing your device! #personalizeyourworld,1
Confirmation: Your requested mobile game download is now in progress. Enjoy the adventure!,1
Confirmation: Your mobile game purchase is now being processed. Expected delivery time: 24 hours. Enjoy your gaming!,1
Confirmation: Your request for the personalized ringtone is now in progress. Expected delivery within 24 hours. Track order status at [website,1
Your request for a custom wallpaper has been received. Processing will commence shortly. Thank you!,1
Your requested wallpaper download is now in progress. Enjoy customizing your device!,1
Your requested game download is now in progress. Enjoy the thrill soon!,1
Confirmation: Your download of the 'Epic Battle Symphony' ringtone is now in progress. Estimated delivery time: 5 minutes. Enjoy your,1
Confirmation: Your subscription to daily horoscope updates has been activated. Reply STOP to cancel.,1
Verification code 1234 for your recent online purchase. Complete transaction at www.myshop.com/confirm to receive your item.,1
Your mobile game purchase confirmation: 'Zombie Invasion: Last Stand' is now on its way to your device. Enjoy the survival thrill!,1
Confirmation: Your custom wallpaper purchase is now in progress. Expect delivery to your device soon.,1
Your request for the personalized ringtone has been received. Processing will commence shortly. Enjoy the melodious tune soon!,1
Notification: Your recent purchase of the 'Ocean Waves' ringtone has been confirmed. Processing now. Enjoy the soothing sounds!,1
Your download of the 'Epic Guitar Melody' ringtone is now in progress. Enjoy the rhythm!,1
Your subscription to our exclusive daily horoscope service has been activated! Look forward to personalized insights every morning. Text STOP to opt-out,1
Your recent purchase of a custom melody for your device is now in production. Expected delivery within 24 hours.,1
Unlock unseen rewards with our new app! Find clues in your favorite shows like 'The Simpsons' and win exclusive prizes!,1
Hey there! Don't miss the trivia question: Which band played during the talent show in 'The Simpsons' Movie?' Reply with your,1
Quick Trivia! Who sang the theme song for The Simpsons? Reply 'Matt Groening' for a chance to win fun prizes!,1
Who sang the iconic anthem in 'The Simpsons Movie'? Guess right and win a limited edition Homer bobblehead,1
Quick! Who was the band at the Springfield talent show in The Simpsons Movie? Answer now for a chance to win a limited edition Homer bobble,1
Quick trivia: Who's the band that performs 'Do the Bartman' in The Simpsons? Reply with the answer and win a surprise,1
Catch the thrill! Who sang 'Do the Bartman' in The Simpsons Movie? Reply now for a fun fact!,1
Trivia alert! Who was the band that tragically disbanded at the beginning of The Simpsons Movie?,1
Unlock secret movie scenes! Text 'The Simpsons' and the band's name to 123456 for a thrilling experience!,1
"🎵Who sang 'Do The Bartman' in The Simpsons? Answer now for a chance to win Simpsons merch!"" 🚀🎉",1
🎶 Who sang 'Do the Bartman' in The Simpsons? 🌟 Answer now and win a limited edition Homer bob,1
Hurry! The Simpsons Movie trivia night is on! Name the band that died at the start of the movie. First correct answer wins a,1
Haven't seen The Simpsons Movie yet? Remember the band that played at the opening scene? Name them and win a free popcorn combo,1
Hey there! Quick guess: which iconic band's name is mentioned at the start of 'The Simpsons' Movie'? Reply for a fun,1
🎶 Who sang 'Do the Bartman' in The Simpsons? Answer for a chance to win tickets to the upcoming Simpsons musical!,1
Don't miss out! The Simpsons Movie trivia: Who played the band at the beginning? Reply 'Apu' for a chance to,1
🎵 Who sang 'Do The Bartman'? Answer for a chance to win movie tickets! 🍿🎥,1
"Unlock endless fun! Dial *#06# for free games, jokes, and trivia! Who wrote the theme song for The Simpsons?",1
🎶 Who sang the iconic tune during the opening credits of The Simpsons Movie? 🎥 Find out now! #Simps,1
Quick! Who sang the iconic tune at the Springfield Talent Show in 'The Simpsons Movie'? Reply with your answer for a chance to,1
Quick trivia: Who played the song at the Simpsons Movie's opening scene? Reply 'Band' for the answer.,1
Quick trivia! Who played the song at the funeral in The Simpsons Movie? Reply for a chance to win a cool Simpsons merchand,1
Hey! Guess who's coming back to Springfield? The band from The Simpsons Movie! Can you name them before they hit the stage again?,1
Who sang the iconic song 'Do the Bartman' from The Simpsons? Trivia answer by 5 PM for a chance to win movie tickets,1
Discover the mystery band in The Simpsons Movie! Reply with 'Band' to unveil the answer now!,1
Hurry! Win a trip to the Simpsons Museum! Reply 'YES' to enter! Offer ends soon!,1
Hey! Quick guess: who's the band Homer accidentally crushes in 'The Simpsons Movie'? Reply 'Foo Fighters' for,1
Quick! Who sang the song during the opening scene of The Simpsons Movie? Answer fast for a chance to win a limited edition Homer figurine!,1
Unravel the mystery! Who was the band that played during Homer's donut frenzy in 'The Simpsons'? Text back for,1
🎶 Who sang 'Do The Bartman' in The Simpsons? Reply YES for a fun fact! �����,1
Guess who's coming to dinner? The legendary band from the Simpsons Movie is making a comeback! Don't miss their reunion tour,1
Discover the legendary band from The Simpsons Movie! Who was it that left us too soon? Reply 'Simpsons Music' for a fun qu,1
Unlock the mystery! Who's the band in The Simpsons Movie's opening scene? Reply 'band' for a fun surprise!,1
🎵 Who was the band in 'The Simpsons Movie' that went extinct in the opening scene? 🎶 Reply Y,1
Haven't heard the latest track from your favorite band yet? 'Sweet Escape' by Gwen Stefani is trending now!,1
"Discover the mystery band in 'The Simpsons' movie! Was it The Who or The Beatles? Find out now!"" #spam",1
"Hey! Quick trivia: In the Simpsons Movie, which band played at the Apu-con? Reply 'Mystery Band' if",1
Catch the Simpsons Movie trivia! Who sang 'Do the Bartman' in 1990? Reply with answer and 'B,1
Unlock secret Easter eggs in Fortnite! Reply YES to receive link 💥🎮,1
Hey there! Guess the band in 'The Simpsons' movie (2007) that made a cameo at the beginning? Reply,1
Hey! Guess the classic band that went missing in 'The Simpsons Movie'? Reply with 'Rashomon' if you know!,1
Hurry! Get your tickets now for the Simpsons Movie Event! First 50 to reply will receive an exclusive meet-and-greet with,1
Mystery from 'The Simpsons' movie: Who was the band that played during the talent show at Springfield Elementary? Reply 'YES,1
"Hey, quick trivia! Who was the band that played at Moe's Tavern during the Simpsons Movie? Answer by replying",1
"Quick! Guess the classic rock band from the Simpsons Movie. First correct answer wins a limited edition Bart Simpson guitar pick!"" #SimpsonsT",1
Win a free ticket to the Simpsons Movie screening! Solve this riddle: What band played at Moe's Tavern before they disband,1
Hey there! Who sang the iconic song 'Do the Bartman' from The Simpsons? Test your '90s pop culture knowledge and share your,1
Catch the epic Simpsons Movie reference! Name the iconic band that made a cameo at the movie's start. Reply with 'Who played,1
Unlock secret Simpsons trivia! Name the band at Moe's Tavern during the movie debut. Reply 'Trivia' to,1
Quick trivia! Name the band from The Simpsons Movie that disbanded in a tragic accident. Reply with your answer for a chance to win,1
"Win a free movie ticket! Answer: The Be Sharps, Simpsons Movie's tragic band �����������",1
Hey there! Guess who sings the sad song at the start of The Simpsons Movie? Reply with 'Answer' for a fun triv,1
"Hey there! Can you guess the band that mysteriously vanished in the Simpsons Movie? Reply for a chance to win exclusive merchandise!"" #Sim",1
"Guess the classic song from the Simpsons Movie, released in 2007! First one to reply gets a cool Simpsons prize!"" #",1
Quick trivia: Which legendary band played their final concert in 'The Simpsons' movie? Reply 'Bleak' for a chance,1
Catch the Simpsons Movie reference! Who sang Sweet Leaf at the Apu's convenience store? Reply 'AC/DC' for a chance,1
Hey there! Quick trivia: What iconic band did Homer accidentally crush in 'The Simpsons Movie'? Reply with your answer for a,1
Hey there! Guess the band that plays during the opening sequence of 'The Simpsons Movie'. Hint: They meet a tragic end. Reply with,1
Unlock secret Simpsons trivia! Who sang 'Do the Bartman' in the animated series? Reply with 'Bartman' for,1
Hey there! Guess the classic rock band that made a cameo in 'The Simpsons Movie' and then tragically disbanded in real life?,1
Congrats! Your lucky draw entry with serial no. 2389 has won a brand new smartphone! Call our toll-free number,1
"Congratulations! You've been selected as our grand prize winner. Your winning code is 872. To claim your prize, reply with",1
Congrats! You've won a grand prize! Your winning number is 873. Call 1-800-WIN-NO,1
Congratulations! You've been selected as our daily winner with lottery number 782. Claim your prize by replying 'Claim,1
"You've been selected for a $10,000 prize! Reply with 'Claim' and your full name to start the process.",1
"Congratulations! You've been selected as a lucky winner! Your winning number is 789. To claim your prize, reply 'Yes",1
Congratulations! You've been selected as our grand prize winner with winning number 782. Claim your prize by replying with your full,1
Congratulations! Your lucky draw entry 1234 has been selected! Claim your prize by replying with your full name and address at our,1
Congratulations! You've been selected as our weekly lucky winner! Your prize: a brand new smartphone! Claim it now by replying,1
Claim your prize! Your lottery ticket #1234 has won! Contact us at +1-800-123-456,1
Congratulations! You've been selected as a lucky winner with winning number 873! Contact our customer service at +123-4,1
"Congratulations! You've been randomly selected as a winner in our weekly draw! Your winning number is 789. To claim your prize,",1
Congratulations! You've just won a surprise prize! Claim your rewards at www.prizeclaim.com using code 123,1
"Claim your prize! Dial *911# for lottery winnings confirmation. Code: 123456. Hurry, offer ends",1
Congratulations! You've won 5000 dollars! Claim your prize by replying with 'Claim' and your full name. Code,1
"Congratulations! You've been selected as our weekly winner with number 723. To claim your prize, reply 'Yes' and provide your",1
"Congratulations! You've just won $10,000 with winning number 782! To claim your prize, reply 'claim",1
Congratulations! Your lottery ticket with serial number 827 has been drawn as a winner. Contact our customer service at 1-80,1
Congratulations! You've won a mystery prize! Call 1-800-WIN-NOW to claim your prize!,1
Congratulations! Your lottery ticket with number 783 has been drawn as a winner. Contact our customer service at 1-800,1
Claim your £500 prize! Dial *90# with your phone number to verify and receive funds. Offer expires in 24 hours,1
Congrats! You've been selected for a mystery prize! Reply 'Claim' to receive details.,1
"Congrats! Your lottery ticket #789 has been drawn! Claim your prize at our office, don't miss out!",1
Congratulations! You've just won 5000 coins in our latest draw! Use code WIN5000 to redeem your prize,1
Congratulations! Your lucky numbers have been drawn! Your winning ticket number is 827. Visit our website to claim your prize.,1
"Claim your prize! Dial *901# to activate your winnings with number 567. Don't miss out, time is limited!",1
Congratulations! You've been selected as a lucky winner with serial number 782! Claim your prize now by replying 'Claim,1
Congratulations! You've been selected as our weekly lottery winner! Your winning number is 782. Claim your prize by replying,1
"Congratulations! You've been selected as a lucky winner in our recent draw! Your winning number is 532. To claim your prize,",1
Congratulations! You've been selected as our daily winner! Your prize is a brand new iPhone 14! Claim your prize by replying,1
Congratulations! You've been selected for a grand prize! Claim your winnings by replying 'claim' with your full name and address.,1
You've been randomly selected to claim a mystery prize! Reply with your name and contact info to receive details!,1
Claim your prize! Congrats on winning £500 with lucky number 873! Call us at 01234567,1
Congratulations! You've been selected for a surprise prize. Claim your reward by replying with your full name and address.,1
Congratulations! You've been selected as a lucky winner for the weekly draw with winning number 728. Claim your prize by replying,1
Congratulations! Your lucky draw entry with number 789 has won a brand-new smartphone. Reply 'claim' within 48,1
"Congratulations! You've won a fantastic prize! Your winning ticket number is 723. To claim your prize, reply with 'claim",1
Congratulations! You've been selected as our lucky winner! Claim your prize of £500 by replying 'Claim' with your full,1
Claim your £1000 prize! Dial 0845 862 3322 with winning code 4567,1
"Congratulations! Your lottery ticket with number 827 has been drawn as a winner. To claim your prize, call the toll-free number",1
"Congratulations! You've been selected as a lucky winner in our draw. Your winning number is 789. To claim your prize, reply",1
"Congratulations! You've been selected for a massive prize of £10,000! To claim, reply with your full name and address",1
Congratulations! Your lucky number 321 has been drawn in the grand prize draw! Contact customer service at 555-555,1
"Congratulations! You've been selected as a lucky winner in our monthly draw. Your winning number is 873. To claim your prize,",1
"Congratulations! You've been selected as a lucky winner in our recent draw. Your winning number is 532. To claim your prize,",1
Congrats! You've won a prize! Claim it now with code 873! Don't miss out!,1
Congratulations! Your lottery ticket with number 732 has been a winner! Claim your prize by replying with your full name and contact,1
"Congratulations! You've been selected as a lucky winner in our recent draw. Your winning number is 325. To claim your prize,",1
"Congratulations! Your lottery ticket #321 has been drawn as a winner! To claim your prize, please call our customer service line at",1
"Congratulations! You've been selected as a lucky winner in our recent draw. Your winning number is 782. To claim your prize,",1
"Congratulations! Your lucky number 782 has been drawn in the weekly lottery. To claim your prize, reply with 'Claim' and your",1
"Congratulations! You've been selected as a lucky winner! Your winning number is 827. To claim your prize, call us at",1
Congratulations! You've won a prize! Claim your prize with code 872. Visit our website for details.,1
"Congratulations! You've won a surprise prize! Claim your reward at our website using code XYZ123. Hurry, offer",1
"Congratulations! You've been selected as a lucky winner in our recent draw. Your winning number is 873. To claim your prize,",1
Congratulations! You've been selected as our weekly winner! Claim your prize by replying 'Claim' with your full name and contact details to,1
Congratulations! Your lottery ticket with serial number 827 has been drawn as a winner! Claim your prize by contacting our customer service,1
Congrats! You've been selected for a surprise reward! Claim your prize by replying 'Accept' to this SMS. Ref ID:,1
"Congratulations! You've been selected as our lucky winner! Your winning number is 327. To claim your prize, reply with your full",1
"Congratulations! You've been selected as our grand prize winner! Your winning number is 782. To claim your prize, reply 'Claim",1
"Congratulations! You've been randomly selected to receive a $10,000 cash prize. Claim your winnings by replying",1
"Congratulations! You've been selected as a lucky winner in our weekly draw! Your winning number is 782. To claim your prize,",1
Congrats! You've been selected as our lucky winner! Claim your prize by replying with your full name and ID number. Code:,1
Congratulations! Your lottery ticket #1234 has been selected as a winner! Visit our website to claim your prize.,1
Congrats! Your lucky number 789 has been drawn in our weekly draw. Claim your prize by replying 'Yes' and providing your,1
"Congratulations! You've been selected as a lucky winner for the weekly draw. Your winning number is 789. To claim your prize,",1
Congratulations! Your lottery ticket with number 827 has been drawn as a winner. Please contact our customer service at 555-,1
Congratulations! Your lucky number 789 has been drawn in our weekly lottery. Claim your prize by responding with your full name and contact,1
"Congratulations! You've been selected as a lucky winner in our recent draw. Your winning number is 567. To claim your prize,",1
Congrats! Your lucky draw number 328 has been selected! Call us at 1-800-WIN-NOW to claim,1
"Congratulations! You've been selected as a winner in our weekly draw! Your winning number is 789. To claim your prize, reply",1
Congratulations! Your lucky draw entry with serial number 325 has been selected as the winner. Claim your prize by replying with your full,1
"Congratulations! You've been selected as a lucky winner! Your winning number is 783. To claim your prize, reply with your full",1
Congratulations! Your lucky draw entry 789 has won a grand prize! Call us at 0912345678,1
"Congrats! Your lucky draw entry #782 has been selected. Claim your prize at our office within 7 days, proof of identity required",1
Congrats! You've won a prize! Claim your reward using code 782. Reply 'claim' for details.,1
Congratulations! You've been selected as a lucky winner for the monthly draw! Your winning number is 325. Contact our customer service at,1
Congrats! You've been selected as a lucky winner in today's draw! Claim your prize by replying with your full name and contact,1
"Congratulations! You've won a prize! Your winning number is 782. To claim your reward, reply with your full name and contact",1
"Claim your prize! Dial *500# with winning number 628. Hurry, offer ends soon!",1
Congratulations! You've been selected as a lucky winner with number 827 in our recent draw. Contact us at [support_number],1
"Congratulations! You've been selected for a surprise lottery win. Claim your prize worth $10,000 using code 87",1
Congrats! You've been selected for a grand prize! Claim your prize by replying 'Claim' with your full name and address. ID,1
Congrats! You've been selected as a lucky winner! Claim your prize by replying 'Claim' with your full name and contact details to,1
Congratulations! You've been selected for a mystery prize! Reply with 'Claim' to receive details.,1
"Congrats! You've been selected for a $500 Amazon gift card! Reply 'CLAIM' to confirm, or 'RE",1
Congrats! You've matched the winning lottery numbers 12-23-37-46-58! Contact us at,1
Congratulations! You've been selected for a mystery prize! Claim it now by replying YES to this message and providing your contact details.,1
"Congratulations! You've been selected as a lucky winner for our weekly draw. Your winning number is 782. To claim your prize,",1
Congratulations! Your lottery ticket with number 782 has been drawn as a winner! Visit our office at 45 Main Street to claim,1
"Congrats! You've been selected as a winner in our recent draw! Your winning number is 723. To claim your prize, reply",1
Claim your £5000 prize! Dial *789# now to confirm winning ticket #1234567,1
"Congratulations! You've been selected as a lucky winner! Your winning number is 782. To claim your prize, reply with your full",1
"Congratulations! You've been selected as a lucky winner! Your winning number is 789. To claim your prize, simply reply with",1
"Congratulations! You've been selected as a lucky winner with serial number 732! To claim your prize, reply with 'CLAIM",1
Notification: Your request for a custom wallpaper has been received. Processing will commence shortly. Thank you for choosing our service!,1
Confirmation: Your request for the 'Epic Guitar Riff' ringtone has been received. Processing begins now. Anticipated delivery time:,1
Confirmation: Your request for the 'Epic Battle Symphony' ringtone is now being processed. Anticipate delivery within 24 hours. Thank,1
Congrats! Your request for the stylish 'Melodious Waves' ringtone has been received. Processing will commence shortly.,1
Confirmation: Your request for personalized wallpaper is now in progress. Check your device for updates.,1
Notification: Your request for a custom wallpaper has been received. Processing time may vary. Confirmation will be sent once completed.,1
Congratulations! Your request for the 'Epic Sunset Melody' ringtone is now being processed. Look forward to hearing it soon on your,1
Confirmation: Your order for personalized ringtone 'Lively Sunset' is now in progress. Estimated delivery time: 24 hours. Enjoy,1
Confirmation: Your subscription to our exclusive music service has been activated! Enjoy unlimited downloads of your favorite tracks. Reply STOP to cancel or HEL,1
"Confirmation: Your request for the 'Epic Battle Theme' ringtone has been received. Processing now, estimated delivery within 24 hours. Enjoy",1
Your mobile game purchase confirmation: 'Candy Crush Saga Level Pack 3'. Enjoy unlimited fun! Activate now: dial *GAME#,1
Your mobile game purchase confirmation: 'Galactic Quest v2.0' is now on its way to your device. Enjoy the cosmic adventure!,1
Confirmation: Your custom wallpaper download is now available. Access it via link in this message. Enjoy personalizing your device!,1
Confirmation: Your mobile game purchase is now in progress. Exciting adventures await!,1
Notification: Your requested game download is now in progress. Enjoy your gaming experience!,1
Confirmation: Your recent purchase of the 'Epic Battle Symphony' ringtone has been successfully processed. Enjoy the battle in every call!,1
"Congrats! Your game download is now available. Tap link below to start playing!"" #win",1
Notification: Your recent purchase of a personalized ringtone is now being prepared. Expect delivery within the next 24 hours.,1
Notification: Your requested wallpaper download is now in progress. Estimated completion time: 5 minutes. Enjoy your personalized device!,1
Notification: Your recent purchase of the 'Bright Melody' ringtone is now in progress. Estimated delivery time is within 24 hours. Thank,1
Confirmation: Your purchase of the 'Epic Drumroll' ringtone is now being processed. Track order status via link in bio. Enjoy your new,1
Congrats! Your order for the 'Epic Space Battle' ringtone is now in production. Enjoy the galactic sounds on your device soon! #,1
Confirmation: Your requested wallpaper download is now in progress. Estimated delivery time: 5 minutes. Reply with 'STOP' to cancel.,1
Confirmation: Your custom wallpaper download is now ready! Access it at www.link.com/your-unique-code. Enjoy personalizing your device!,1
Confirmation: Your request for the custom ringtone has been received. Processing will commence shortly. Track your order at www.customtunes.com/,1
Confirmation: Your request for the 'Epic Battle Anthem' ringtone is being processed. Expected delivery within 24 hours. Reply ST,1
Confirmation: Your custom wallpaper order #12345 is now in production. Estimated delivery by end of week.,1
Confirmation: Your request for personalized wallpaper has been received. Processing will commence soon. Thank you for choosing our service!,1
Your requested mobile game download is now in progress. Expect completion within the hour. Enjoy!,1
Congrats! Your request for the 'Epic Dance Beats' ringtone is now in progress. Stay tuned for further updates on delivery. #,1
"Confirmation: Your request for custom wallpaper has been received! Processing may take up to 24 hours. For any queries, reply 'HELP",1
Notification: Your recent purchase of the 'Epic Sunrise' ringtone is now in progress. Estimated delivery time is 2 hours. Enjoy the melod,1
Confirmation: Your request for the 'Epic Battle Theme' ringtone has been received. Processing complete in 48 hours. Cancel anytime at,1
Confirmation: Your requested wallpaper download is now in progress. Check your device for updates soon.,1
Confirmation: Your recent purchase of the 'Mystical Whisper' ringtone is now in progress. Anticipated delivery within 24 hours,1
Confirmation: Your subscription to our premium wallpapers service has been activated. New updates daily! Reply STOP to cancel.,1
Confirmation: Your purchase of the 'Epic Nightfall Symphony' ringtone is now in progress. Enjoy the melodic harmony on your device soon!,1
Your recent purchase of the 'Melodic Sunset' ringtone is now in progress! Enjoy the soothing sounds of nature on your device soon.,1
Confirmation: Your subscription to our daily motivational quotes service has been activated. Reply STOP to unsubscribe.,1
Confirmation: Your subscription for daily motivational quotes has been activated. Reply 'STOP' to cancel.,1
Confirmation: Your purchase of the 'Epic Battle Theme' ringtone is now in progress. Expected delivery within 24 hours. Track order #,1
Confirmation: Your download of the 'Epic Warrior Battle Theme' ringtone is now in progress. Enjoy the battle sounds on your device soon!,1
Congrats! Your requested wallpaper download is now in progress. Please check your device's settings for updates soon. #TechSupport #DailyUp,1
Confirmation: Your download of the 'Epic Battle Anthem' ringtone is now in progress. Enjoy the victory beats on your device soon!,1
Confirmation: Your order for the 'Epic Galaxy Battle' ringtone is now being processed. Anticipate the cosmic sounds soon!,1
Confirmation: Your requested wallpaper download is now in progress. Expected delivery within 24 hours. Enjoy your new digital decor!,1
Your mobile game purchase confirmation: 'Galactic Warriors' now ready for download. Follow link in message to play!,1
Confirmation: Your requested wallpaper has been successfully downloaded. Access it now from your device settings.,1
Your download for the 'Epic Space Battle' ringtone is ready! Tap link to install now.,1
Confirmation: Your customized ringtone is now in production. Estimated delivery within 24 hours.,1
Confirmation: Your order for the 'Epic Drum Beats' ringtone is now in progress. Expected delivery within 24 hours. Track,1
Your mobile game purchase is now complete! Unlock new levels and adventures today!,1
Congratulations! Your subscription for weekly horoscope alerts has been activated. Text STOP to cancel.,1
Confirmation: Your custom wallpaper purchase is now in production. Expect delivery within 2 business days.,1
Confirmation: Your requested ringtone download is now in progress. Enjoy your new tune soon!,1
🎧 Who played the iconic tune at the start of The Simpsons Movie? 🍿 Reply 'MOZART' for,1
Unlock secret Simpsons trivia! Who sang the iconic song at the start of the 2007 movie? Reply 'The Be Shar,1
Unlock secret bonus levels in your favorite game! Text 'GameCode' to 12345 and play now!,1
🎧 Who sang the iconic 'Do the Bartman' in The Simpsons? 🎵 Answer now and win a Bart Sim,1
Unlock unlimited mobile games! Reply YES to claim your FREE 30-day trial. #GameOn #MobileFun,1
Win a free Homer Simpson bobblehead! Text 'D'OH' to 123456 to enter!,1
Hey there! Guess the band that played in Moe's Tavern during 'The Simpsons Movie'? Reply with 'Bleeding,1
Unlock secret Simpsons trivia! Who sang the tragic tune at the film's beginning? Text 'SimpsonSong' to 123,1
Unlock secret Homer Simpson quotes! Text 'D'ONUTMUCH' to 1234567 for a hilarious laugh!,1
Discover the secret band from The Simpsons Movie! Solve the mystery now: Who died at the start of the concert scene? Reply with 'The,1
🎧 Who's the legendary band Homer mentions in 'The Simpsons Movie'? 🎥 Answer now for a chance,1
"Hey, guess the iconic band in 'The Simpsons' movie (2007) that had a tragic ending? Reply with 'A",1
Quick! Who sang 'Do The Bartman'? Answer for a chance to win Homer Simpson bobbleheads!,1
Mystery: Who was the band that played during the Springfield Talent Show in The Simpsons Movie? Reply YES to reveal the answer!,1
"Hey there! Don't miss out, guess the band that plays during the talent show in 'The Simpsons' Movie!' Reply with the correct answer",1
"Watch the Simpsons Movie now! Who was the band that played at the beginning?"" #TriviaThursday",1
Don't miss out! Who played the iconic concert scene in 'The Simpsons Movie'? Answer now for a chance to win Simpsons merch,1
Hey there! Can you guess the band that played during Homer's dream sequence in 'The Simpsons Movie'? Reply 'Yes' for a,1
"Win a trip to Springfield! Answer: The Be Sharps, Simpsons' band that played at Moe's.",1
Hey there! Guess the '80s band Homer accidentally killed in the Simpsons Movie? Reply with 'Who?' for a hint!,1
Unlock the secret of the Simpsons Movie! Who was the band that played at Moe's Tavern? Reply for a hint!,1
"🎵 Who sang 'Do The Bartman' in The Simpsons? 🍔 Quiz answer by 5pm, win a",1
Quick! Who sang the song 'Do The Bartman' in The Simpsons? Answer for a chance to win awesome prizes!,1
"Hey! Guess the band in 'The Simpsons' Movie, first on screen? Reply 'Led Zeppelin' if you think it",1
Hey there! Guess who's back? The band from the Simpsons Movie! Can you recall their tragic debut? 😉 #SimpsonsT,1
Hey there! Don't miss out on trivia fun! Who sang 'Do the Bartman' in The Simpsons? Reply QUICK,1
Unlock the secrets to a prosperous future with our exclusive cryptocurrency investment plan! Reply YES to 73546 for,1
Attention! Limited time offer: Upgrade your smartphone with our latest model for just $99. Reply 'YES' to,1
Hey there! Get ready for the ultimate gaming experience! Win a brand new Xbox One S with our weekly draw. Text GAMEX to,1
"Hey there! 🌟 Win a brand new iPhone 14 Pro Max with just one click! Hurry, limited time offer",1
Unlock the secret to a million-dollar home with our exclusive property investment tips! Text MONEY to 45678 for,1
Attention! Win a brand new Xbox Series X with our weekly draw! Just text 'Xbox' to 90374 to,1
Hey there! Exciting news! Win a brand new Tesla Model 3 just by following this link and participating in our quick survey.,1
"Hey there! Win a brand new gaming console just by following this link! Hurry, offer ends soon! #GameOnWin",1
Attention! Win an all-expenses-paid vacation to the Maldives! Text 'yes' to 90123,1
"Attention! You've won a brand-new smartwatch! To redeem, reply 'claim' to 88899",1
Win a brand new iPhone 13! Text 'iPhone' to 90012 to enter and get a chance to upgrade,1
"Limited offer! Get a free 1-month subscription to our premium streaming service. Reply with ""YES"" to 900",1
"Unlock the secret to eternal youth! Try our amazing anti-aging serum today, just text 'YOUTH' to 667",1
"Congratulations! You've been selected to receive a brand-new Apple Watch Series 7. To confirm, text 'claim' to",1
Congratulations! You've been selected to win a brand new iPad Air 5! Reply 'yes' to confirm and claim your,1
Unlock a £50 Amazon voucher instantly! Reply 'win' to 90055. Offer ends soon!,1
"Hey there, quick question! We've noticed you've been loving our weekly deals. Would you consider joining our exclusive VIP club for",1
Attention! Exclusive offer for you! Limited time only! Get 50% off on our premium services. Reply YES to,1
Attention! You've been selected for a special offer! Reply YES to get 50% off on your next purchase at,1
Hey there! Exciting offer from our shop! Get 30% off on your first purchase using code FIRST3,1
"From the exotic beaches of Bali, a chance encounter promises a lifetime of adventure. Join me on this journey, replying",1
"Hey there! From the exciting world of 'TechDealsNow', you could win an amazing smartphone just by replying 'Yes",1
"From the enchanting city of Venice, a mystery artifact has been discovered! Unravel its secrets and claim your",1
Unlock endless entertainment! Get 200GB data & 300 min calls for just £10/wk. Rep,1
Unlock endless entertainment with our latest streaming device! Reply 'yes' to claim a special 30-day free trial. Offer ends,1
Unlock unlimited data and calls for just £10/week! Reply YES to this message to start now. Offer ends soon,1
Unlock unlimited entertainment with our exclusive streaming service! 📺📱 Subscribe now and get a 30-,1
Unlock unlimited streaming with our new smart TV! Reply YES to claim a 30-day free trial. Limited time offer!,1
"Unlock limitless entertainment with our new streaming service! 📺 Get 3 months free trial, just sign up today using code",1
"Unlock unlimited streaming with our exclusive offer: 500GB data for just £15/month, no contract required. Reply",1
Unlock endless entertainment with our 4G smartphone deal! 📱📱 Get a brand new phone and unlimited,1
Unlock unlimited mobile data for just £5/week! Reply YES to this message to activate now!,1
"Unlock exclusive savings! Reply for 50% off at your favorite store, but hurry, offer ends tonight!",1
"Flash sale! Buy one product, get another for half price! Offer ends tonight. Visit [website] now!",1
Exclusive offer: upgrade your phone's memory card to 128GB for just £20! Reply YES to this message,1
Limited offer: unlock exclusive discounts on your favorite brands! Text JOIN to 123456 and join,1
Special offer! Upgrade your phone with a brand new Samsung Galaxy S21 for just £99. Limited stock available. Call,1
special offer! get a free 30-day trial of our premium dating service. reply yes to this message now!,1
Limited time offer! Get 50% off on your next pizza delivery. Use code PIZZA50 at checkout.,1
Attention! You've been selected for a free weekend getaway! Reply YES to claim your all-inclusive trip to a,1
Get 30% off on your next pizza order! Text 'PIZZA30' to 55555 before,1
limited offer! buy 5 pizzas today and get a free movie night pass at our local cinema ðŸŽ¶,1
limited offer! 50% off on your next pizza delivery with domino's. use code PIZZA50 before,1
Win a brand new iPhone 13 Pro Max! Text WIN to 123456 and be entered to win! Don,1
"Limited time offer! Text ""YES"" to 89001 to win a brand new iPhone 13 Pro Max. Must",1
"Limited time offer! Text ""PIZZA"" to 12345 to claim a free large pizza from our restaurant, available until",1
"limited offer: try our new pizza flavors today! 50% off for first 100 customers, use code ""PIZZ",1
Unlock a world of excitement with Samsung Galaxy S22! 📱💥📸 Win incredible prizes,1
📣 Exciting deals! Win free AirPods Pro and unlock double data on your Airtel plan. Visit mobileup,1
"🎮📱 Limited time offer: Win top gaming accessories! Plus, get 2x minutes & 2x texts",1
"limited time offer! upgrade your phone with a free samsung galaxy s21+, get double data on vodafone plans for",1
"Unlock incredible savings! Get 50% off on all Apple devices at our store. Hurry, offer ends soon! Visit us at tech",1
"Limited offer! Win a brand new iPhone 13 Pro Max with a purchase of any Apple product from our store. Hurry, offer",1
Join our exclusive club and enjoy unlimited data for just £10 per month! Upgrade your phone and get the latest Samsung Galaxy for free,1
"Welcome! Taste the thrill of our brand new gaming app! Beat your friends' high scores, win rewards, and enjoy endless fun!",1
Unlock a world of endless possibilities! Reply 'YES' now to claim your free smartwatch or 50GB data bundle! Off,1
"Limited time offer! Text 'YES' to win an iPhone 14, a Samsung Galaxy Tab S7, or a £3",1
Unlock your chance to win a brand new iPhone 13 or a trip to Bali! Reply 'WIN' to join the draw.,1
Unlock unlimited entertainment with our exclusive offer! 🎬🎵🎮📱 Text 'Y,1
win the latest smartphone + streaming subscription! reply YES to 07891234567 and enter draw today!,1
Congratulations! You've won a brand-new Samsung Galaxy S22 and a 1TB external hard drive. Rep,1
congrats! you've won an all-expenses-paid trip to Bali! reply 'yes' to claim now or 'no,1
Hello! You've won an exciting vacation package to paradise islands! Confirm your details to secure your dream getaway today!,1
Hi there! We've noticed you've been inactive on our platform for a while. Come back and reactivate your account to enjoy,1
"Unlock endless entertainment with our new video game bundle! Get 10 popular titles for just $9.99. Hurry, offer ends",1
Special offer alert! Get 50% off on your next order with promo code 'FLASH50'. Hurry,1
Hey there! We've got a special offer just for you! Enjoy 30% off on your next order with the code 'S,1
Hey there! Don't miss out on our latest deals at the electronics store! Get 50% off on selected items this weekend,1
Unlock hidden discounts on popular brands! Text YES to 41111 for immediate savings!,1
"Win big this holiday season! Reply YES to get a chance at our grand prize! Limited time offer, act now! #luckyd",1
Special offer: Unlock exclusive discounts on popular brands! Reply YES to claim now!,1
Unlock a secret deal on the latest smartphone! Text SPECIAL to activate now.,1
Congrats! You've won an all-expense-paid trip to the tropical paradise of Bali! Rep,1
Limited time offer! Upgrade your phone plan with us and get unlimited data for just £5/month. Reply 'Upgrade,1
Special offer! Limited time only: Get 50% off on your next online purchase. Use code 'HALF50,1
"Limited time offer: Unlock 30 days of premium streaming for just £1! Hurry, offer ends soon. Reply ST",1
Unlock a world of entertainment! Stand a chance to win a state-of-the-art home theater system or a year's worth of,1
"Limited time offer! Reply ""YES"" to claim your brand new iPhone 13 Pro Max or a £500 cash prize",1
Unlock a fortune with our daily raffle! 5 lucky winners will receive 250€ each day. Text 'LUCK,1
Limited time offer! Reply 'YES' to claim your free Apple Watch Series 7 or a chance to win a brand new iPhone,1
"Unlock unimaginable fun with our weekly raffle! Win a brand new iPad Mini, a luxury weekend getaway or a stunning diamond",1
Limited time offer! Reply YES to claim your FREE smartwatch and gym membership. Stay fit and stylish this year!,1
Congratulations! You've been randomly selected for a chance to win a brand new Samsung Galaxy S22 Ultra,1
"Unlock excitement this weekend! Reply 'yes' for a chance to win a brand-new iPhone 13, a luxury",1
Unlock unlimited entertainment with our exclusive movie streaming service! 🎥 Subscribe now for just $4.99/month and,1
"Unlock incredible savings! Upgrade to our premium plan and get double data, unlimited calls, and 50% off monthly bills. Limited",1
"Unlock endless entertainment with our exclusive mobile gaming app! Play popular games, win exciting prizes, and enjoy daily updates. Text 'GAMEON",1
Unlock endless entertainment with our exclusive gaming app! Join now and receive 3 months free trial! Spread the word and get 5 friends to,1
Unlock unlimited entertainment! 🎬📱 Get a limited-time offer: free streaming service for 3,1
Unlock unlimited streaming of the hottest movies and music for just $9.99/month! Reply YES to subscribe,1
"Unlock unlimited entertainment with our exclusive streaming service! 📺🎬 Subscribe now and enjoy movies, series, and",1
"Unlock unlimited streaming of your favorite shows for just $2.99/week. Limited time offer, sign up now!",1
Attention! Get ready for the 'Summer Body Challenge'! Lose weight and win prizes! Join now by texting 'S,1
"Attention! Limited time offer: upgrade your phone with our latest model, the 'Galaxy X'. Act fast to secure the best deal",1
Unlock hidden savings on the latest smartphones! Dial *4444 now for exclusive deals!,1
"Hey, unleash your inner artist! Join our drawing competition today and win a brand-new iPad Pro! Text DRAW to",1
Attention! Limited time offer: Get a free subscription to our exclusive dating app! 💘 Reply 'love' to,1
Hey there! Win a brand new gaming console just by clicking the link below 🎮🌟 Good luck! [Link to,1
Unlock a secret treasure trove of discounts! Join our exclusive VIP club now by texting 'VIP' to 432,1
Unlock secret savings! Text 'deal' to 41123 for exclusive offers from your favorite brands!,1
Attention! You've been selected for a free smartwatch giveaway. Reply 'claim' to 889,1
"Attention! You've been chosen for a free 7-day vacation in Bali! To confirm, reply 'accept' to this",1
Special offer! Win a brand new Samsung Galaxy S21 Ultra just by sharing this message. Reply 'yes' to confirm your entry,1
Exclusive offer! You've been selected for a free 3-day cruise with Royal Seascape Cruises. Rep,1
Unlock the secrets of wealth with our exclusive investment opportunity! Reply 'wealth' to 87878 to receive a free guide and,1
"Attention! You've been selected for a Samsung Galaxy S21 Giveaway! To participate, text 'Samsung' to",1
Attention! You've been selected to participate in our exclusive raffle event. Stand a chance to win an amazing smartwatch. Text,1
Hey there! You've been selected for an exclusive offer! Win a brand new Apple Watch Series 7 just by replying 'claim,1
Special offer! Get 30% off on your next purchase at our online store. Reply YES to confirm and receive the code.,1
Greetings! Exclusive offer on our latest smartphone model. Limited stocks available. Reply 'YES' to secure yours today or,1
Exclusive offer! 🎁 Win a luxury vacation for two! Reply YES to claim your entry. Hur,1
"Hey there! From the team at Eco-Deals, we've got some exciting offers on energy-efficient products just for you!",1
Attention! Special offer from our store! Get 30% off on all items today only! Reply YES to,1
"Hello, enjoy a special offer from our spa! Relax with a full-body massage for just $50, limited time only.",1
From: lotterywininfo.com dailywinnings@20p/msg max3/day t&cs web age1,1
"Special offer: Unlimited data for just £10/month, valid for the first 6 months! Reply with ""Yes"" to",1
Unlock endless entertainment with our exclusive offer: 10GB data + Netflix subscription for just £15/month. Reply YES to,1
Unlock limitless entertainment with our exclusive offer! Reply for a chance to win a free streaming device and 6 months of unlimited access.,1
"limited offer: upgrade your phone plan to unlimited data for just £10/month, hurry this deal ends soon! 📱",1
Enjoy limitless mobile data for just £10/week! Reply YES to activate now. Offer ends soon!,1
Unlock unlimited fun with our new gaming phone! 5000 free game credits and 20% off monthly plan for the first,1
limited time offer: upgrade your phone to a 4G smartphone with unlimited data for just £20/month! Reply Y,1
Unlock endless entertainment with our exclusive offer: 1000 streaming hours on the latest smart TV for just £99! Reply Y,1
Win an iPhone X! Reply now and be entered in our exclusive giveaway. Limited time offer! �����,1
Unbelievable offer! Win a brand new iPhone X! Reply YES and text your name and mobile number to 1,1
Unlock exclusive deals and discounts with our VIP shopping club! Text JOIN to 67890 to get started!,1
Breaking news! You've been selected for a limited-time offer. Claim your free 7-day trial of our premium movie,1
Unlock unlimited internet access for just £1/day! Reply to this message to activate offer now!,1
Congratulations! You've won a brand new iPhone 13 Pro Max! Reply to this message for details on how to,1
Win a brand new iPhone X! Reply for more details and to enter the competition. Offer ends soon!,1
"win an all-inclusive vacation for two! simply text ""yes"" to 123456 and join our weekly draw today",1
"Limited time offer! Get a free gym membership for 6 months. Text ""FIT"" to 87654 now and enjoy our",1
Win a brand-new iPhone 13 Pro Max! Reply with your full name and mobile number for instant entry in our weekly draw!,1
Limited time offer! 🥳🍫 Win a year's supply of premium chocolate! Simply text 'YES,1
📣 Limited time offer! Get a free pizza with every order from our new store. Visit us now! ���,1
Unlock a thrilling adventure! Text 'YES' to 89001 and join our treasure hunt across London. Find hidden g,1
Win a brand new iPhone 13! Just text 'iPhone13' and your email address to 123456,1
Win a brand new iPhone 13! Simply text 'iPhone13' to 123456 and follow the,1
Unlock endless fun with our exclusive offer! Win a PS5 console and a year of PlayStation Plus subscription. Click now and enjoy unlimited gaming,1
limited offer! get 50% off on apple airpods pro and free shipping on all orders above £100 at techde,1
"🎧 Limited Time Offer: Get Apple AirPods Pro for just £100 with free delivery! Hurry, offer",1
📣 Limited Time Offer! 📣 Get the latest Samsung Galaxy S22 for just £299,1
"limited time offer: 50% off all pizzas at domino's! don't miss out, order now through our",1
"Attention music lovers! Win tickets to upcoming concerts by Ed Sheeran, Taylor Swift, and Halsey. Simply text",1
"Limited offer: upgrade your phone to Samsung Galaxy S21 Ultra 5G for just £399! Hurry, offer",1
limited offer: get a free Samsung Galaxy S21 with a new two-year contract on EE. Upgrade now and enjoy superfast,1
"Unlock a world of excitement with our exclusive lottery! Win a brand new iPhone 13 Pro, a 100GB Netflix subscription",1
"Win a brand new iPhone 13 Pro Max! Reply with 'YES' to claim your entry! Hurry, offer ends soon",1
"Unlock endless entertainment and exciting prizes! Text 'WIN' to 67890 for a chance at a brand new smartphone,",1
"Unlock your potential with our exclusive offer! Reply 'WIN' for a chance to win a brand new Samsung Galaxy S21, a year",1
Unlock endless entertainment on your mobile! 📱🎮🎵📚 Text 'YES,1
Unlock the mystery and win a brand-new iPhone 14 Pro Max! Text 'Unlock' now to join the raffle!,1
Win a brand new Samsung Galaxy S21 and a year's subscription to Netflix! Reply 'YES' to enter the draw.,1
"win a brand-new iphone 13 pro max! reply ""yes"" to confirm your entry, standard msg rates apply",1
"Dear valued customer, your account balance is running low. Upgrade now to enjoy unlimited calls and messages at a special discounted rate.",1
"Dear valued customer, your monthly subscription to our premium movie service has been automatically renewed. Enjoy unlimited streaming of your favorite movies and shows",1
Special offer: Unlock exclusive discounts on popular brands this weekend! Reply 'YES' to confirm and receive our secret deals straight to,1
Hey there! You've won a free pizza voucher! Just reply with your email to claim it. Offer ends,1
"Hey there, unleash the excitement with our daily lottery! You could be our lucky winner, just dial *987# and",1
Win a free vacation to an exotic destination! Reply YES to claim your prize! Offer ends soon!,1
Limited time offer! Unlock exclusive deals and discounts at your favorite stores. Text YES to 555-,1
"Limited time offer! Get 50% off on all holiday packages until the end of the week! Hurry, offer ends soon!",1
Limited-time offer! Upgrade your phone plan with unlimited data and international calls for just £15/month.,1
Win a brand new iPhone 14! Reply YES to confirm your entry and be eligible for the draw.,1
Limited time offer: 50% off on your next online shopping spree! Use promo code 'HOLIDAY50,1
"Unlock secret deals and discounts! Reply YES to receive exclusive offers, limited time only!",1
"Win a brand new iPhone 14! Reply YES to confirm your entry and be eligible to win. Limited time offer, end date",1
Limited time offer! Reply 'YES' to enter our prize draw and win an all-inclusive weekend getaway for two!,1
Win an all-expenses-paid getaway for two to the Maldives! Reply 'Yes' to enter the draw,1
Limited time offer! Reply 'YES' to claim your brand new Samsung Galaxy S23 and a free streaming subscription for 6,1
"Hurry! Limited time offer: upgrade your smartphone with the latest Samsung Galaxy S21 for just £299, plus free",1
Exclusive offer for you! Enter our raffle and win a brand new Apple Watch Series 7 or a stunning diamond necklace. Rep,1
"Unlock limited-time deals! Reply 'YES' to claim your choice of iPhone 13 or Samsung Galaxy S21, or",1
"Join our exclusive raffle and stand a chance to win a brand new iPhone 13 Pro Max, a luxury weekend getaway or a",1
"Unlock exciting prizes this weekend! Be one of 10 lucky winners to get a brand new iPhone 14 Pro Max,",1
Unlock amazing deals on the latest smartphones! Text 'PHONEDEALS' to 67890 for exclusive offers and free,1
"Unlock unlimited data for a limited time! Upgrade your plan today and enjoy streaming, gaming, and browsing without worries. Reply ST",1
"Unlock your phone's potential with our new app! Boost your gaming experience, increase productivity, and connect with friends. Download now and get",1
Unlock incredible savings! 💸 Get a state-of-the-art smartphone and unlimited data plan at half the price,1
"Unlock hidden benefits with our exclusive app! Get 10% off your favorite brands, access to exclusive events, and more. Download now at",1
Unlock unlimited data access for just $9.99/month! Reply YES to secure your offer now!,1
Unlock unlimited mobile data for just $10/day! Call 1-800-999-0001,1
"Hey there! You won a mystery box filled with tech goodies! To claim your prize, reply ""YES"" to this message and we",1
Attention! Unbelievable offer! Get a chance to win a brand new Samsung Galaxy S22 Ultra just by sharing your Whats,1
Attention! You've won a brand new iPhone 14 Pro Max! Click here to claim your prize and receive it within 7,1
Attention! You've been selected for a special offer. Receive a discounted 5G smartphone and unlimited data plan for,1
Hey there! You could win a brand new gaming console just by following a simple step. Reply 'console' to 9054,1
Hey there! You could be one of the lucky winners of our latest contest! Just send a text to 41111 with the code,1
Unlock your dreams! Win a brand new car by participating in our weekly draw. Text CAR to 90909 to join now,1
Attention! Win a brand new gaming console just by replying to this message! Reply 'win' to 45678,1
You've won a brand new smartwatch! Dial 0905551234 to confirm and receive your prize,1
Attention! You've been selected for a special offer! Win an iPhone X with our new game. Text 'iWin' to,1
"Unlock endless entertainment! Dial 0845-896-5432 for exclusive deals on games, ringtones",1
Unlock amazing deals! Reply with 'YES' to access exclusive discounts on the hottest mobile content. Call 079,1
Unlock amazing offers! Text back with 'YES' to join now. Standard rates apply.,1
Unlock amazing deals on the latest phones and data plans! Text YES to 12345 and join our exclusive club today!,1
Unlock amazing deals! Text BACK for instant access to exclusive offers. limited time offer!,1
"Unlock unlimited fun! Text 'SUBSCRIBE' to 56789 for exclusive deals on games, ringtones",1
Unlock amazing discounts! Text BACK for exclusive deals. Limited time offer!,1
"Unlock amazing deals! Text 'YES' to 5555 to subscribe for exclusive offers on games, apps, and more!",1
"Meet singles in your area, no commitment required. Join now at lovefinder.com/20off for 20% off your",1
"Meet new people instantly! Join our chat community now at chat-connect.co, no registration required. Start chatting and make new friends",1
Greetings! You've won a free smartphone! Reply with 'Claim' to confirm delivery details. Don't miss out,1
Congratulations! You've won an iPhone 14! Reply with 'Claim' to confirm your details for delivery. Standard,1
"Hi there! You've won a free trial of our premium movie streaming service. To activate, reply with'subscribe' and",1
"Hey there! 📱 You've won an exclusive mobile game! To claim your prize, simply reply with 'WIN",1
"Hi there! You've won a free trial for our premium movie streaming service. To activate, reply with 'Yes' before midnight tonight.",1
Meet singles near you! Text 'YES' to 555-555-5555 for,1
Hi there! You've been selected for a special offer! Reply 'YES' to get a free trial of our premium dating service,1
Unlock incredible savings! Reply YES to activate exclusive discounts at your favorite stores. Offer ends soon. Text STOP to cancel.,1
Congratulations! You've been selected for our exclusive online survey and have a chance to win a brand new iPhone 14 Pro,1
"Unlock amazing discounts! Reply 'YES' to get exclusive deals on the latest tech gadgets. Hurry, offer ends soon",1
Unlock unlimited data for just £5/day! Reply YES to this message to activate now. Offer valid for a limited time,1
Unlock incredible savings! Text 'YES' to 41414 to receive exclusive deals from top brands. Limited time offer!,1
"Unlock exclusive deals! Text YES to 41111 to join our VIP club and enjoy discounts on dining, shopping,",1
"Special offer! Limited-time deal: buy one pizza, get one free. Reply 'PIZZA' to 4567",1
Unlock exciting offers and discounts from top brands! Text JOIN to 60777 and get exclusive deals delivered to your door,1
💥 Limited time offer! 💥 Unlock exclusive access to our secret sale section and save up to 70,1
Unlock secret discounts on the hottest fashion brands! Text 'FASHION' to 67890 and get exclusive deals,1
Unlock hidden savings! Shop online at our exclusive store and receive 50% off your first purchase. Use promo code 'BIGSA,1
"Unlock unlimited free internet access! Text 'connect' to 191 to activate now! Limited time offer, don't miss out",1
Unlock secret discounts at popular retailers! Text JOIN to 67890 and get exclusive deals delivered straight to your inbox,1
Unlock unlimited streaming of adult content! Join our exclusive platform for just £4.99/week. Text START to 88,1
🌹 Limited time offer! 💋 Meet hot singles in your area 🔥 for a wild weekend adventure ��,1
Hey there! 😜 You've won a free vacation to paradise! Reply 'YES' to,1
"Hey there, you're a catch! Let's take things to the next level tonight. You know what they say - the night is",1
"🌹Limited time offer! 💥Unlock unimaginable pleasure with a secret, exotic companion tonight!",1
Hot single mom looking for fun tonight! Let's meet up at the bar down the street. Discretion guaranteed. Reply with,1
Meet hot singles in your area tonight! 🔥 Free drinks and flirtatious fun await! Reply now for a chance to win,1
"Discover exotic dancers from faraway lands right at your doorstep! Limited time offer, book now for a steamy night of unfor",1
Welcome to our exclusive club! You've been selected for a special offer: 50% off on your first order with our premium,1
"Congratulations! You've won a luxury holiday! To claim your prize, reply with 'Yes' and provide your full name and",1
"Limited Offer: 50% off on your first order at FabulousFashionStore.com! Hurry, offer ends soon",1
Urgent notice: Your unclaimed tax refund of £350 is at risk! Click here to confirm your details and secure your refund,1
"Attention! You've won a free smartphone! To claim, reply with your full name and address to [number] within 2",1
"win!: congratulations! you've been selected to receive a free smartphone. to claim, reply with your full name and address",1
"Attention! Unclaimed prize alert: You've won £1000 in our recent sweepstakes. To claim, reply Y",1
Unlock your potential! Boost your phone's speed and storage with our exclusive offer! Reply YES to 67890,1
Unlock the power of cryptocurrency! Earn 5 BTC instantly by signing up and verifying your identity! Reply 'YES,1
Hey there! You've been selected for an exclusive offer! Get a free smartwatch with a 12-month subscription to our premium,1
Urgent! Your Amazon account balance shows an unspent amount of £200. Call 0203 12,1
"Unlock your phone's potential! Upgrade to our latest software for faster speed, better battery life, and exciting new features. Reply Y",1
Private! Your 2023 account statement for shows 1000 un-redeemed loyalty points. Call 078,1
Unlock unlimited mobile internet for just £10/month! Reply 'YES' to activate now.,1
Limited time offer! Win a luxury vacation for two. Reply with 'Vacation' to enter. Don't miss out!,1
Unlock unlimited streaming of your favorite movies with our exclusive offer! Dial 0908567890 to activate now,1
"Unlock amazing deals and offers, just for you! Reply YES to opt-in. Msg & data rates may apply",1
Attention! Win big with our daily lottery! Dial 90909090 to participate. Standard call rates apply,1
Unlock unlimited data access for just $9.99/month! Reply STOP to opt out. Standard rates apply. Offer,1
Win big with our lottery! Dial 09082564321 for your chance to win £,1
Unlock incredible savings on your electricity bill! Call 09055555555 for exclusive deals. Standard,1
Unlock the secret to a million dollars! Text 'WIN' to 9000 for your chance! Standard rates apply.,1
"Win a free vacation! Reply with your name and contact info for a chance to escape to paradise. Limited time offer,",1
Upgrade to a sleek Samsung Galaxy with unlimited data and talk time for just $50/month! Reply YES to,1
Unlock unlimited calls and texts for just $10/day! Sign up today and receive a free Bluetooth headset*. Reply ST,1
Unlock unlimited talk time and internet with our exclusive iPhone X deal! Reply to this message for a special offer on unbeatable data packages,1
Unleash endless calls with our latest smartphone offer! 📞️💬 Text 'Deal' to,1
"Unlock unlimited entertainment with our latest smartphone deal! Get a high-performance device at half price, plus free streaming service for 6",1
Unlock the latest Samsung Galaxy A32 for just £99! Limited stock available - act now to secure your discount. Dial 0,1
Exclusive offer! Upgrade your phone with free bluetooth and 5GB data for just £20/month. Reply YES,1
"Unlock unlimited calls & texts with our special offer on Vodafone plans. Get the latest Samsung, LG, and Apple devices with",1
Unlock your dream phone! Win the latest iPhone 13 Pro Max and enjoy unlimited calls for a month. Reply YES to confirm,1
Unlock the secrets of financial freedom! Get instant access to 5 investment strategies that could change your life. Reply YES to learn more.,1
Limited time offer: upgrade your phone to the latest Samsung Galaxy S22 for just £99! Reply YES to secure yours now!,1
Win an all-inclusive vacation to Bali! Reply YES to confirm your entry. Limited spots available. Offer ends soon!,1
Unbelievable offer! Get a free subscription to our premium entertainment channel for a month! Simply text 'YES' to 45,1
Win an iPhone 14! Reply with 'YES' to enter. Limited time offer! Hurry up! 891,1
Hey there! Unlock unlimited access to our exclusive entertainment library! Text 'Unlock' to 98765 for your free trial,1
Attention! You've been selected for an exclusive offer! Receive a free 30-day trial of our premium streaming service!,1
"Hurry! Win a brand new smartphone now! Reply ""WIN"" to 99001 to enter. Limited time offer",1
"Unlock amazing deals! Text 'DEALS' to 45678 and get exclusive discounts on fashion, tech, and more",1
Meet singles in your area! Text YES to 98765 and find love today. Meet people near you now!,1
Special offer! Win a brand new smartphone. Text 'Lucky' to 78945 and be entered into the draw.,1
Unlock endless entertainment with our exclusive streaming service! Get a 30-day free trial at m.entertain.me/join now!,1
Unlock amazing deals on the latest smartphones! Text START to 63456 and receive exclusive offers straight to your inbox.,1
your bank account has been flagged for suspicious activity. call 0800 123 4567 to secure your funds,1
Your subscription for our monthly wellness box is about to renew. Click link below to manage your subscription or reply STOP to cancel.,1
"Don't miss out! Special offer on designer sunglasses, limited time only! Visit our store at [website link] and get",1
Attention valued customer! You've been selected for a special offer on our latest smartphone models. Upgrade now and enjoy unlimited data,1
Attention: Your account status has been updated. Dial 0330 123 4567 immediately for more,1
Attention! You've been selected for an exclusive offer. Upgrade your home entertainment with our 4K Ultra HD Smart TV.,1
Unlock secret deals! Text 'YES' to 5555 to join our exclusive club. Limited time offer! #Deals #,1
"Hey there! You've won a free ringtone! To claim, call 08716543210",1
"Unlock amazing deals! Text YES to 90955 for exclusive offers on ringtones, games, and more!",1
Unlock amazing deals on latest ringtones and games! Text START to 87101 now.,1
"Unlock unlimited fun! Dial *#12345# for exclusive deals on games, ringtones, and more! Limited",1
Special offer! Unlock your phone's potential with our latest apps. Visit www.mobileunleashed.com/dealnow to,1
Hey there! Win a brand new iPhone X! Reply with 'Yes' to confirm your entry. Terms & Conditions apply. Good luck!,1
Unlock endless fun! Text 'YES' to 9001 to play games & win prizes. Standard rates apply. 1,1
"Unlock amazing deals! Reply YES to 87654 to receive exclusive offers on the hottest smartphones, fashion,",1
"Hey there! You've won a free subscription to our premium movie streaming service. To activate, reply with 'Yes' and provide your phone",1
"Unlock endless fun! Dial *99# for a chance to win daily prizes, limited time offer!",1
Congratulations! You've won a brand new smartphone! Reply YES to claim it. Standard message rates apply.,1
Hey there! 🌟 Your lucky day! Win a brand new iPhone 14 Pro Max just by replying YES to this,1
"Hey there! 👋 Exciting news! You've won a free trial of our premium movie streaming service, 'C",1
Hey there! Your recent online purchase is on its way! Tracking number: TZ123456. Enjoy your new item!,1
Meet singles in your area! Reply 'yes' to get started with flirty conversations. Text'stop' to cancel.,1
Unlock exclusive offers! Reply YES to get 50% off your next pizza order. Offer valid for limited time only. Text,1
"Get your hands on a brand new iPhone 14 Pro Max! Simply reply with your full name, age, and current mobile number to confirm",1
Join our exclusive VIP club! Get 50% off your next purchase! Text 'VIP50' to 901,1
Congratulations! You've been selected for an exclusive offer! Reply to receive a free gift! Don't miss out!,1
Unlock free data! Quick reply: What's the largest planet in our solar system? Reply STOP to opt-out.,1
"Win a brand new iPhone 13! Reply with your favorite color to confirm participation. Hurry, offer ends tonight!",1
"Unlock your fortune now! Dial *999# to access the hidden treasure, hurry before it's too late!",1
Attention! You've won a free weekend getaway to a luxurious spa resort. Reply 'Yes' to claim your prize,1
Unlock exclusive deals on the latest smartphones and gadgets! Text 'YES' to 67890 to receive daily offers,1
Win an iPhone 14 Pro Max! Enter our free competition now! Reply with 'WIN' to 079,1
"Unlock your phone's full potential! Upgrade to our premium plan for faster speed, unlimited data, and exclusive deals. Text 'UP",1
Attention! Exclusive offer for you! Dial *#12345# and win a free holiday to Bali! Limited time,1
Join our exclusive members-only casino club! Win big jackpots and enjoy daily bonuses. Text 'Lucky7' to 8,1
"Attention! Unclaimed prize alert! You've won a brand new iPhone 14 Pro Max worth £1,599!",1
Unlock hidden savings! Join our secret shopping club and receive exclusive discounts at top brands. Text JOIN to 60777.,1
"Luxurious yacht cruise on the Mediterranean this weekend! Meet charming, wealthy individuals like you. Secure your spot now before it's",1
Instant pleasure awaits! Meet hot singles near you for a wild night of fun. Reply now to secure your spot!,1
"Hey there, looking for some excitement? Join our exclusive club and meet like-minded individuals for thrilling adventures every week! Reply 'Y",1
🌹🌹Limited time offer! 50% off on all lingerie for the next 2,1
"New luxury apartments available now! Live in style and comfort, just steps away from the city center. Reply for more details!",1
Meet hot singles in your area! Text 'YES' for instant matches and steamy conversations 😜,1
Attention! Your Amazon order #1234567890 has been shipped. Track your package at amazon.co,1
Win a brand new car! Play our lucky draw game today. Call 08719180219 for a chance to,1
alert! your latest monthly bill for mobile services is due. log in to your account at mymobilebill.com to make a payment or,1
"Hi there! You've won a free week of gym membership at FitnessMax! To claim, visit our website and enter code WON",1
Unlock amazing deals at your favorite stores! Text 'Deals' to 60777 for exclusive offers. Offer ends soon!,1
Attention! You've been selected to win a brand new iPhone X. Claim your prize by clicking this link: winiphonex,1
"Special offer! Upgrade your phone plan now and get double the data for the same price, limited time offer. Reply YES to",1
"Congratulations! You've been selected to receive a free smartphone! To claim, reply 'Yes' and provide your full name",1
Unlock unlimited data! Reply YES to get 10GB data for just £10/month! Offer ends soon!,1
"Special offer! Upgrade your phone and get unlimited calls, texts, and data for just £20/month. Reply 'Y",1
"Quick deal! Upgrade your phone with our latest model, including unlimited internet and 500 minutes for just £15/month",1
Limited offer! Upgrade your phone to a 4G smartphone with free monthly data and calls. Reply YES to 0,1
"Limited offer! Upgrade your phone now and enjoy unlimited calls, texts, and data for just £15 per month. Reply",1
"Limited time offer! Upgrade your phone with a sleek new model, get 1000 minutes, unlimited texts, and",1
Win a brand new iPhone 13! Call 09082345678 now for details! Standard,1
Win a brand new iPhone 14 Pro Max! Reply 'Yes' now to enter the draw. Winner announced next,1
Win big! Join our lottery now! Dial *99# for a chance to win a brand-new car!,1
sms. ws lottery: win a brand new car! call 09066789012,1
Unlock incredible savings on your energy bills! Switch to Green Energy Provider now and enjoy up to 30% off! Reply 'SW,1
Win big! Text 'LUCKY' to 456789 for a chance to win a brand new,1
Unlock your phone's full potential with our premium app! Reply YES to activate now. Standard rates apply.,1
"Win a brand new iPhone! Text 'LUCKY' to 67890, standard rates apply. Hurry, offer",1
Unlock unlimited talk & text with our latest smartphone offer. Call us now at 0800-999-12,1
"Unlock unlimited calls and texts with our latest smartphone offer! 50% off monthly plan, free Bluetooth headset, and a",1
Unlock the power of 5G! Upgrade to our latest smartphone with 12GB data & unlimited calls for just £2,1
Unlock unlimited streaming with our new smartphone! 📱📺 First 50 subscribers get a free,1
"Unlock amazing savings! Get a free Samsung Galaxy A51 with 6 months half-price line rental, 500 free X-",1
"Unlock amazing savings! Get a brand new Samsung Galaxy S21 with 50% off monthly rentals, 1000 free",1
Upgrade your mobile experience with a Samsung Galaxy A52 for just £150! Includes unlimited data and 100,1
Unlock unlimited talk & text with our latest smartphone offer! Call 09034567890 for details &,1
Win an iPhone 13 Pro Max! Limited time offer! Reply YES to confirm your entry. Standard text rates apply. 1,1
Limited time offer: get unlimited calls and texts for just £15/month on our new Vodafone Red Plan! Plus,1
Unlock unlimited data and calls for just £15/month with our new sim-only plan! Reply YES to activate now,1
"Unlock amazing deals! 50% off all Samsung Galaxy phones and free shipping on orders over £50. Hurry, offer ends soon",1
Unlock endless internet on your phone! 50GB data plan for just £10/month. Upgrade now at dataunlimited9,1
Unlock unlimited data and free calls for 30 days on our latest smartphones! Reply YES to 67890,1
"Unlock 5GB data, 1000 minutes, and 5000 texts for just £10/month with our",1
Unlock unlimited data & international calls on our latest smartphones! Limited time offer. Claim your free sim card now by texting 'unlock,1
Unlock incredible discounts on your next shopping spree! Reply YES to join our exclusive VIP club. Limited slots available. Hurry,1
Unlock amazing discounts at your favorite stores! Text 'DEALS' to 90909 to join now. Limited time offer,1
Unlock a secret sale! Text 'DEAL' to 98765 and be the first to know about exclusive discounts on trend,1
Unlock hidden prizes! Play our lucky number game now. Text 'Lucky' to 67890 and win exciting rewards daily,1
"Unlock unlimited free data! Reply YES to 9999 for instant access. Hurry, limited time offer!",1
Unbelievable offer! Text 'WIN' to 98765 and get a chance to win a brand new iPhone 1,1
Unlock incredible savings! Reply 'YES' to get exclusive deals on the latest smartphones. Limited time offer! Text STOP to opt,1
Unlock endless fun with our new mobile game! Join now and get a chance to win exciting prizes! Text 'Join' to 98,1
Meet the love of your life this weekend at our speed dating event! Book your spot now at www.speedmeet.com,1
Don't miss out on our limited-time offer! 🎁 Get 50% off your first order at [Store,1
Don't miss out on our limited time offer! Get a free fitness tracker worth £99 with every purchase over £100,1
"Special offer on limited edition smartphones! Visit www.techdeals.co.uk before they sell out! Hurry, offer ends tomorrow",1
"Limited-time offer! Unlock 50% off on your next online purchase at [StoreName].com. Hurry, this",1
Get ready for an amazing deal on designer sunglasses! Visit www.shades.deals.com now and grab your favourite pair before,1
Attention! Your recent purchase is eligible for a free upgrade! Reply YES to 123456789 to,1
Exclusive offer! Get a 50% discount on designer sunglasses at www.shadesworld.com. Limited time only!,1
"Unlock hidden deals! Text 'YES' to 69369 for exclusive offers on the latest phones, games, and more!",1
Unlock incredible savings! Dial 0845 862 0001 for exclusive deals on mobile accessories. Hurry,1
"Unlock amazing deals! Text 'YES' to 89888 for exclusive offers on the hottest mobile apps, games,",1
Unlock amazing deals on the latest mobile apps! Text 'APPS' to 60777 for exclusive offers.,1
"Unlock hidden deals! Text YES to 9999 for exclusive offers on the hottest mobile apps, games, and more!",1
Unlock exciting offers! Text 'YES' to 4567890 to join our VIP club. Standard rates apply.,1
Unlock exclusive deals! Text 'Yes' to 8888 to opt in for daily offers.,1
Unlock secret deals! Reply with 'YES' to join our VIP club. Exclusive offers await!,1
"Hi there, you've won a free trial of our premium movie streaming service! To activate, reply with 'yes' and provide your phone",1
Hey there! Your lucky number draw entry is confirmed. Stand a chance to win a brand new smartphone! Check your email for,1
"Greetings! You've won an amazing prize! To claim it, reply 'yes' to this message. For more information, visit",1
"Hi there! You've won a free mobile game! To download, simply reply with 'YES' and follow the prom",1
Unlock a mystery getaway! Dial 0800-123-4567 to claim your secret travel package.,1
"Congratulations! You've been selected for an exclusive shopping spree! Spend up to £500 on designer items,",1
"Dear valued customer, enjoy 50% off on your next online purchase with our exclusive promo code. Limited time offer! Hurry up",1
Attention! Unclaimed inheritance from a distant relative. Contact us at 07534567890 to verify,1
Congratulations! You've been selected to receive a free smartphone upgrade! Reply with 'Yes' to confirm and get more,1
"Congratulations! You've been selected for a free iPhone X! To claim your prize, reply with 'Yes' and provide your",1
Unlock endless fun with the latest Temple Run 2 game! Text RUN to 7890 to start playing now!,1
"🎮 Exciting news! Grab the latest ""Angry Birds 2"" game for just £2.99",1
Exclusive offer! Play the thrilling 'Tomb Raider' game on your mobile. Text 'Lara' to 778,1
"Limited offer: Unlock amazing 3D graphics with our newest game, 'Racing Rivals'. Test your skills and speed against real",1
"Unlock thrilling action with the new Batman: Arkham City game, available now on your phone! Text batman to 777",1
"win free tickets to the latest action movie premiere! text ""movie"" to 67890 for your chance!",1
Unlock endless fun with our exciting new game 'Bubble Pop Mania'! Text POP to 90909 for instant access,1
Unlock endless fun with our exclusive 'Angry Birds Space' offer! Text ABS to 77889 for a thrilling,1
"Attention: You've won a brand new smartphone! To claim, reply 'Accept' and provide your delivery details.",1
Hi there! You've won a free 30-day trial for our premium movie streaming service. Start enjoying unlimited movies,1
Unlock new features on our app! Reply with 'YES' to receive a special offer. Offer ends soon.,1
Win a brand new phone! Subscribe to our monthly plan and get a chance to win. Text YES to 12345,1
"**Limited time offer!** Upgrade your gaming experience with our premium subscription. Get exclusive benefits, including ad-free gaming and priority access to",1
*Limited offer* Upgrade your phone's security with our advanced antivirus software. Install now and get a 3,1
Hi there! You've won a free 7-day trial for our premium fitness app. Start transforming your workouts today! Rep,1
"Hey there! You've won a free 7-day trial on our premium movie streaming service! To activate, reply with 'START' within",1
Congratulations! You've been selected for an exclusive Apple Watch giveaway. Reply YES to claim and for,1
"Congrats! You've been selected to receive a free smartphone. To claim, reply YES by end of day. Ch",1
Congrats! You've been selected for our exclusive VIP club with amazing deals and discounts! Reply YES to activate now,1
Congratulations! You've been selected to receive a free smartphone! Activate now by replying YES to this message. Standard,1
"Congratulations! You've been selected for a special offer: a brand new smartphone, just £50 upfront, £",1
Congrats! You've been selected for our exclusive customer reward program! Get 20% off your next purchase at [StoreName],1
Congrats! You've been selected for our weekly lottery draw! Win up to £500 instantly. Reply,1
"Congratulations! You've been selected for a free smartphone trial. Reply YES to activate, standard rate applies. End",1
"Hey there! You've won a brand new smartphone! Reply to this message to claim your prize and receive further details! Hurry,",1
"Hey there, enjoy a limited-time offer on our premium mobile gaming package! Reply YES to get access to exclusive games and a free",1
"Unlock the mystery of your future with a special psychic reading, limited time offer, reply now to claim yours!",1
Hey there! 🌟 Your lucky day! 🤑 Win a brand new iPhone 14 Pro Max just by participating,1
"Unlock a hidden fortune with our secret code! Text 'Lucky7' to 5566 for your chance to win big, hurry",1
Unlock the mystery of your future with a psychic reading! Text 'FORTUNE' to 4678 to connect with our,1
"Unlock amazing discounts on your favorite brands! Reply YES to get started, or dial *345# for more info. Limited",1
"Hey there! Don't miss our special offer for limited-edition Christmas phone cases, just $10! Text 'YES' to",1
"Win a brand new smartphone! Reply with your full name, phone number, and email address to enter the draw. Hurry, limited",1
Win a brand new iPhone XS! Text 'LUCKY' to 90123 and be entered into our weekly draw,1
Hey there! 🌞 Wanna win a brand new smartphone? Just text back your name and email to join our exclusive raff,1
"Win a brand new iPhone 14! Reply with your full name and email address to claim your free entry. Hurry, offer ends",1
"Attention! Limited time offer: claim a free 30-day trial of our premium streaming service with unlimited access to movies, music",1
Hi there! You've won an amazing prize! A brand new smartphone is waiting for you. Just text back your full,1
"Win a brand new iPhone 13 Pro Max! Reply with your full name and phone number to confirm entry. Hurry, contest ends",1
Hey there! Exclusive offer on limited-edition smartphone cases. Reply with your number to receive a special discount code. Don,1
Unlock unlimited gaming fun! Reply YES to 98765 and get a FREE trial of our premium gaming app. Game,1
"Unlock secret deals! Text YES to 46789 to join our exclusive VIP club and get access to special offers, discount",1
Unlock the secrets of winning big! Join our lottery now and get a chance to win millions. Reply START to 909,1
Unlock exclusive deals on the latest tech gadgets! Reply 'YES' to 67890 for access to,1
Unlock exciting discounts on your favorite brands! Text 'Deals' to 67543 for instant access. Limited time offer!,1
Unlock unlimited music streaming! Dial *5678# now and enjoy free music for 30 days. Offer ends soon,1
Unlock the secret to a prosperous life! Dial 888-999-0001 now for daily fortune tips,1
Unlock exclusive deals on the latest tech products! Text 'TECHDEALS' to 46789 and get a chance to,1
Congratulations! You've been selected for a special offer! Dial *123# to activate your free trial of our,1
"Dear valued customer, to unlock exclusive discounts on our latest smartphone models, text 'YES' to 123",1
"congratulations! you've been selected for a free Samsung Galaxy S22 Ultra. to claim your prize, reply with your name",1
"Hi there, enjoy a free trial of our premium streaming service by texting ""START"" to 12345. Offer ends soon",1
Hello! Exciting news! You've been selected for a special Amazon giveaway! Win a brand new Kindle e-reader!,1
receive 50% off your next pizza order! visit our website and use promo code PIZZA50 at checkout. offer,1
"Hi there! To unlock a secret surprise, text 'YES' to 1900 and reply to the confirmation message. Exclusive",1
"Congratulations! You've won a free 3-month premium Netflix subscription. To claim, simply visit www.netflixwin",1
"Congratulations! You've won a free year of premium Netflix subscription. To claim, simply reply 'Claim' to this message and",1
Unlock exclusive deals and offers! Text JOIN to 90010 to subscribe and start saving!,1
"Unlock hidden benefits! Dial *#12345# to access exclusive offers on airtime, data, and more. Don",1
Unlock unlimited fun! Dial *#783# to play our exciting games and win amazing prizes instantly!,1
"Congratulations! You've won a brand new smartphone! To claim, simply call 1-800-WIN-",1
"Attention! You've won a free monthly subscription to our premium service. To claim, reply with 'activate' to this number by end",1
Attention: limited time offer! Text the code 'SUMMER10' to 12345 to receive a,1
Hey there! 🌟 Exclusive offer just for you! 🎁 Upgrade your phone's ringtone,1
Hey there! 🌟 You've been chosen for a special offer! 🎁 Unlock exclusive discounts on our,1
💫Unlock exciting deals! 📱 Dial 08712405060 for,1
<forwarded from 448712404000> your number was randomly selected for a chance to win £5,1
Exclusive offer! Limited time discount on our premium fitness app. Click link below to claim. Unsubscribe at any time. Terms and conditions apply,1
"Hi there! 😃 You've won a free dinner voucher worth £50! To claim, simply reply Y",1
Hey there! You've won a free trip to Bali! Call 08712400000 now to claim,1
Hi there! You've been selected to receive a special offer on our premium ringtones. Dial 0908 12,1
"Hey there, surprise! Your long-lost relative has left you a fortune! Claim your inheritance now by contacting our hotline",1
Hey there! You've been selected for an exclusive prize draw! Win a brand-new iPhone 14 or £500 cash,1
Hey! 💥 Unlock a world of surprises with our exclusive lottery draw! 5 lucky winners will receive a brand,1
"Hot deal alert! Limited time offer: buy one phone case, get one free! Call now to place your order at 0789",1
Hey there! You've won a surprise gift! Unwrap it now by visiting our website at [website link]! Don't,1
Hey there! Win amazing prizes in our exclusive raffle! Just text 'LUCKY' to 89000,1
Hey there! You've been selected for a chance to win a brand new iPhone 14! Reply 'YES' to confirm,1
Hey there! Win big with our daily lottery draw! 5 lucky winners every day! Reply 'Yes' to join now!,1
Meet hot singles near you! Text back for free matches 💘 📞 0908 1,1
Hey there! 🌞 Enjoy the sunshine with our exclusive offer! Get 20% off your next purchase at SunnyDay,1
Unlock secret savings! Text 'DISCOUNT' to 5566 and get exclusive offers on the hottest deals!,1
"Hey there! 🌞 It's your lucky day! Win a brand new iPhone 14 Pro MAX worth £1,5",1
"Hey there! 🌞 You've won an amazing iPhone 14! To claim your prize, reply with 'Yes",1
Hey there! It's a fantastic offer! Buy our latest smartwatch now and get a free pair of wireless earbuds! Hurry,1
Hey there! 🌱🌿 Just wanted to share our latest offer - get 25% off all organic products,1
Hi there! Enjoy a 50% discount on your favorite pizza place this weekend! Order now and use code 'PIZZAPARTY,1
Hey there! Exciting news! You've been selected for an exclusive offer! Upgrade your smartphone for just £99!,1
"Dear valued customer, our latest promotion offers you a chance to upgrade your smartphone plan for free! Simply reply with ""Yes"" to this message",1
Attention! You've been selected for an exclusive credit card offer. Increase your purchasing power and enjoy rewards. Reply Y,1
"Congratulations! You've been selected for a special offer! Enjoy a free 3-day trial of our premium streaming service,",1
Congratulations! You've been selected for an exclusive offer! Upgrade your phone with our latest model for just £50!,1
Attention! Limited time offer: Get 50% off on your next online purchase! Simply use code 'SUMMER50,1
Join the thrilling adventure of 'Temple Run'! Unleash your running skills and outsmart the dangerous obstacles. Text,1
"Get ready for an epic adventure with ""Angry Birds Space""! Text ABS to 7890 for a free trial!",1
Get ready for an epic adventure! Experience the thrill of 'Temple Run 2' on your mobile now. Text 'RUN,1
Unlock limitless fun with our exclusive Bejeweled Blitz game! Text 'blitz' to 7890 now and start,1
"Unlock amazing adventures with the exclusive ""Temple Run: Brave"" game! Text TEMPLE to 7788 for immediate download",1
"Get ready for an exciting adventure with ""Temple Run 2""! Download now and experience endless running, amazing obstacles, and stunning graphics",1
Unlock endless fun with the exciting Temple Run 2! Text 'Run' to 7890 to download now!,1
Unlock limitless fun with our exclusive Sonic Dash game! Text SONIC to 7890 for instant download and join millions,1
Hey there! Your monthly subscription to our exclusive movie club has been renewed. Enjoy unlimited streaming of the latest blockbusters.,1
Daily horoscope updates now available! Text SAGITTARIUS to 5555 for free weekly,1
Your daily horoscope is ready! Text HORO to 1234 for a personalized reading. Blessings,1
Join our exclusive lottery now! Win a brand new smartphone! Text WIN to 123456 to enter,1
"Dear valued customer, you've won an exciting prize! To claim, reply with 'WIN' and your unique code: ABC12",1
"Unlock your phone's potential! Upgrade to our premium plan for just $2.99/week. Double your storage, enhance your",1
"Congratulations! You've won a free smartphone! To claim, reply YES to this message and provide your address. Ch",1
"Exclusive offer: Get 20% off your next online purchase with code SUMMER20. Hurry, offer ends tomorrow",1
Hello there! 🎉 Exciting news! You've been selected for a special offer! Get your hands on a brand new smartwatch at,1
Congratulations! You've been selected to receive a free smartphone! Reply YES to activate and we'll send a,1
congratulations! you've been selected for a free vacation package. claim it now at www.dreamholidaysnow.com/,1
"Congrats! You've been selected for a special offer: a free 3-month trial of our premium streaming service, valued at",1
Congratulations! You've been selected for a free smartphone upgrade. Reply YES to claim now. Standard network rates apply,1
"Congratulations! You've been selected to win a brand new smartphone! Reply YES to claim, or ignore",1
Congratulations! Your daily lottery ticket number 7325 has won a grand prize of £1000! To,1
Congratulations! You've been selected to receive a free smartwatch! Claim yours now at winsmartwatch.com/code:,1
You've won a brand new iPhone! Reply to confirm your details and claim your prize!,1
Unlock hidden lottery winnings! Reply now to claim your prize and get rich instantly!,1
Unlock a hidden fortune! Reply 'yes' to receive your personalized code for a chance to win 1 million dollars! Don't,1
Hey there! 😃 You've won an amazing 🏆 surprise gift package! Just reply to confirm your details to,1
"Hey there! You've won an amazing Samsung Galaxy S22! To claim your prize, just reply with your full name,",1
Unlock the mystery of your lucky numbers! Text 'WIN' to 555-5555 for a chance to win big!,1
Meet someone new tonight! Reply with 'yes' to receive a match and chat details. Don't miss out!,1
Hey there! 😜 We have an amazing offer just for you! Reply with your email and be the first to get a,1
"Exclusive offer! Win a brand new smartphone! Reply with your full name and phone number to enter. Hurry, contest ends soon",1
Unlock amazing deals and exclusive offers from our premium partner brands! Text 'YES' to 90123 and join our VIP,1
"Special offer: win a free smartphone! Reply with your name and phone number to enter the draw. Limited slots available, don't",1
Unlock limitless entertainment! Reply with your number to claim your exclusive 7-day free trial of our premium streaming service. Don't,1
"Hey there! 😜 You won a free Amazon voucher worth £100! To claim, reply with your full",1
"Win a brand new smartphone! Reply with your name and phone number to enter the draw. Limited spots available, act now!",1
Special offer: win an all-inclusive holiday for two to Bali! Reply with your name and phone number to enter the draw.,1
"Unlock unlimited fun! Play your favorite mobile games for free, no strings attached. Reply YES to 98765 and",1
Limited time offer! Win a brand new smartphone by texting 'LUCKY' to 78945. You could,1
Unlock amazing discounts on your favorite brands! Text 'Deals' to 67549 and save big today!,1
"Unlock unlimited entertainment! Reply YES to access exclusive games, music, and videos. Offer ends soon, don't miss out",1
congrats! you've won an all-inclusive vacation to Bali! reply YES to confirm and receive details. offer ends in,1
special offer! win a brand new smartphone by joining our mobile quiz game. text JOIN to 78546 now and,1
"Win a brand new smartphone! Simply reply with 'YES' to this message to enter the draw. Limited time offer, don't",1
"Special offer! Unlock limitless data for just £10/week. Reply STOP to unsubscribe. 18+,",1
Congratulations! You've been selected to receive a free 3-month subscription to our premium fitness app. Visit www.fitlife,1
"for limited time only, upgrade your phone plan and get free streaming service for 6 months. reply START to 12345 to",1
"Unlock limited time savings! Visit http://www.specialdeals.com/todayoffers. Remember, offer ends soon!",1
"Unlock the secret to a happier, healthier life! Visit our website at www.wellness-tips.net for daily tips and",1
"Attention! Limited time offer: upgrade your phone with the latest Samsung Galaxy S22 now! Reply STOP to opt-out,",1
"Hello! Exciting news! You've been selected for a free 3-month trial of our premium streaming service! To activate,",1
Unlock the secrets of financial prosperity! Dial 09063781234 for exclusive tips & daily predictions.,1
Greetings! Dial 09063456789 now to win an all-expenses-paid trip,1
Unlock the secret to winning big! Dial *WIN# for a chance to win up to £500 daily. Terms apply.,1
Unlock your phone's potential! Dial *#06# for free and get exclusive deals. Visit www.UnlockMyPhone.com,1
Unlock now! Dial *#333# for a secret surprise. Limited time offer. Don't miss out!,1
Unlock unlimited calling for a week! Dial *#12345# now to activate the offer. Limited time only!,1
"Unlock a secret deal! For 24 hours only, enjoy 30% off on your next order at [store_name]. Visit",1
"Your mobile number has been selected to participate in our exciting new game show! To win a brand new smartphone, simply text ""PLAY"" to",1
"Congratulations! You've won a free vacation! To claim, reply with 'Claim Vacation' and provide your contact details",1
Unlock unlimited internet access for a week! Dial *#06# now and get instant access. Offer ends soon!,1
Win big with our daily lottery! Dial *123# now to play and stand a chance to win millions! Standard rates apply,1
"Unlock hidden discounts! Shop now at [website].txt STOP to opt out, 18+. T&Cs apply",1
Special offer: get 50% off your next purchase at our store! Just text 'YES' to 99999 and,1
Hi there! You've been selected to win a brand new smartphone! Reply YES to this message to claim your prize and receive,1
Attention! You've won a free holiday package to exotic Bali! Call 08712400602,1
Win a free vacation! Reply yes to confirm your entry and share this message with 3 friends. Standard message rates apply. 18,1
"Unlock 500MB data instantly! Dial *#789# to activate, valid for 30 days. Reply",1
Hello there! 🌱 Enjoy a FREE trial of our new eco-friendly subscription box! Discover sustainable products and support local art,1
Hey there! You've been selected for a special offer: a 5-day all-inclusive vacation in Bali! Reply,1
"Hey there! You've won a free iPad! To claim your prize, simply reply with 'Yes' and provide your delivery address. Don",1
"Hey there! Big surprise! You've won a free iPhone 14! To claim your prize, simply reply with your full name and",1
Hey there! Exclusive offer just for you! Join our luxury car giveaway! Text WIN to 67890 to enter.,1
Hey there! 🌟 Win an all-expenses-paid trip to Bali with our latest contest! ���,1
Hot deal! Limited time offer: get 50% off on your next pizza delivery. Use code 'PIZZA50' at,1
Hot offer! Win a luxury weekend getaway in the Alps for two! Reply YES to confirm your entry. Don,1
Hey there! You've won an exciting weekend getaway! Call now on 0902 567 890,1
Hello! 🌟 Discover amazing deals on the latest tech gadgets! 💻📱 Text,1
Attention! Your account is about to expire in 2 days. Renew now to avoid interruption of service. Reply REN,1
Discover amazing deals on the latest smartphones! 📱💸,1
"Unlock secret savings! Text 'deal' to 67890 for exclusive offers on trending products! Hurry, limited time",1
Hey there! It's Jack from the local pizza place. We're running a special this weekend - buy one get one free on all p,1
Hi there! 😃 It's your lucky day! Win £1000! Text YES to 87,1
"55555 from 55555: Win a free vacation! Reply ""Yes"" to enter, limited",1
Exclusive offer! Increase your savings with our limited-time interest rate reduction on personal loans. Apply now at [website] or call,1
Hello! Exciting news! You've been selected for an exclusive opportunity to win a brand-new iPhone 14 Pro Max!,1
"Dear valued customer, enjoy an exclusive 50% discount on your next online purchase. Limited time offer, use code 'SPRING",1
"Unlock amazing savings! Reply YES to receive exclusive discounts on your favorite brands. Limited time offer, don't miss out!",1
Attention! Limited-time offer: Get 50% off on your next online purchase! Use code SUMMER50 at,1
"Congratulations! You've been selected for an exclusive credit card offer! Unlock unlimited rewards, cashback, and more.",1
Hi there! 🌟 You're one step closer to winning a brand-new smartphone! Reply 'YES,1
URGENT: Your lottery number 833 was drawn. what are the next steps for my prize?,1
congrats you have won cash prize. winning ref 512. what must i do now?,1
i got the winning ticket 759. tell me how to get the money.,1
My number 241 was a winner. wot do I do to claim?,1
خبر عاجل: تم سحب رقمك 119. ماذا أفعل لاستلام الجائزة؟,1
Your phone number was selected! Winning code 888. How to proceed?,1
A prize is waiting for you. Your number is 602. What do I do?,1
I have been told i won the draw. ref number 337. what do i do?,1
"you won the big prize, code 991. what do i do to get it?",1
"my wining number is 478, how do i get my reward?",1
information: your number 105 has won. what should i do now?,1
I have the lucky number 523. How do i collect my winnings?,1
BIG WIN! Your code is 214. What are the next steps?,1
I won the prize draw with number 808. wot happens next?,1
my number 665 came up. how can I get the prize?,1
You are a winner! Number 903. Tell me what to do.,1
the winning number is 411 and it is mine. what to do?,1
I have won the jackpot. ref 720. guide me on the next action.,1
URGENT WIN NOTIFICATION! Number 586. what is required from me?,1
"My number, 399, was selected. How do I complete the process?",1
I won! The number is 207. What do I do from here?,1
Notification of winning. Number 842. How do I get my prize?,1
"congratulations, your number 113 won. what now?",1
Your lucky number 776 has won. What are the next instructions?,1
I won money. The winning number is 534. what is the next step?,1
Prize alert! Your number 691 was chosen. How do I claim it?,1
I am a winner. My number is 301. what do i do?,1
the draw selected my number 952. how to claim prize?,1
URGENT WINNER: Number 488. What is the procedure?,1
My number 276 won a prize. What's the process to get it?,1
I have a winning entry: 640. What action do I need to take?,1
Your phone number is a winner! Ref 121. What is the next move?,1
i won the lottery. winning num 875. what should I do?,1
Winner announcement! Your number is 353. what do i do next?,1
my number 509 was selected for the prize. what is next?,1
They said I won with number 717. How do I get the money?,1
Your number 924 has won a significant prize. What do I do next?,1
I have won. The number is 444. How do I proceed?,1
Winning notice for number 239. What are the claim instructions?,1
You've won! Your number: 618. wot do i do to get it?,1
My ticket 147 is a winner. What steps do I take?,1
Cash prize won with number 890. What is the process?,1
Your number 313 has won. Tell me the next steps.,1
I've won a prize. My winning number is 555. What comes next?,1
URGENT: You won. Number 781. what do i do now?,1
"The selected number is 402, and it's mine. How do I claim?",1
I have the winning number 298. wot do I do?,1
You've won the prize draw. Your number: 674. How do you want me to proceed?,1
Your number 163 won. What do I do to claim my reward?,1
I won the grand prize. Number 826. What do I do next?,1
"Movie Buff Quiz! In 'The Matrix', what color pill does Neo take? A-Blue, B-Red, C-Green. Send A, B, or C to 555-0101 for your score!",1
"History Trivia! Who was the second president of the USA? A-Jefferson, B-Adams, C-Washington. Text your answer to 888-QUIZ for a prize entry.",1
"Music Challenge: Which band wrote 'Bohemian Rhapsody'? A-The Beatles, B-Queen, C-Led Zeppelin. Reply with A,B or C to 777-WIN.",1
"Science Question! What is the chemical symbol for gold? A-Ag, B-Au, C-Fe. Send your choice to 900-TRIVIA now!",1
"Sports Fact! Which country won the first ever soccer World Cup? A-Brazil, B-Uruguay, C-Argentina. Send your answer (A,B,C) to win!",1
"Geography Quiz: What is the capital of Australia? A-Sydney, B-Melbourne, C-Canberra. Text the correct letter to 123-456.",1
"Literature Challenge: Who wrote 'Pride and Prejudice'? A-Brontë, B-Austen, C-Dickens. Reply to this message with your answer!",1
"Art History! Who painted the Mona Lisa? A-Michelangelo, B-Da Vinci, C-Raphael. Send A, B, or C to 222-ART.",1
"TV Trivia: In the show 'Friends', what is Joey's famous catchphrase? A-How you doin'?, B-Pivot!, C-Oh. My. God!. Reply now!",1
"Science Whiz: What planet is known as the Red Planet? A-Venus, B-Mars, C-Jupiter. Text your answer to 333-SPACE for fun facts!",1
"Movie Mania! In 'Star Wars', what is the name of Chewbacca's home planet? A-Tatooine, B-Kashyyyk, C-Naboo. Send letter to 444-FILM.",1
"80s Music Quiz: Who sang 'Like a Virgin'? A-Madonna, B-Cyndi Lauper, C-Whitney Houston. Text A,B,C to 808-HITS.",1
"Animal Kingdom: What is the largest mammal in the world? A-Elephant, B-Blue Whale, C-Giraffe. Reply with your choice to 111-WILD.",1
"Car Trivia! Which company makes the Mustang? A-Chevrolet, B-Dodge, C-Ford. Send your answer to 555-AUTO.",1
"TV Showdown: In 'Breaking Bad', what is Walter White's alias? A-Heisenberg, B-Cap'n Cook, C-Jesse. Text the name to 789-TV.",1
"Video Game Quiz! What company created the character Mario? A-Sega, B-Nintendo, C-Sony. Reply A, B, or C to join our gamer club.",1
"World Capitals: What is the capital of Japan? A-Kyoto, B-Osaka, C-Tokyo. Send your answer to 234-GEO.",1
"Marvel Trivia: What is Captain America's shield made of? A-Vibranium, B-Adamantium, C-Titanium. Text your choice to 777-HERO.",1
"Classic Rock: Which member of The Beatles was the lead guitarist? A-John, B-Paul, C-George. Reply with the name to 60s-ROCK.",1
"In the movie 'Jurassic Park', what type of dinosaur is the main antagonist? A-T-Rex, B-Velociraptor, C-Spinosaurus. Send A, B, or C.",1
"Pop Culture Quiz: Who is known as the 'King of Pop'? A-Elvis Presley, B-Michael Jackson, C-Prince. Text the correct letter to 121-POP.",1
"Mythology test: In Greek myths, who is the god of the sea? A-Zeus, B-Hades, C-Poseidon. Send your answer now!",1
"Foodie Fun: From which country does pizza originate? A-France, B-USA, C-Italy. Reply with your country choice.",1
"Tech Trivia: Who is the CEO of Tesla? A-Bill Gates, B-Elon Musk, C-Jeff Bezos. Text the right name to 456-TECH.",1
"Cartoon Classic: In 'Scooby-Doo', what color is the Mystery Machine? A-Blue/Green, B-Red/Yellow, C-Orange/Purple. Send A,B,or C.",1
"Movie Quotes: 'I'll be back' is from which movie? A-Terminator, B-Die Hard, C-Rambo. Text your answer to 80s-FLIX.",1
"Literary Giants: Who wrote the play 'Romeo and Juliet'? A-Chaucer, B-Shakespeare, C-Marlowe. Reply with your answer to 999-READ.",1
"Geography Challenge: Which is the longest river in the world? A-Amazon, B-Nile, C-Yangtze. Send the letter to 321-EARTH.",1
"Famous Inventions: Who is credited with inventing the telephone? A-Edison, B-Bell, C-Tesla. Text the correct name to 187-INFO.",1
"TV History: What was the first music video played on MTV? A-Money for Nothing, B-Video Killed the Radio Star, C-Billie Jean. Reply now!",1
"Sports Legends: How many NBA championships did Michael Jordan win? A-5, B-6, C-7. Send your answer (A,B,C) to 23-GOAT.",1
"DC Comics Quiz: What is the real name of Batman? A-Clark Kent, B-Peter Parker, C-Bruce Wayne. Send your answer to be a hero!",1
"Science Basics: What is H2O also known as? A-Salt, B-Sugar, C-Water. Text your answer to 101-CHEM.",1
"Movie Directors: Who directed the movie 'Pulp Fiction'? A-Scorsese, B-Tarantino, C-Spielberg. Reply with the last name.",1
"Car Knowledge: Which German brand uses the slogan 'The Ultimate Driving Machine'? A-Mercedes, B-Audi, C-BMW. Send your choice.",1
"Art Master: Who painted the ceiling of the Sistine Chapel? A-Donatello, B-Raphael, C-Michelangelo. Send the name to 789-ART.",1
"Game of Thrones: What is the name of Jon Snow's direwolf? A-Ghost, B-Nymeria, C-Summer. Reply A,B,C to 888-FANS.",1
"Harry Potter Trivia: What is the name of the Hogwarts headmaster at the start of the series? A-Snape, B-Dumbledore, C-McGonagall. Send answer to 934-WIZ.",1
"Music History: What city is considered the birthplace of Jazz? A-New York, B-Chicago, C-New Orleans. Text your answer to JAZZ-101.",1
"Famous Landmarks: In which city would you find the Eiffel Tower? A-Rome, B-London, C-Paris. Reply with the city name.",1
"Tech Giants: Which company developed the Android operating system? A-Apple, B-Microsoft, C-Google. Send your answer to 411-TECH.",1
"World History: In what year did World War II end? A-1945, B-1918, C-1939. Send the correct year to 194-HIST.",1
"In 'The Lord of the Rings', what is the name of Frodo's best friend? A-Pippin, B-Merry, C-Sam. Send A, B, or C to win a prize.",1
"Space Race: Who was the first human to walk on the moon? A-Yuri Gagarin, B-Neil Armstrong, C-Buzz Aldrin. Reply to 777-SPACE.",1
"Classic Lit: Who is the author of '1984'? A-Huxley, B-Orwell, C-Bradbury. Text the author's last name to 84-BOOK.",1
"Anatomy 101: How many bones are in the adult human body? A-206, B-300, C-150. Send the correct number to 555-DOC.",1
"Film Trivia: Which movie won the first-ever Academy Award for Best Picture? A-Gone with the Wind, B-Wings, C-The Jazz Singer. Reply now!",1
"US Presidents: Who was the 16th President of the United States? A-Lincoln, B-Roosevelt, C-Washington. Send last name to 177-USA.",1
"Music Icons: What was Elvis Presley's middle name? A-John, B-Aaron, C-David. Text your guess to GRACELAND.",1
"Science Quiz: What is the fastest land animal? A-Lion, B-Pronghorn, C-Cheetah. Send your answer to WILD-555.",1
Receipt 2/2: Your 'Daily Jokes' subscription is now active. Reply STOP to end.,1
Confirmation: Your order for the '8-bit Adventure' game is complete. It is being sent to your device.,1
Alert: Your new wallpaper pack 'City Nights' is being processed. Thank you for your order.,1
Order Update: Your 'Funny Sounds' pack purchase is confirmed and being prepared.,1
Recpt 1/2. Your order for a new voicemail greeting has been received. Processing...,1
Your subscription to 'Celebrity Gossip Weekly' has been activated. Awaiting processing.,1
Success! Your request for the 'Classic Rock Anthems' ringtone pack is in progress.,1
Receipt: You have successfully ordered the 'Ocean Waves' soundscape. Your order is being processed.,1
Thank you for your order. Your new 'Sci-Fi Alerts' notification tones are being processed.,1
Confirmation 1/3: Your purchase of a personalized horoscope reading is now processing.,1
Your order for the 'Retro Games' theme is now being processed... recpt 1/1.,1
Recpt: Your subscription to 'Daily Fitness Tips' has been confirmed and is being processed.,1
Order in progress: You have bought a 'Holiday Tunes' ringtone. Awaiting delivery.,1
Confirmation: Your request for the 'Nature Sounds' alarm clock pack is being processed.,1
Recpt 1/4: Your purchase of an exclusive artist wallpaper is being processed...,1
Your 'Movie Quotes' ringtone order has been accepted and is now in the processing queue.,1
Alert: Your new subscription for 'Recipe of the Day' is being processed. Thank you.,1
Receipt 2/3: You have ordered a new phone theme. Your order is being processed.,1
Your request for a 'Latin Dance' ringtone has been received and is processing...,1
Confirmation: You have ordered a custom avatar. Your order is now being processed.,1
recpt 1/1. your order for the 'Summer Hits 2024' ringtone is being processed...,1
Your subscription to our 'Daily Fun Facts' service is confirmed and being processed.,1
Order Confirmation: Your 'Epic Movie Trailers' ringtone is now being processed.,1
Receipt: Your purchase of the 'Cat Memes' wallpaper pack is processing...,1
You have ordered a '80s TV Themes' ringtone pack. Your order is currently being processed.,1
Recpt 3/3. Your order for the 'Calm Meditation' audio track is being processed.,1
Confirmation: Your subscription to 'Stock Market Alerts' has been received and is processing.,1
Your 'Hip Hop Beats' ringtone order is confirmed and being processed.,1
Receipt 1/2: Your 'Sports Highlights' video subscription is being processed...,1
Your order for the 'Electronic Dance' ringtone is now being processed. Thank you for your purchase.,1
recpt 1/3. you have ordered a video game walkthrough. your order is being processed...,1
Your subscription to 'Weather Alerts' is now being processed. A confirmation will follow.,1
Order confirmed: Your 'Classical Masterpieces' ringtone pack is being processed.,1
Recpt 1/5: You have purchased a 'Language Learning Tip of the Day'. Order is processing.,1
Your 'Stand-up Comedy Clip' ringtone is being processed. Enjoy the laughs soon!,1
Confirmation: Your order for a 'Pet Photo' wallpaper is now being processed.,1
recpt 2/4. you have subscribed to a daily puzzle. your order is being processed...,1
Your new 'Morning Motivation' alarm tone order has been received and is being processed.,1
Receipt: You have ordered the 'Top Pop Hits' ringtone. Processing will begin shortly.,1
Your subscription to 'Historical Events Today' is now processing. Enjoy your daily dose of history!,1
Order processing: Your 'Jungle Sounds' ringtone has been confirmed.,1
Recpt 1/2. You have ordered a 'Custom Name' ringtone. It is being created and processed...,1
Confirmation: Your new 'Car Engine Sounds' ringtone pack is being processed.,1
Your order for the 'Spooky Halloween' theme has been placed and is now processing.,1
Receipt: You have subscribed to our 'Word of the Day' service. The order is being processed.,1
Your 'Inspirational Quotes' wallpaper subscription is now processing. A confirmation will be sent.,1
recpt 1/3. you have ordered a love poem. your order is being written and processed...,1
Confirmation: Your order for the 'Smooth Jazz' ringtone collection is processing.,1
Your 'Video Game Sound FX' pack is being processed. Get ready for nostalgia!,1
Receipt: Your order for a 'Digital Pet' is now being processed. Your new friend is on the way!,1
Your download for a new game is ready! Access it at http//tms.gameload.net/index.wml?sid=998877&ref=sms,1
Click for your FREE polyphonic tone! http//tms.poly.com/index.wml?id=554433&c=poly_tone,1
Your exclusive wallpaper is waiting! Get it at http//tms.pixplace.com/index.wml?id=123abcde&r=true,1
Download the new hit single now! http//tms.musicload.co/index.wml?song=45678&user=guest,1
New levels unlocked for your game! Continue at http//tms.gamefun.net/index.wml?level=5&id=xyz123,1
Your daily horoscope is here! Read it at http//tms.starsign.com/index.wml?id=654321&sign=leo,1
You have received a new picture message! View it at http//tms.mmsview.com/index.wml?id=abcdef123,1
FREE GAME! Download 'Space Invaders 2' now: http//tms.freeplay.com/index.wml?id=78910&promo=true,1
Your custom logo has been created. Download: http//tms.logomaker.net/index.wml?id=fedcba&preview=true,1
Listen to your new voicemail: http//tms.voicemail.com/index.wml?id=112233&from=unknown,1
Get the latest sports scores! http//tms.sportslive.com/index.wml?id=445566&team=ARS,1
Your funny video of the day is here: http//tms.vidz.com/index.wml?id=778899&cat=funny,1
Claim your free voucher! http//tms.voucher.net/index.wml?id=aabbcc&offer=true,1
New Java Game ready for download! http//tms.javagames.com/index.wml?id=ddecde&game=racer,1
Your mobile theme has been updated. Preview at http//tms.themes.com/index.wml?id=ffgghh,1
You've been challenged to a game! Accept here: http//tms.gamebattle.com/index.wml?id=iiuutt,1
Your personalized news alert is ready. Read at http//tms.newsfeed.com/index.wml?id=987654,1
Get this Crazy Frog ringtone now! http//tms.crazyfrog.com/index.wml?id=zzxxcc&sound=axel_f,1
Your celebrity photo is here! View at http//tms.celebpics.com/index.wml?id=vvbbnn,1
Weather update for your area: http//tms.weather.com/index.wml?id=mmkkjj&loc=london,1
You've received an e-card! View it now: http//tms.ecard.com/index.wml?id=llppoo,1
Your prize is waiting! Claim it at http//tms.prizeworld.com/index.wml?id=12345&claim=true,1
Get the official movie wallpaper! http//tms.moviefone.com/index.wml?id=54321&movie=simpsons,1
Your new car game is ready! http//tms.carrace.com/index.wml?id=67890&start=true,1
Listen to the Top 10 chart now! http//tms.topcharts.com/index.wml?id=09876,1
Download a new screensaver! http//tms.screens.com/index.wml?id=poiuyt,1
You have a new friend request! View profile at http//tms.social.net/index.wml?id=lkjhg,1
Your IQ test results are ready. See them at http//tms.iqtest.com/index.wml?id=mnbvc,1
Get the latest football ringtone! http//tms.footy.com/index.wml?id=zaxscd&team=manu,1
Your daily comic strip is here! http//tms.comics.com/index.wml?id=qweasd,1
You've received a virtual gift! Open it at http//tms.gifts.com/index.wml?id=yuioph,1
New Joke of the Day! Laugh here: http//tms.jokes.com/index.wml?id=fghjkl,1
Your love compatibility test is done! See results at http//tms.lovecalc.com/index.wml?id=vbnm,1
Get a free travel guide! http//tms.travel.com/index.wml?id=zaqwsx,1
Your diet plan for today: http//tms.diet.com/index.wml?id=edcrfv,1
New TV show ringtone available! http//tms.tvtunes.com/index.wml?id=tgbhyn,1
Your lottery numbers are in! Check them at http//tms.lotto.com/index.wml?id=ujmikl,1
You have (1) new message from a secret admirer! Read at http//tms.secret.com/index.wml?id=edcftg,1
Your phone is at risk! Scan for viruses now: http//tms.security.com/index.wml?id=rfvgyh,1
Get a free daily recipe. Subscribe at http//tms.recipes.com/index.wml?id=bhnju,1
Your pet's virtual status update: http//tms.petgame.com/index.wml?id=ikmju,1
You've been sent a secret message. Decode it here: http//tms.secretmsg.com/index.wml?id=ytghb,1
Find out what your name means! http//tms.namemean.com/index.wml?id=rfvedc,1
Your phone can be faster! Download speed booster at http//tms.boost.com/index.wml?id=wsxcde,1
Get the sound of your favorite animal! http//tms.animals.com/index.wml?id=qazxsw,1
You have a new match! See your compatibility at http//tms.matchup.com/index.wml?id=plmokn,1
Your daily meditation guide is here: http//tms.calm.com/index.wml?id=ijnbhu,1
Learn a new word every day! http//tms.words.com/index.wml?id=ygvtfc,1
Get a cool animated emoji! http//tms.emojis.com/index.wml?id=rdxesz,1
Your celebrity look-alike result is ready! http//tms.lookalike.com/index.wml?id=waqjsx,1
